sample_id,algorithm,original_size,compressed_size,compression_ratio,compression_time_ms,decompression_time_ms,verified
sample_000000,gzip,16384,16407,1.00140380859375,0.2096,0.0084,True
sample_000000,bz2,16384,16853,1.02862548828125,2.4596,0.7452,True
sample_000000,lzma,16384,16444,1.003662109375,6.6678,0.0407,True
sample_000000,zstd,16384,16394,1.0006103515625,0.0229,0.0014,True
sample_000001,gzip,16384,5175,0.31585693359375,2.5616,0.0324,True
sample_000001,bz2,16384,4566,0.2786865234375,1.2654,0.3269,True
sample_000001,lzma,16384,4916,0.300048828125,8.3783,0.4928,True
sample_000001,zstd,16384,5509,0.33624267578125,0.0941,0.0312,True
sample_000002,gzip,16384,176,0.0107421875,0.0244,0.0069,True
sample_000002,bz2,16384,224,0.013671875,2.4521,0.1474,True
sample_000002,lzma,16384,188,0.011474609375,5.1727,0.2273,True
sample_000002,zstd,16384,84,0.005126953125,0.0161,0.0024,True
sample_000003,gzip,16384,209,0.01275634765625,0.2179,0.0161,True
sample_000003,bz2,16384,361,0.02203369140625,0.2396,0.0926,True
sample_000003,lzma,16384,236,0.014404296875,5.1826,0.0595,True
sample_000003,zstd,16384,189,0.01153564453125,0.0089,0.0042,True
sample_000004,gzip,16384,7163,0.43719482421875,0.5108,0.0432,True
sample_000004,bz2,16384,6057,0.36968994140625,1.1912,0.3594,True
sample_000004,lzma,16384,5944,0.36279296875,8.4823,0.336,True
sample_000004,zstd,16384,7360,0.44921875,0.2673,0.0579,True
sample_000005,gzip,16384,7836,0.478271484375,0.273,0.045,True
sample_000005,bz2,16384,7888,0.4814453125,1.7939,0.6703,True
sample_000005,lzma,16384,7284,0.444580078125,7.7301,0.9174,True
sample_000005,zstd,16384,7900,0.482177734375,0.101,0.0201,True
sample_000006,gzip,65536,65574,1.000579833984375,0.9966,0.0122,True
sample_000006,bz2,65536,66173,1.0097198486328125,6.1385,2.6253,True
sample_000006,lzma,65536,65600,1.0009765625,20.5893,0.1209,True
sample_000006,zstd,65536,65546,1.000152587890625,0.1895,0.0032,True
sample_000007,gzip,65536,38331,0.5848846435546875,2.5941,0.209,True
sample_000007,bz2,65536,33485,0.5109405517578125,4.0648,1.8016,True
sample_000007,lzma,65536,36892,0.56292724609375,19.0117,1.4773,True
sample_000007,zstd,65536,32809,0.5006256103515625,0.1945,0.0336,True
sample_000008,gzip,65536,432,0.006591796875,0.1658,0.0178,True
sample_000008,bz2,65536,433,0.0066070556640625,7.179,0.491,True
sample_000008,lzma,65536,280,0.0042724609375,5.6181,0.1505,True
sample_000008,zstd,65536,148,0.00225830078125,0.1076,0.0023,True
sample_000009,gzip,65536,2098,0.032012939453125,1.759,0.0243,True
sample_000009,bz2,65536,2685,0.0409698486328125,0.9054,0.2695,True
sample_000009,lzma,65536,1628,0.02484130859375,12.5277,0.3184,True
sample_000009,zstd,65536,1509,0.0230255126953125,0.1302,0.0232,True
sample_000010,gzip,65536,27097,0.4134674072265625,3.8156,0.222,True
sample_000010,bz2,65536,23018,0.351226806640625,3.8838,1.5645,True
sample_000010,lzma,65536,21132,0.32244873046875,18.1449,1.5936,True
sample_000010,zstd,65536,27453,0.4188995361328125,0.4869,0.0754,True
sample_000011,gzip,65536,20489,0.3126373291015625,4.4687,0.123,True
sample_000011,bz2,65536,20160,0.3076171875,9.6159,1.8269,True
sample_000011,lzma,65536,18464,0.28173828125,19.7652,1.04,True
sample_000011,zstd,65536,20234,0.308746337890625,0.4067,0.0667,True
sample_000012,gzip,262144,262242,1.0003738403320312,4.4957,0.3381,True
sample_000012,bz2,262144,263750,1.0061264038085938,21.2648,12.358,True
sample_000012,lzma,262144,262216,1.000274658203125,62.5379,0.4005,True
sample_000012,zstd,262144,262159,1.0000572204589844,0.3029,0.0052,True
sample_000013,gzip,262144,112746,0.43009185791015625,50.0446,0.8096,True
sample_000013,bz2,262144,101835,0.3884696960449219,17.8171,8.6887,True
sample_000013,lzma,262144,107428,0.4098052978515625,94.9615,7.0242,True
sample_000013,zstd,262144,117195,0.4470634460449219,3.7496,0.9802,True
sample_000014,gzip,262144,430,0.00164031982421875,0.4125,0.2894,True
sample_000014,bz2,262144,72,0.000274658203125,42.9837,2.0635,True
sample_000014,lzma,262144,180,0.0006866455078125,10.0481,0.911,True
sample_000014,zstd,262144,40,0.000152587890625,0.326,0.0587,True
sample_000015,gzip,262144,32329,0.12332534790039062,11.1672,0.3642,True
sample_000015,bz2,262144,23871,0.09106063842773438,6.4262,4.113,True
sample_000015,lzma,262144,21416,0.081695556640625,111.695,2.7803,True
sample_000015,zstd,262144,20787,0.07929611206054688,0.9554,0.4493,True
sample_000016,gzip,262144,34871,0.13302230834960938,11.5061,0.3377,True
sample_000016,bz2,262144,25577,0.09756851196289062,32.5696,8.318,True
sample_000016,lzma,262144,26352,0.10052490234375,137.9718,2.7477,True
sample_000016,zstd,262144,43218,0.16486358642578125,1.6719,0.5561,True
sample_000017,gzip,262144,108105,0.4123878479003906,10.2641,0.8608,True
sample_000017,bz2,262144,102902,0.39253997802734375,44.9213,5.6212,True
sample_000017,lzma,262144,99380,0.3791046142578125,49.052,7.9065,True
sample_000017,zstd,262144,109038,0.41594696044921875,1.7074,0.3423,True
sample_000018,gzip,1048576,1048914,1.0003223419189453,23.3881,1.2882,True
sample_000018,bz2,1048576,1053186,1.0043964385986328,138.9018,73.9147,True
sample_000018,lzma,1048576,1048688,1.0001068115234375,321.6824,2.1169,True
sample_000018,zstd,1048576,1048609,1.0000314712524414,1.1187,0.3621,True
sample_000019,gzip,1048576,300724,0.2867927551269531,1016.3261,3.3192,True
sample_000019,bz2,1048576,286837,0.27354907989501953,111.3843,59.5553,True
sample_000019,lzma,1048576,287476,0.2741584777832031,873.7691,19.4263,True
sample_000019,zstd,1048576,324513,0.3094797134399414,8.4445,2.7859,True
sample_000020,gzip,1048576,1056,0.001007080078125,2.6813,0.9318,True
sample_000020,bz2,1048576,90,8.58306884765625e-05,209.0349,6.8771,True
sample_000020,lzma,1048576,288,0.000274658203125,19.9571,2.9829,True
sample_000020,zstd,1048576,108,0.000102996826171875,0.6282,0.63,True
sample_000021,gzip,1048576,33689,0.032128334045410156,44.8857,0.7527,True
sample_000021,bz2,1048576,29472,0.028106689453125,10.3178,5.0462,True
sample_000021,lzma,1048576,25224,0.02405548095703125,170.5628,4.9981,True
sample_000021,zstd,1048576,27045,0.02579212188720703,1.5584,0.5944,True
sample_000022,gzip,1048576,396027,0.37768077850341797,135.5557,4.3173,True
sample_000022,bz2,1048576,342674,0.3267993927001953,96.8441,50.0511,True
sample_000022,lzma,1048576,295720,0.28202056884765625,678.0229,26.0374,True
sample_000022,zstd,1048576,437473,0.4172067642211914,8.9705,3.4445,True
sample_000023,gzip,1048576,419769,0.40032291412353516,58.6473,3.0787,True
sample_000023,bz2,1048576,404172,0.3854484558105469,244.9019,36.6343,True
sample_000023,lzma,1048576,386324,0.3684272766113281,229.961,20.0081,True
sample_000023,zstd,1048576,407713,0.3888254165649414,6.7148,1.5481,True
sample_000024,gzip,16384,16407,1.00140380859375,0.2866,0.0131,True
sample_000024,bz2,16384,16857,1.02886962890625,4.0525,0.5946,True
sample_000024,lzma,16384,16444,1.003662109375,10.2962,0.1103,True
sample_000024,zstd,16384,16394,1.0006103515625,0.0418,0.0031,True
sample_000025,gzip,16384,7563,0.46160888671875,1.2213,0.0808,True
sample_000025,bz2,16384,6447,0.39349365234375,1.545,0.7209,True
sample_000025,lzma,16384,7260,0.443115234375,9.6867,0.535,True
sample_000025,zstd,16384,7380,0.450439453125,0.2814,0.0299,True
sample_000026,gzip,16384,272,0.0166015625,0.0258,0.0069,True
sample_000026,bz2,16384,381,0.02325439453125,3.592,0.2969,True
sample_000026,lzma,16384,256,0.015625,5.4998,0.0818,True
sample_000026,zstd,16384,148,0.009033203125,0.0179,0.0034,True
sample_000027,gzip,16384,200,0.01220703125,0.2199,0.0156,True
sample_000027,bz2,16384,348,0.021240234375,0.2567,0.0975,True
sample_000027,lzma,16384,232,0.01416015625,5.9931,0.0998,True
sample_000027,zstd,16384,179,0.01092529296875,0.02,0.009,True
sample_000028,gzip,16384,7155,0.43670654296875,0.9893,0.0605,True
sample_000028,bz2,16384,6055,0.36956787109375,2.1837,0.4515,True
sample_000028,lzma,16384,5912,0.36083984375,10.8118,0.6081,True
sample_000028,zstd,16384,7365,0.44952392578125,0.2431,0.0531,True
sample_000029,gzip,16384,4963,0.30291748046875,0.6659,0.0387,True
sample_000029,bz2,16384,5144,0.31396484375,4.9772,0.5455,True
sample_000029,lzma,16384,4620,0.281982421875,9.1579,0.4457,True
sample_000029,zstd,16384,4876,0.297607421875,0.0774,0.018,True
sample_000030,gzip,65536,65574,1.000579833984375,1.8472,0.0271,True
sample_000030,bz2,65536,66187,1.0099334716796875,10.2969,4.2301,True
sample_000030,lzma,65536,65600,1.0009765625,25.4558,0.12,True
sample_000030,zstd,65536,65546,1.000152587890625,0.1517,0.0019,True
sample_000031,gzip,65536,19774,0.301727294921875,48.9535,0.1557,True
sample_000031,bz2,65536,18026,0.275054931640625,5.7831,1.9986,True
sample_000031,lzma,65536,18600,0.2838134765625,29.4567,1.3428,True
sample_000031,zstd,65536,21478,0.327728271484375,0.5683,0.0764,True
sample_000032,gzip,65536,143,0.0021820068359375,0.1698,0.0274,True
sample_000032,bz2,65536,70,0.001068115234375,11.0232,0.6116,True
sample_000032,lzma,65536,152,0.0023193359375,6.3681,0.2345,True
sample_000032,zstd,65536,26,0.000396728515625,0.1701,0.0325,True
sample_000033,gzip,65536,2145,0.0327301025390625,2.5166,0.0554,True
sample_000033,bz2,65536,2761,0.0421295166015625,1.6604,0.4709,True
sample_000033,lzma,65536,1660,0.02532958984375,16.8965,0.4033,True
sample_000033,zstd,65536,1539,0.0234832763671875,0.2045,0.0842,True
sample_000034,gzip,65536,27131,0.4139862060546875,6.7572,0.2913,True
sample_000034,bz2,65536,22883,0.3491668701171875,6.4059,2.6968,True
sample_000034,lzma,65536,20972,0.32000732421875,26.5933,2.0663,True
sample_000034,zstd,65536,27341,0.4171905517578125,1.0353,0.1778,True
sample_000035,gzip,65536,27228,0.41546630859375,3.7647,0.1716,True
sample_000035,bz2,65536,25659,0.3915252685546875,14.3084,2.3732,True
sample_000035,lzma,65536,23320,0.3558349609375,22.5313,1.2404,True
sample_000035,zstd,65536,27687,0.4224700927734375,0.6034,0.1491,True
sample_000036,gzip,262144,262242,1.0003738403320312,7.871,0.4153,True
sample_000036,bz2,262144,263738,1.0060806274414062,35.9416,15.7362,True
sample_000036,lzma,262144,262216,1.000274658203125,81.7081,0.4341,True
sample_000036,zstd,262144,262159,1.0000572204589844,0.4076,0.0577,True
sample_000037,gzip,262144,150819,0.5753288269042969,16.7244,1.3038,True
sample_000037,bz2,262144,133618,0.5097122192382812,25.1172,11.8363,True
sample_000037,lzma,262144,143392,0.5469970703125,100.7692,7.5953,True
sample_000037,zstd,262144,149085,0.5687141418457031,4.8995,0.4537,True
sample_000038,gzip,262144,889,0.003391265869140625,0.6611,0.2218,True
sample_000038,bz2,262144,258,0.00098419189453125,53.3484,4.1202,True
sample_000038,lzma,262144,240,0.00091552734375,9.5288,0.56,True
sample_000038,zstd,262144,98,0.00037384033203125,0.182,0.0085,True
sample_000039,gzip,262144,2491,0.009502410888671875,8.4249,0.2478,True
sample_000039,bz2,262144,3845,0.014667510986328125,2.9744,1.1377,True
sample_000039,lzma,262144,2124,0.0081024169921875,17.4282,1.0891,True
sample_000039,zstd,262144,1831,0.006984710693359375,0.3465,0.1204,True
sample_000040,gzip,262144,102422,0.39070892333984375,31.2786,1.1178,True
sample_000040,bz2,262144,89014,0.33956146240234375,22.1026,10.9027,True
sample_000040,lzma,262144,77908,0.2971954345703125,108.4133,7.6187,True
sample_000040,zstd,262144,114738,0.43769073486328125,3.4923,0.7698,True
sample_000041,gzip,262144,108441,0.4136695861816406,11.9835,1.0015,True
sample_000041,bz2,262144,103383,0.3943748474121094,52.5457,7.6838,True
sample_000041,lzma,262144,99788,0.3806610107421875,51.533,8.9463,True
sample_000041,zstd,262144,109337,0.4170875549316406,2.1866,0.3736,True
sample_000042,gzip,1048576,1048914,1.0003223419189453,31.5952,1.3864,True
sample_000042,bz2,1048576,1053805,1.0049867630004883,158.9506,72.899,True
sample_000042,lzma,1048576,1048688,1.0001068115234375,325.5427,2.3432,True
sample_000042,zstd,1048576,1048609,1.0000314712524414,1.508,0.4364,True
sample_000043,gzip,1048576,157123,0.14984416961669922,1450.0146,1.7134,True
sample_000043,bz2,1048576,167961,0.16018009185791016,94.3708,52.8833,True
sample_000043,lzma,1048576,143060,0.13643264770507812,1119.7514,9.6903,True
sample_000043,zstd,1048576,195876,0.18680191040039062,5.4081,2.3526,True
sample_000044,gzip,1048576,1573,0.0015001296997070312,1.3844,0.8274,True
sample_000044,bz2,1048576,137,0.00013065338134765625,217.7045,5.6644,True
sample_000044,lzma,1048576,292,0.000278472900390625,22.0261,3.0666,True
sample_000044,zstd,1048576,112,0.0001068115234375,0.7151,0.8095,True
sample_000045,gzip,1048576,130218,0.12418556213378906,42.3089,1.5638,True
sample_000045,bz2,1048576,88534,0.08443260192871094,18.126,11.037,True
sample_000045,lzma,1048576,85720,0.08174896240234375,437.2656,10.0017,True
sample_000045,zstd,1048576,87996,0.08391952514648438,3.0263,1.9175,True
sample_000046,gzip,1048576,137285,0.13092517852783203,39.2262,1.8659,True
sample_000046,bz2,1048576,80717,0.07697772979736328,144.0816,38.5259,True
sample_000046,lzma,1048576,102996,0.09822463989257812,627.9773,10.0433,True
sample_000046,zstd,1048576,169172,0.16133499145507812,6.0796,2.4757,True
sample_000047,gzip,1048576,414381,0.3951845169067383,84.6855,1.8709,True
sample_000047,bz2,1048576,400547,0.3819913864135742,269.7636,40.0637,True
sample_000047,lzma,1048576,380852,0.3632087707519531,295.3799,16.0794,True
sample_000047,zstd,1048576,408091,0.38918590545654297,6.9989,1.7941,True
sample_000048,gzip,16384,16407,1.00140380859375,0.311,0.0118,True
sample_000048,bz2,16384,16840,1.02783203125,3.6427,1.1181,True
sample_000048,lzma,16384,16444,1.003662109375,10.7198,0.068,True
sample_000048,zstd,16384,16394,1.0006103515625,0.1407,0.0032,True
sample_000049,gzip,16384,5182,0.3162841796875,3.7993,0.0323,True
sample_000049,bz2,16384,4568,0.27880859375,2.1906,0.6099,True
sample_000049,lzma,16384,4932,0.301025390625,11.0242,0.4128,True
sample_000049,zstd,16384,5552,0.3388671875,0.1629,0.0564,True
sample_000050,gzip,16384,269,0.01641845703125,0.054,0.0285,True
sample_000050,bz2,16384,380,0.023193359375,3.6257,0.3136,True
sample_000050,lzma,16384,256,0.015625,5.8235,0.1077,True
sample_000050,zstd,16384,148,0.009033203125,0.03,0.005,True
sample_000051,gzip,16384,1934,0.1180419921875,0.4738,0.0295,True
sample_000051,bz2,16384,2412,0.147216796875,1.1455,0.3843,True
sample_000051,lzma,16384,1464,0.08935546875,11.6536,0.2253,True
sample_000051,zstd,16384,1327,0.08099365234375,0.0533,0.0496,True
sample_000052,gzip,16384,7124,0.434814453125,0.9533,0.1145,True
sample_000052,bz2,16384,6070,0.3704833984375,2.3947,0.7068,True
sample_000052,lzma,16384,5916,0.361083984375,10.7963,0.6788,True
sample_000052,zstd,16384,7370,0.4498291015625,0.2462,0.059,True
sample_000053,gzip,16384,5423,0.33099365234375,0.6291,0.0243,True
sample_000053,bz2,16384,6093,0.37188720703125,2.7007,0.6802,True
sample_000053,lzma,16384,4964,0.302978515625,10.1107,0.4972,True
sample_000053,zstd,16384,5296,0.3232421875,0.0912,0.026,True
sample_000054,gzip,65536,65574,1.000579833984375,2.0294,0.0341,True
sample_000054,bz2,65536,66192,1.010009765625,10.9556,4.7849,True
sample_000054,lzma,65536,65600,1.0009765625,26.3924,0.1595,True
sample_000054,zstd,65536,65546,1.000152587890625,0.0803,0.0117,True
sample_000055,gzip,65536,29311,0.4472503662109375,15.8215,0.1819,True
sample_000055,bz2,65536,25549,0.3898468017578125,6.6099,2.7184,True
sample_000055,lzma,65536,27544,0.4202880859375,25.4284,1.8267,True
sample_000055,zstd,65536,28221,0.4306182861328125,0.505,0.1055,True
sample_000056,gzip,65536,320,0.0048828125,0.1979,0.0395,True
sample_000056,bz2,65536,246,0.003753662109375,13.9317,1.0652,True
sample_000056,lzma,65536,212,0.00323486328125,6.6143,0.2746,True
sample_000056,zstd,65536,84,0.00128173828125,0.049,0.0097,True
sample_000057,gzip,65536,8061,0.1230010986328125,2.3304,0.0977,True
sample_000057,bz2,65536,7078,0.108001708984375,2.6223,0.8301,True
sample_000057,lzma,65536,5472,0.08349609375,29.2798,0.7162,True
sample_000057,zstd,65536,5217,0.0796051025390625,0.1886,0.0905,True
sample_000058,gzip,65536,9065,0.1383209228515625,1.1857,0.0567,True
sample_000058,bz2,65536,5834,0.089019775390625,6.0902,1.2981,True
sample_000058,lzma,65536,7716,0.11773681640625,28.5473,0.4884,True
sample_000058,zstd,65536,10820,0.16510009765625,0.2831,0.1071,True
sample_000059,gzip,65536,22904,0.3494873046875,5.4694,0.1346,True
sample_000059,bz2,65536,21452,0.32733154296875,11.168,1.6253,True
sample_000059,lzma,65536,20912,0.319091796875,19.4498,1.6996,True
sample_000059,zstd,65536,23767,0.3626556396484375,0.2264,0.0913,True
sample_000060,gzip,262144,262242,1.0003738403320312,7.6378,0.3123,True
sample_000060,bz2,262144,263750,1.0061264038085938,36.2636,15.9233,True
sample_000060,lzma,262144,262216,1.000274658203125,83.6923,0.3583,True
sample_000060,zstd,262144,262159,1.0000572204589844,0.5925,0.0445,True
sample_000061,gzip,262144,76010,0.28995513916015625,266.4631,0.7767,True
sample_000061,bz2,262144,71743,0.2736778259277344,27.7779,11.2914,True
sample_000061,lzma,262144,72892,0.2780609130859375,153.146,5.4298,True
sample_000061,zstd,262144,85826,0.32740020751953125,3.126,0.6564,True
sample_000062,gzip,262144,1099,0.004192352294921875,0.9314,0.2214,True
sample_000062,bz2,262144,473,0.001804351806640625,63.0562,4.5075,True
sample_000062,lzma,262144,312,0.001190185546875,10.4386,0.4052,True
sample_000062,zstd,262144,162,0.00061798095703125,0.3441,0.0275,True
sample_000063,gzip,262144,32395,0.12357711791992188,10.6718,0.3567,True
sample_000063,bz2,262144,23925,0.09126663208007812,6.8184,3.0226,True
sample_000063,lzma,262144,21444,0.0818023681640625,91.7808,2.6957,True
sample_000063,zstd,262144,20826,0.07944488525390625,1.1343,0.4169,True
sample_000064,gzip,262144,34811,0.13279342651367188,10.2379,0.487,True
sample_000064,bz2,262144,21062,0.08034515380859375,31.1127,5.8762,True
sample_000064,lzma,262144,27688,0.105621337890625,128.1075,2.868,True
sample_000064,zstd,262144,42596,0.1624908447265625,1.4609,0.5181,True
sample_000065,gzip,262144,72051,0.2748527526855469,61.0514,0.408,True
sample_000065,bz2,262144,68354,0.26074981689453125,59.0952,7.0004,True
sample_000065,lzma,262144,67404,0.2571258544921875,72.1995,5.7961,True
sample_000065,zstd,262144,73322,0.27970123291015625,1.0627,0.2467,True
sample_000066,gzip,1048576,1048914,1.0003223419189453,33.94,1.491,True
sample_000066,bz2,1048576,1053712,1.0048980712890625,177.472,181.1669,True
sample_000066,lzma,1048576,1048688,1.0001068115234375,338.5941,2.2254,True
sample_000066,zstd,1048576,1048609,1.0000314712524414,1.0465,0.4385,True
sample_000067,gzip,1048576,157171,0.14988994598388672,1578.1746,1.8991,True
sample_000067,bz2,1048576,168011,0.16022777557373047,101.0741,116.6597,True
sample_000067,lzma,1048576,143208,0.13657379150390625,1206.6444,9.603,True
sample_000067,zstd,1048576,195942,0.18686485290527344,5.2218,2.572,True
sample_000068,gzip,1048576,3766,0.0035915374755859375,2.8555,0.8916,True
sample_000068,bz2,1048576,1054,0.0010051727294921875,396.8735,11.3231,True
sample_000068,lzma,1048576,420,0.000400543212890625,22.1355,3.264,True
sample_000068,zstd,1048576,234,0.0002231597900390625,0.6098,0.4356,True
sample_000069,gzip,1048576,9590,0.009145736694335938,37.9841,0.9714,True
sample_000069,bz2,1048576,11428,0.010898590087890625,9.2779,4.5686,True
sample_000069,lzma,1048576,7948,0.007579803466796875,62.0394,3.8379,True
sample_000069,zstd,1048576,9502,0.009061813354492188,0.849,0.9978,True
sample_000070,gzip,1048576,396118,0.37776756286621094,144.6041,4.1285,True
sample_000070,bz2,1048576,342074,0.32622718811035156,103.2898,50.6505,True
sample_000070,lzma,1048576,295396,0.2817115783691406,780.8556,26.9499,True
sample_000070,zstd,1048576,437580,0.4173088073730469,12.1893,3.6046,True
sample_000071,gzip,1048576,304305,0.2902078628540039,221.2615,1.1959,True
sample_000071,bz2,1048576,297519,0.2837362289428711,295.1057,36.8524,True
sample_000071,lzma,1048576,292364,0.2788200378417969,297.038,14.32,True
sample_000071,zstd,1048576,313676,0.2991447448730469,4.2593,1.395,True
sample_000072,gzip,16384,16407,1.00140380859375,0.1839,0.0047,True
sample_000072,bz2,16384,16837,1.02764892578125,3.853,0.9463,True
sample_000072,lzma,16384,16444,1.003662109375,10.2985,0.0463,True
sample_000072,zstd,16384,16394,1.0006103515625,0.0213,0.0014,True
sample_000073,gzip,16384,7568,0.4619140625,1.2496,0.0394,True
sample_000073,bz2,16384,6452,0.393798828125,2.0727,0.4607,True
sample_000073,lzma,16384,7264,0.443359375,10.1363,0.6554,True
sample_000073,zstd,16384,7369,0.44976806640625,0.2867,0.0652,True
sample_000074,gzip,16384,95,0.00579833984375,0.0518,0.0097,True
sample_000074,bz2,16384,95,0.00579833984375,3.9026,0.3325,True
sample_000074,lzma,16384,136,0.00830078125,5.9952,0.0726,True
sample_000074,zstd,16384,34,0.0020751953125,0.0103,0.0032,True
sample_000075,gzip,16384,1897,0.11578369140625,0.4217,0.0296,True
sample_000075,bz2,16384,2379,0.14520263671875,1.1424,0.2688,True
sample_000075,lzma,16384,1452,0.088623046875,10.9636,0.173,True
sample_000075,zstd,16384,1316,0.080322265625,0.0313,0.0183,True
sample_000076,gzip,16384,7136,0.435546875,0.839,0.0573,True
sample_000076,bz2,16384,6068,0.370361328125,2.1913,0.5952,True
sample_000076,lzma,16384,5940,0.362548828125,9.7589,0.6188,True
sample_000076,zstd,16384,7358,0.4490966796875,0.2101,0.0515,True
sample_000077,gzip,16384,4988,0.304443359375,0.6419,0.0231,True
sample_000077,bz2,16384,5357,0.32696533203125,2.35,0.5337,True
sample_000077,lzma,16384,4656,0.2841796875,8.0709,0.2295,True
sample_000077,zstd,16384,4973,0.30352783203125,0.0319,0.008,True
sample_000078,gzip,65536,65574,1.000579833984375,1.9012,0.0111,True
sample_000078,bz2,65536,66201,1.0101470947265625,10.6877,4.1808,True
sample_000078,lzma,65536,65600,1.0009765625,23.77,0.1755,True
sample_000078,zstd,65536,65546,1.000152587890625,0.3835,0.0095,True
sample_000079,gzip,65536,29266,0.446563720703125,8.5527,0.1597,True
sample_000079,bz2,65536,25570,0.390167236328125,4.4397,1.9981,True
sample_000079,lzma,65536,27444,0.41876220703125,23.2083,2.0934,True
sample_000079,zstd,65536,28217,0.4305572509765625,0.8678,0.2036,True
sample_000080,gzip,65536,317,0.0048370361328125,0.1117,0.017,True
sample_000080,bz2,65536,246,0.003753662109375,9.6848,0.4116,True
sample_000080,lzma,65536,212,0.00323486328125,7.0913,0.2699,True
sample_000080,zstd,65536,84,0.00128173828125,0.0493,0.0123,True
sample_000081,gzip,65536,8158,0.124481201171875,2.3197,0.0493,True
sample_000081,bz2,65536,7111,0.1085052490234375,2.8772,0.8576,True
sample_000081,lzma,65536,5504,0.083984375,22.1031,0.745,True
sample_000081,zstd,65536,5255,0.0801849365234375,0.1611,0.124,True
sample_000082,gzip,65536,27096,0.4134521484375,6.994,0.3027,True
sample_000082,bz2,65536,22926,0.349822998046875,6.6346,2.7174,True
sample_000082,lzma,65536,20940,0.31951904296875,21.7761,1.8651,True
sample_000082,zstd,65536,27306,0.416656494140625,0.5744,0.0725,True
sample_000083,gzip,65536,23511,0.3587493896484375,6.3059,0.1807,True
sample_000083,bz2,65536,21952,0.3349609375,13.0873,2.3447,True
sample_000083,lzma,65536,20704,0.31591796875,24.172,1.7887,True
sample_000083,zstd,65536,24212,0.36944580078125,0.2922,0.1083,True
sample_000084,gzip,262144,262242,1.0003738403320312,7.3024,0.4066,True
sample_000084,bz2,262144,263728,1.00604248046875,36.2212,18.2566,True
sample_000084,lzma,262144,262216,1.000274658203125,86.372,0.7374,True
sample_000084,zstd,262144,262159,1.0000572204589844,0.7329,0.038,True
sample_000085,gzip,262144,112812,0.4303436279296875,46.042,0.7207,True
sample_000085,bz2,262144,101821,0.3884162902832031,24.963,11.1887,True
sample_000085,lzma,262144,107584,0.410400390625,111.7337,5.295,True
sample_000085,zstd,262144,117438,0.44799041748046875,3.632,0.5958,True
sample_000086,gzip,262144,295,0.001125335693359375,0.7587,0.1815,True
sample_000086,bz2,262144,55,0.000209808349609375,37.3396,1.2522,True
sample_000086,lzma,262144,176,0.00067138671875,8.344,0.8251,True
sample_000086,zstd,262144,36,0.0001373291015625,0.3912,0.0864,True
sample_000087,gzip,262144,8446,0.03221893310546875,10.1287,0.1656,True
sample_000087,bz2,262144,8499,0.032421112060546875,4.0794,1.7835,True
sample_000087,lzma,262144,6280,0.023956298828125,53.5243,1.4716,True
sample_000087,zstd,262144,6072,0.023162841796875,0.3264,0.0916,True
sample_000088,gzip,262144,102452,0.3908233642578125,28.0005,1.1779,True
sample_000088,bz2,262144,88968,0.339385986328125,22.2841,9.5111,True
sample_000088,lzma,262144,77732,0.2965240478515625,121.9298,6.5631,True
sample_000088,zstd,262144,114576,0.43707275390625,3.5583,0.9352,True
sample_000089,gzip,262144,92942,0.35454559326171875,11.7982,0.5164,True
sample_000089,bz2,262144,89225,0.3403663635253906,56.4746,8.4872,True
sample_000089,lzma,262144,86320,0.32928466796875,69.7472,6.871,True
sample_000089,zstd,262144,97884,0.3733978271484375,1.6448,0.2513,True
sample_000090,gzip,1048576,1048914,1.0003223419189453,34.1236,1.1073,True
sample_000090,bz2,1048576,1053458,1.0046558380126953,158.8879,103.0922,True
sample_000090,lzma,1048576,1048688,1.0001068115234375,355.1546,1.9433,True
sample_000090,zstd,1048576,1048609,1.0000314712524414,1.3993,0.3315,True
sample_000091,gzip,1048576,300728,0.28679656982421875,1180.4545,2.9776,True
sample_000091,bz2,1048576,286751,0.2734670639038086,104.7432,59.4241,True
sample_000091,lzma,1048576,287684,0.2743568420410156,976.0856,18.0478,True
sample_000091,zstd,1048576,325502,0.3104228973388672,9.8762,2.5799,True
sample_000092,gzip,1048576,1574,0.0015010833740234375,2.6407,0.8683,True
sample_000092,bz2,1048576,139,0.00013256072998046875,217.4471,6.7276,True
sample_000092,lzma,1048576,292,0.000278472900390625,23.3763,3.4014,True
sample_000092,zstd,1048576,112,0.0001068115234375,0.6137,0.7814,True
sample_000093,gzip,1048576,9459,0.009020805358886719,31.4559,0.5735,True
sample_000093,bz2,1048576,11333,0.010807991027832031,7.5889,4.2353,True
sample_000093,lzma,1048576,7896,0.00753021240234375,57.7906,4.1332,True
sample_000093,zstd,1048576,9460,0.009021759033203125,0.4982,0.8116,True
sample_000094,gzip,1048576,136971,0.13062572479248047,34.8935,1.8478,True
sample_000094,bz2,1048576,104646,0.09979820251464844,145.6209,36.2714,True
sample_000094,lzma,1048576,100344,0.09569549560546875,617.5018,8.4562,True
sample_000094,zstd,1048576,172454,0.16446495056152344,4.2814,1.7555,True
sample_000095,gzip,1048576,331741,0.3163728713989258,56.1664,1.3707,True
sample_000095,bz2,1048576,318846,0.3040752410888672,238.7679,28.4929,True
sample_000095,lzma,1048576,318872,0.30410003662109375,215.9743,10.0877,True
sample_000095,zstd,1048576,338398,0.3227214813232422,4.3556,1.359,True
sample_000096,gzip,16384,16407,1.00140380859375,0.2623,0.0102,True
sample_000096,bz2,16384,16868,1.029541015625,3.1376,0.9666,True
sample_000096,lzma,16384,16444,1.003662109375,9.4002,0.0588,True
sample_000096,zstd,16384,16394,1.0006103515625,0.0304,0.0027,True
sample_000097,gzip,16384,5187,0.31658935546875,2.77,0.0532,True
sample_000097,bz2,16384,4563,0.27850341796875,2.2016,0.6003,True
sample_000097,lzma,16384,4920,0.30029296875,10.4869,0.419,True
sample_000097,zstd,16384,5524,0.337158203125,0.1864,0.0644,True
sample_000098,gzip,16384,123,0.00750732421875,0.0515,0.0206,True
sample_000098,bz2,16384,142,0.0086669921875,3.8323,0.283,True
sample_000098,lzma,16384,156,0.009521484375,5.1335,0.1012,True
sample_000098,zstd,16384,51,0.00311279296875,0.0207,0.0048,True
sample_000099,gzip,16384,1930,0.1177978515625,0.2687,0.0287,True
sample_000099,bz2,16384,2421,0.14776611328125,1.1328,0.2492,True
sample_000099,lzma,16384,1476,0.090087890625,9.4,0.1128,True
sample_000099,zstd,16384,1333,0.08135986328125,0.0283,0.015,True
sample_000100,gzip,16384,7157,0.43682861328125,0.5005,0.041,True
sample_000100,bz2,16384,6056,0.36962890625,2.0534,0.61,True
sample_000100,lzma,16384,5940,0.362548828125,9.8254,0.53,True
sample_000100,zstd,16384,7398,0.4515380859375,0.1872,0.0475,True
sample_000101,gzip,16384,6544,0.3994140625,0.316,0.0422,True
sample_000101,bz2,16384,6683,0.40789794921875,4.1984,0.4985,True
sample_000101,lzma,16384,5984,0.365234375,8.6933,0.2847,True
sample_000101,zstd,16384,6477,0.39532470703125,0.0674,0.0245,True
sample_000102,gzip,65536,65574,1.000579833984375,1.6811,0.0299,True
sample_000102,bz2,65536,66180,1.00982666015625,8.9222,2.9208,True
sample_000102,lzma,65536,65600,1.0009765625,21.0393,0.1646,True
sample_000102,zstd,65536,65546,1.000152587890625,0.0712,0.0054,True
sample_000103,gzip,65536,29265,0.4465484619140625,9.1933,0.2193,True
sample_000103,bz2,65536,25582,0.390350341796875,6.1638,2.4212,True
sample_000103,lzma,65536,27500,0.41961669921875,20.5359,1.7762,True
sample_000103,zstd,65536,28251,0.4310760498046875,0.7746,0.173,True
sample_000104,gzip,65536,437,0.0066680908203125,0.2068,0.0299,True
sample_000104,bz2,65536,446,0.006805419921875,13.601,0.9818,True
sample_000104,lzma,65536,280,0.0042724609375,6.3303,0.3201,True
sample_000104,zstd,65536,148,0.00225830078125,0.0374,0.0336,True
sample_000105,gzip,65536,2129,0.0324859619140625,2.3369,0.0473,True
sample_000105,bz2,65536,2707,0.0413055419921875,1.222,0.4078,True
sample_000105,lzma,65536,1648,0.025146484375,16.0474,0.3356,True
sample_000105,zstd,65536,1528,0.0233154296875,0.0602,0.0428,True
sample_000106,gzip,65536,9066,0.138336181640625,2.2205,0.0841,True
sample_000106,bz2,65536,6662,0.101654052734375,6.4984,1.4518,True
sample_000106,lzma,65536,7432,0.1134033203125,27.3585,0.7258,True
sample_000106,zstd,65536,10752,0.1640625,0.2736,0.089,True
sample_000107,gzip,65536,23249,0.3547515869140625,3.3609,0.0958,True
sample_000107,bz2,65536,22339,0.3408660888671875,8.5338,1.889,True
sample_000107,lzma,65536,20604,0.31439208984375,19.4642,1.3721,True
sample_000107,zstd,65536,23889,0.3645172119140625,0.2007,0.045,True
sample_000108,gzip,262144,262242,1.0003738403320312,5.6365,0.5204,True
sample_000108,bz2,262144,263732,1.0060577392578125,32.0071,13.9074,True
sample_000108,lzma,262144,262216,1.000274658203125,75.499,0.4746,True
sample_000108,zstd,262144,262159,1.0000572204589844,0.3026,0.0052,True
sample_000109,gzip,262144,39745,0.15161514282226562,317.5768,0.4163,True
sample_000109,bz2,262144,42050,0.16040802001953125,16.9101,8.3874,True
sample_000109,lzma,262144,36684,0.1399383544921875,184.2884,2.8451,True
sample_000109,zstd,262144,48993,0.18689346313476562,1.5873,0.5719,True
sample_000110,gzip,262144,891,0.003398895263671875,0.8014,0.1689,True
sample_000110,bz2,262144,261,0.000995635986328125,50.8561,4.1261,True
sample_000110,lzma,262144,240,0.00091552734375,8.4681,0.7486,True
sample_000110,zstd,262144,98,0.00037384033203125,0.2876,0.019,True
sample_000111,gzip,262144,32577,0.12427139282226562,8.5352,0.2881,True
sample_000111,bz2,262144,24019,0.09162521362304688,4.1527,1.5927,True
sample_000111,lzma,262144,21552,0.08221435546875,95.4757,2.4852,True
sample_000111,zstd,262144,20916,0.0797882080078125,0.5077,0.3428,True
sample_000112,gzip,262144,102303,0.3902549743652344,26.1187,0.9502,True
sample_000112,bz2,262144,88955,0.3393363952636719,21.3745,9.7141,True
sample_000112,lzma,262144,77392,0.29522705078125,94.1761,5.7809,True
sample_000112,zstd,262144,114502,0.43679046630859375,3.2659,0.8711,True
sample_000113,gzip,262144,72155,0.2752494812011719,49.8146,0.2648,True
sample_000113,bz2,262144,69154,0.26380157470703125,42.649,6.5606,True
sample_000113,lzma,262144,67024,0.25567626953125,63.3265,4.8593,True
sample_000113,zstd,262144,73695,0.2811241149902344,0.9536,0.2284,True
sample_000114,gzip,1048576,1048914,1.0003223419189453,26.6909,1.2878,True
sample_000114,bz2,1048576,1053530,1.0047245025634766,161.5512,72.4284,True
sample_000114,lzma,1048576,1048688,1.0001068115234375,302.8642,2.0351,True
sample_000114,zstd,1048576,1048609,1.0000314712524414,1.1744,0.4064,True
sample_000115,gzip,1048576,446806,0.42610740661621094,197.6925,2.9752,True
sample_000115,bz2,1048576,407450,0.38857460021972656,101.8874,50.4432,True
sample_000115,lzma,1048576,427468,0.4076652526855469,673.0445,21.3099,True
sample_000115,zstd,1048576,468531,0.4468259811401367,9.358,3.1993,True
sample_000116,gzip,1048576,3173,0.0030260086059570312,2.1242,1.0158,True
sample_000116,bz2,1048576,580,0.000553131103515625,342.0865,9.0903,True
sample_000116,lzma,1048576,352,0.000335693359375,19.6609,3.2281,True
sample_000116,zstd,1048576,170,0.0001621246337890625,0.7613,0.584,True
sample_000117,gzip,1048576,9591,0.009146690368652344,29.4415,0.8067,True
sample_000117,bz2,1048576,11400,0.01087188720703125,6.7669,3.9425,True
sample_000117,lzma,1048576,7960,0.00759124755859375,49.4242,3.5728,True
sample_000117,zstd,1048576,9498,0.009057998657226562,0.7422,0.6468,True
sample_000118,gzip,1048576,137062,0.13071250915527344,36.3348,1.61,True
sample_000118,bz2,1048576,80680,0.07694244384765625,138.6744,39.56,True
sample_000118,lzma,1048576,102940,0.09817123413085938,566.1158,10.2111,True
sample_000118,zstd,1048576,169319,0.16147518157958984,5.5004,2.4347,True
sample_000119,gzip,1048576,388818,0.3708057403564453,40.4801,1.8846,True
sample_000119,bz2,1048576,372115,0.3548765182495117,226.5122,29.0941,True
sample_000119,lzma,1048576,365764,0.3488197326660156,269.8983,17.2772,True
sample_000119,zstd,1048576,374004,0.3566780090332031,4.4382,1.3203,True
sample_000120,gzip,16384,16407,1.00140380859375,0.233,0.0101,True
sample_000120,bz2,16384,16868,1.029541015625,3.5403,0.7305,True
sample_000120,lzma,16384,16444,1.003662109375,9.3751,0.0721,True
sample_000120,zstd,16384,16394,1.0006103515625,0.039,0.003,True
sample_000121,gzip,16384,5159,0.31488037109375,3.2556,0.0407,True
sample_000121,bz2,16384,4594,0.2803955078125,2.0489,0.5293,True
sample_000121,lzma,16384,4936,0.30126953125,10.1496,0.3735,True
sample_000121,zstd,16384,5533,0.33770751953125,0.1617,0.0588,True
sample_000122,gzip,16384,74,0.0045166015625,0.0268,0.0058,True
sample_000122,bz2,16384,71,0.00433349609375,2.9347,0.1779,True
sample_000122,lzma,16384,128,0.0078125,5.4183,0.0783,True
sample_000122,zstd,16384,26,0.0015869140625,0.0183,0.0032,True
sample_000123,gzip,16384,1935,0.11810302734375,0.3776,0.0499,True
sample_000123,bz2,16384,2416,0.1474609375,0.5949,0.2711,True
sample_000123,lzma,16384,1480,0.09033203125,11.2073,0.2276,True
sample_000123,zstd,16384,1338,0.0816650390625,0.0628,0.0239,True
sample_000124,gzip,16384,2528,0.154296875,0.3639,0.0258,True
sample_000124,bz2,16384,1747,0.10662841796875,1.918,0.1795,True
sample_000124,lzma,16384,2264,0.13818359375,10.1821,0.209,True
sample_000124,zstd,16384,2744,0.16748046875,0.0729,0.0275,True
sample_000125,gzip,16384,7657,0.46734619140625,0.3677,0.047,True
sample_000125,bz2,16384,7454,0.4549560546875,4.1267,0.544,True
sample_000125,lzma,16384,7048,0.43017578125,8.2257,0.5433,True
sample_000125,zstd,16384,7757,0.47344970703125,0.0954,0.0225,True
sample_000126,gzip,65536,65574,1.000579833984375,1.3218,0.0125,True
sample_000126,bz2,65536,66169,1.0096588134765625,9.2601,2.8944,True
sample_000126,lzma,65536,65600,1.0009765625,21.6427,0.2014,True
sample_000126,zstd,65536,65546,1.000152587890625,0.0727,0.0046,True
sample_000127,gzip,65536,29254,0.446380615234375,9.1566,0.2429,True
sample_000127,bz2,65536,25555,0.3899383544921875,6.9195,2.7932,True
sample_000127,lzma,65536,27500,0.41961669921875,25.7315,2.0962,True
sample_000127,zstd,65536,28233,0.4308013916015625,1.1509,0.1864,True
sample_000128,gzip,65536,244,0.00372314453125,0.175,0.0456,True
sample_000128,bz2,65536,147,0.0022430419921875,12.5304,0.8883,True
sample_000128,lzma,65536,176,0.002685546875,6.3418,0.1975,True
sample_000128,zstd,65536,52,0.00079345703125,0.1064,0.0112,True
sample_000129,gzip,65536,2153,0.0328521728515625,1.2259,0.0317,True
sample_000129,bz2,65536,2735,0.0417327880859375,1.1347,0.319,True
sample_000129,lzma,65536,1660,0.02532958984375,13.396,0.3014,True
sample_000129,zstd,65536,1540,0.02349853515625,0.0371,0.0248,True
sample_000130,gzip,65536,9068,0.13836669921875,1.3805,0.0615,True
sample_000130,bz2,65536,6685,0.1020050048828125,4.5908,1.1293,True
sample_000130,lzma,65536,7284,0.11114501953125,26.5228,0.7289,True
sample_000130,zstd,65536,10736,0.163818359375,0.3114,0.1328,True
sample_000131,gzip,65536,25335,0.3865814208984375,1.3143,0.1145,True
sample_000131,bz2,65536,23610,0.360260009765625,12.7156,1.5103,True
sample_000131,lzma,65536,23648,0.36083984375,16.1205,1.7342,True
sample_000131,zstd,65536,25249,0.3852691650390625,0.1023,0.048,True
sample_000132,gzip,262144,262242,1.0003738403320312,7.3352,0.4525,True
sample_000132,bz2,262144,263710,1.0059738159179688,35.1435,15.1236,True
sample_000132,lzma,262144,262216,1.000274658203125,77.6142,0.6687,True
sample_000132,zstd,262144,262159,1.0000572204589844,0.4754,0.0362,True
sample_000133,gzip,262144,76027,0.2900199890136719,215.9259,0.8071,True
sample_000133,bz2,262144,71681,0.2734413146972656,23.0581,10.152,True
sample_000133,lzma,262144,73048,0.278656005859375,122.448,4.7786,True
sample_000133,zstd,262144,86086,0.32839202880859375,2.6661,0.608,True
sample_000134,gzip,262144,429,0.001636505126953125,0.312,0.0669,True
sample_000134,bz2,262144,72,0.000274658203125,29.503,1.4304,True
sample_000134,lzma,262144,180,0.0006866455078125,8.7276,0.7979,True
sample_000134,zstd,262144,40,0.000152587890625,0.2681,0.0463,True
sample_000135,gzip,262144,8434,0.03217315673828125,9.3074,0.2707,True
sample_000135,bz2,262144,8469,0.032306671142578125,3.8402,1.437,True
sample_000135,lzma,262144,6292,0.0240020751953125,47.1639,1.337,True
sample_000135,zstd,262144,6076,0.0231781005859375,0.4513,0.173,True
sample_000136,gzip,262144,102481,0.3909339904785156,29.4584,0.8828,True
sample_000136,bz2,262144,88955,0.3393363952636719,22.5929,8.7566,True
sample_000136,lzma,262144,77540,0.2957916259765625,97.8769,5.5178,True
sample_000136,zstd,262144,114616,0.437225341796875,2.1305,0.5049,True
sample_000137,gzip,262144,95957,0.3660469055175781,7.811,0.5488,True
sample_000137,bz2,262144,91695,0.3497886657714844,51.4686,5.8355,True
sample_000137,lzma,262144,91144,0.347686767578125,60.0063,6.4506,True
sample_000137,zstd,262144,98729,0.3766212463378906,1.4353,0.3048,True
sample_000138,gzip,1048576,1048914,1.0003223419189453,29.957,1.2869,True
sample_000138,bz2,1048576,1053792,1.004974365234375,151.5609,74.2283,True
sample_000138,lzma,1048576,1048688,1.0001068115234375,314.9006,2.1771,True
sample_000138,zstd,1048576,1048609,1.0000314712524414,1.3536,0.3906,True
sample_000139,gzip,1048576,300775,0.28684139251708984,997.7535,2.7739,True
sample_000139,bz2,1048576,286919,0.27362728118896484,88.6209,49.3707,True
sample_000139,lzma,1048576,287820,0.2744865417480469,804.9292,17.5675,True
sample_000139,zstd,1048576,325424,0.3103485107421875,8.2443,2.4727,True
sample_000140,gzip,1048576,3174,0.0030269622802734375,1.581,0.6767,True
sample_000140,bz2,1048576,577,0.0005502700805664062,321.1338,11.1252,True
sample_000140,lzma,1048576,352,0.000335693359375,20.1824,2.2746,True
sample_000140,zstd,1048576,170,0.0001621246337890625,0.4889,0.4991,True
sample_000141,gzip,1048576,34107,0.03252696990966797,43.217,1.3547,True
sample_000141,bz2,1048576,29755,0.02837657928466797,11.6891,5.4674,True
sample_000141,lzma,1048576,25608,0.02442169189453125,170.9351,4.8213,True
sample_000141,zstd,1048576,26885,0.02563953399658203,1.3689,1.0137,True
sample_000142,gzip,1048576,137167,0.1308126449584961,40.2822,1.5636,True
sample_000142,bz2,1048576,104510,0.09966850280761719,133.7891,32.8775,True
sample_000142,lzma,1048576,100316,0.09566879272460938,589.7302,9.3252,True
sample_000142,zstd,1048576,172603,0.16460704803466797,4.9621,1.843,True
sample_000143,gzip,1048576,339087,0.3233785629272461,79.7584,1.8156,True
sample_000143,bz2,1048576,324747,0.30970287322998047,247.0661,34.5423,True
sample_000143,lzma,1048576,325016,0.30995941162109375,256.849,12.9271,True
sample_000143,zstd,1048576,342447,0.3265829086303711,4.4667,1.3222,True
sample_000144,gzip,16384,16407,1.00140380859375,0.2277,0.0109,True
sample_000144,bz2,16384,16852,1.028564453125,3.8357,1.0057,True
sample_000144,lzma,16384,16444,1.003662109375,9.5126,0.0623,True
sample_000144,zstd,16384,16394,1.0006103515625,0.0335,0.0031,True
sample_000145,gzip,16384,9644,0.588623046875,0.8192,0.0762,True
sample_000145,bz2,16384,8446,0.5155029296875,1.9823,0.7127,True
sample_000145,lzma,16384,9736,0.59423828125,9.7711,0.3961,True
sample_000145,zstd,16384,8584,0.52392578125,0.0852,0.0169,True
sample_000146,gzip,16384,58,0.0035400390625,0.0517,0.0118,True
sample_000146,bz2,16384,53,0.00323486328125,2.9642,0.2069,True
sample_000146,lzma,16384,124,0.007568359375,5.273,0.0938,True
sample_000146,zstd,16384,22,0.0013427734375,0.0162,0.0062,True
sample_000147,gzip,16384,572,0.034912109375,0.2382,0.0155,True
sample_000147,bz2,16384,873,0.05328369140625,0.4823,0.0909,True
sample_000147,lzma,16384,508,0.031005859375,6.8705,0.0968,True
sample_000147,zstd,16384,422,0.0257568359375,0.0236,0.01,True
sample_000148,gzip,16384,7160,0.43701171875,0.8249,0.0549,True
sample_000148,bz2,16384,6047,0.36907958984375,1.8959,0.6066,True
sample_000148,lzma,16384,5952,0.36328125,9.2952,0.5768,True
sample_000148,zstd,16384,7409,0.45220947265625,0.2021,0.0492,True
sample_000149,gzip,16384,6611,0.40350341796875,0.2728,0.04,True
sample_000149,bz2,16384,6705,0.40924072265625,4.2245,0.5618,True
sample_000149,lzma,16384,6232,0.38037109375,7.52,0.2983,True
sample_000149,zstd,16384,6609,0.40338134765625,0.0504,0.0123,True
sample_000150,gzip,65536,65574,1.000579833984375,1.1647,0.0109,True
sample_000150,bz2,65536,66191,1.0099945068359375,8.1725,3.7349,True
sample_000150,lzma,65536,65600,1.0009765625,25.3631,0.1006,True
sample_000150,zstd,65536,65546,1.000152587890625,0.038,0.0018,True
sample_000151,gzip,65536,29257,0.4464263916015625,13.7207,0.2394,True
sample_000151,bz2,65536,25548,0.38983154296875,6.0469,2.4417,True
sample_000151,lzma,65536,27508,0.41973876953125,21.6838,1.866,True
sample_000151,zstd,65536,28221,0.4306182861328125,0.9936,0.1484,True
sample_000152,gzip,65536,242,0.003692626953125,0.0863,0.0161,True
sample_000152,bz2,65536,147,0.0022430419921875,10.5326,0.8636,True
sample_000152,lzma,65536,176,0.002685546875,6.1717,0.2107,True
sample_000152,zstd,65536,52,0.00079345703125,0.0251,0.0108,True
sample_000153,gzip,65536,2128,0.032470703125,2.0999,0.0627,True
sample_000153,bz2,65536,2679,0.0408782958984375,1.4323,0.3826,True
sample_000153,lzma,65536,1640,0.0250244140625,15.1688,0.3121,True
sample_000153,zstd,65536,1522,0.023223876953125,0.1258,0.0614,True
sample_000154,gzip,65536,9089,0.1386871337890625,2.2823,0.1347,True
sample_000154,bz2,65536,6696,0.1021728515625,6.6692,1.3745,True
sample_000154,lzma,65536,7356,0.11224365234375,28.5022,0.7124,True
sample_000154,zstd,65536,10823,0.1651458740234375,0.3077,0.0996,True
sample_000155,gzip,65536,25470,0.388641357421875,1.3413,0.1051,True
sample_000155,bz2,65536,24216,0.3695068359375,12.7665,2.0038,True
sample_000155,lzma,65536,23436,0.35760498046875,16.8125,1.4846,True
sample_000155,zstd,65536,25734,0.392669677734375,0.2858,0.0402,True
sample_000156,gzip,262144,262242,1.0003738403320312,7.6472,0.2724,True
sample_000156,bz2,262144,263770,1.0062026977539062,33.9888,16.4398,True
sample_000156,lzma,262144,262216,1.000274658203125,77.488,0.6358,True
sample_000156,zstd,262144,262159,1.0000572204589844,0.5834,0.0283,True
sample_000157,gzip,262144,39827,0.15192794799804688,339.7027,0.287,True
sample_000157,bz2,262144,42046,0.16039276123046875,19.905,8.2581,True
sample_000157,lzma,262144,36512,0.1392822265625,176.7565,2.2477,True
sample_000157,zstd,262144,49010,0.18695831298828125,1.224,0.4537,True
sample_000158,gzip,262144,571,0.002178192138671875,0.6205,0.1654,True
sample_000158,bz2,262144,105,0.000400543212890625,43.4732,2.6418,True
sample_000158,lzma,262144,192,0.000732421875,8.0165,0.5731,True
sample_000158,zstd,262144,48,0.00018310546875,0.2665,0.0486,True
sample_000159,gzip,262144,8492,0.0323944091796875,10.6631,0.1691,True
sample_000159,bz2,262144,8581,0.032733917236328125,4.0621,1.4568,True
sample_000159,lzma,262144,6344,0.024200439453125,47.1849,1.1323,True
sample_000159,zstd,262144,6139,0.023418426513671875,0.354,0.181,True
sample_000160,gzip,262144,34738,0.13251495361328125,8.3577,0.2927,True
sample_000160,bz2,262144,21054,0.08031463623046875,23.6848,5.9209,True
sample_000160,lzma,262144,27612,0.1053314208984375,121.1404,2.3123,True
sample_000160,zstd,262144,42423,0.16183090209960938,1.2987,0.4351,True
sample_000161,gzip,262144,92280,0.352020263671875,12.8933,0.3374,True
sample_000161,bz2,262144,89636,0.3419342041015625,44.9535,5.5617,True
sample_000161,lzma,262144,85972,0.3279571533203125,65.0381,6.515,True
sample_000161,zstd,262144,96940,0.3697967529296875,1.5344,0.378,True
sample_000162,gzip,1048576,1048914,1.0003223419189453,29.7335,1.2679,True
sample_000162,bz2,1048576,1053538,1.0047321319580078,158.5024,61.4785,True
sample_000162,lzma,1048576,1048688,1.0001068115234375,306.9382,2.1647,True
sample_000162,zstd,1048576,1048609,1.0000314712524414,1.4358,0.3724,True
sample_000163,gzip,1048576,446771,0.4260740280151367,194.7131,2.9797,True
sample_000163,bz2,1048576,407279,0.3884115219116211,100.3069,49.3644,True
sample_000163,lzma,1048576,427576,0.40776824951171875,657.261,25.1046,True
sample_000163,zstd,1048576,468499,0.4467954635620117,12.5613,3.7412,True
sample_000164,gzip,1048576,3767,0.0035924911499023438,2.5118,0.9414,True
sample_000164,bz2,1048576,1047,0.0009984970092773438,327.7955,12.9929,True
sample_000164,lzma,1048576,420,0.000400543212890625,20.0173,2.7822,True
sample_000164,zstd,1048576,234,0.0002231597900390625,0.8001,0.5177,True
sample_000165,gzip,1048576,130264,0.12422943115234375,40.1042,1.5444,True
sample_000165,bz2,1048576,88378,0.08428382873535156,18.5051,10.0157,True
sample_000165,lzma,1048576,85664,0.081695556640625,367.3418,10.6834,True
sample_000165,zstd,1048576,87934,0.08386039733886719,3.5857,1.9122,True
sample_000166,gzip,1048576,137076,0.13072586059570312,36.506,1.6069,True
sample_000166,bz2,1048576,104558,0.09971427917480469,134.2983,22.5811,True
sample_000166,lzma,1048576,100324,0.09567642211914062,650.5431,6.1432,True
sample_000166,zstd,1048576,172232,0.16425323486328125,2.4725,1.0868,True
sample_000167,gzip,1048576,358061,0.3414735794067383,38.3882,1.3941,True
sample_000167,bz2,1048576,345182,0.3291912078857422,164.8394,21.139,True
sample_000167,lzma,1048576,336684,0.3210868835449219,190.8694,10.8202,True
sample_000167,zstd,1048576,355374,0.3389110565185547,3.1726,1.0316,True
sample_000168,gzip,16384,16407,1.00140380859375,0.2171,0.014,True
sample_000168,bz2,16384,16837,1.02764892578125,2.4683,0.7279,True
sample_000168,lzma,16384,16444,1.003662109375,6.3119,0.037,True
sample_000168,zstd,16384,16394,1.0006103515625,0.0186,0.001,True
sample_000169,gzip,16384,7551,0.46087646484375,0.7271,0.0467,True
sample_000169,bz2,16384,6458,0.3941650390625,1.2219,0.3952,True
sample_000169,lzma,16384,7288,0.44482421875,6.5979,0.3269,True
sample_000169,zstd,16384,7372,0.449951171875,0.1103,0.0311,True
sample_000170,gzip,16384,58,0.0035400390625,0.0345,0.0077,True
sample_000170,bz2,16384,53,0.00323486328125,1.4246,0.084,True
sample_000170,lzma,16384,124,0.007568359375,4.4879,0.0408,True
sample_000170,zstd,16384,22,0.0013427734375,0.0075,0.0039,True
sample_000171,gzip,16384,1980,0.120849609375,0.2823,0.0207,True
sample_000171,bz2,16384,2460,0.150146484375,0.7341,0.1852,True
sample_000171,lzma,16384,1496,0.09130859375,6.8061,0.1175,True
sample_000171,zstd,16384,1361,0.08306884765625,0.0299,0.0157,True
sample_000172,gzip,16384,2426,0.1480712890625,0.1962,0.0168,True
sample_000172,bz2,16384,1846,0.1126708984375,1.0747,0.1843,True
sample_000172,lzma,16384,2108,0.128662109375,7.8123,0.1504,True
sample_000172,zstd,16384,2647,0.16156005859375,0.0411,0.0161,True
sample_000173,gzip,16384,7691,0.46942138671875,0.2692,0.0451,True
sample_000173,bz2,16384,7618,0.4649658203125,1.6179,0.3817,True
sample_000173,lzma,16384,7256,0.44287109375,6.3625,0.4669,True
sample_000173,zstd,16384,7862,0.4798583984375,0.0439,0.0162,True
sample_000174,gzip,65536,65574,1.000579833984375,0.9378,0.0122,True
sample_000174,bz2,65536,66171,1.0096893310546875,5.2988,3.5404,True
sample_000174,lzma,65536,65600,1.0009765625,18.3218,0.1793,True
sample_000174,zstd,65536,65546,1.000152587890625,0.122,0.0029,True
sample_000175,gzip,65536,10373,0.1582794189453125,55.1548,0.064,True
sample_000175,bz2,65536,10610,0.161895751953125,3.6901,1.2039,True
sample_000175,lzma,65536,9464,0.1444091796875,30.6077,0.4393,True
sample_000175,zstd,65536,12313,0.1878814697265625,0.2,0.0684,True
sample_000176,gzip,65536,186,0.002838134765625,0.1859,0.0274,True
sample_000176,bz2,65536,94,0.001434326171875,6.0465,0.4185,True
sample_000176,lzma,65536,160,0.00244140625,5.025,0.1157,True
sample_000176,zstd,65536,34,0.000518798828125,0.0138,0.0078,True
sample_000177,gzip,65536,669,0.0102081298828125,0.8455,0.018,True
sample_000177,bz2,65536,1263,0.0192718505859375,0.546,0.2016,True
sample_000177,lzma,65536,620,0.00946044921875,5.6051,0.1796,True
sample_000177,zstd,65536,458,0.006988525390625,0.0199,0.0148,True
sample_000178,gzip,65536,27062,0.412933349609375,3.571,0.1599,True
sample_000178,bz2,65536,22925,0.3498077392578125,4.3507,1.5698,True
sample_000178,lzma,65536,20920,0.3192138671875,17.6937,1.2421,True
sample_000178,zstd,65536,27336,0.4171142578125,0.5628,0.1228,True
sample_000179,gzip,65536,23476,0.35821533203125,1.0397,0.1052,True
sample_000179,bz2,65536,22040,0.3363037109375,8.5052,1.2201,True
sample_000179,lzma,65536,21560,0.3289794921875,11.7867,1.1961,True
sample_000179,zstd,65536,24693,0.3767852783203125,0.2184,0.0479,True
sample_000180,gzip,262144,262242,1.0003738403320312,4.7419,0.1528,True
sample_000180,bz2,262144,263730,1.0060501098632812,20.3298,11.0701,True
sample_000180,lzma,262144,262216,1.000274658203125,48.8994,0.3634,True
sample_000180,zstd,262144,262159,1.0000572204589844,0.34,0.0057,True
sample_000181,gzip,262144,150643,0.5746574401855469,10.5636,0.9255,True
sample_000181,bz2,262144,133360,0.50872802734375,16.5268,7.49,True
sample_000181,lzma,262144,143320,0.546722412109375,58.1054,5.6518,True
sample_000181,zstd,262144,149065,0.5686378479003906,2.3461,0.4156,True
sample_000182,gzip,262144,1100,0.0041961669921875,0.3022,0.1334,True
sample_000182,bz2,262144,472,0.001800537109375,32.6755,2.2261,True
sample_000182,lzma,262144,312,0.001190185546875,7.4916,0.4867,True
sample_000182,zstd,262144,162,0.00061798095703125,0.2186,0.0059,True
sample_000183,gzip,262144,32276,0.1231231689453125,6.9098,0.2731,True
sample_000183,bz2,262144,23838,0.09093475341796875,3.5509,1.6464,True
sample_000183,lzma,262144,21360,0.08148193359375,82.9985,1.9509,True
sample_000183,zstd,262144,20747,0.07914352416992188,0.5165,0.2443,True
sample_000184,gzip,262144,34950,0.13332366943359375,5.8477,0.2372,True
sample_000184,bz2,262144,25563,0.09751510620117188,18.9795,3.4432,True
sample_000184,lzma,262144,26312,0.100372314453125,82.5883,2.203,True
sample_000184,zstd,262144,43237,0.16493606567382812,0.7438,0.2115,True
sample_000185,gzip,262144,100959,0.3851280212402344,9.483,0.279,True
sample_000185,bz2,262144,95058,0.36261749267578125,34.4857,4.6369,True
sample_000185,lzma,262144,92672,0.353515625,32.6634,3.9303,True
sample_000185,zstd,262144,102204,0.3898773193359375,1.2042,0.2031,True
sample_000186,gzip,1048576,1048914,1.0003223419189453,24.9787,1.2389,True
sample_000186,bz2,1048576,1053475,1.0046720504760742,101.8209,66.2878,True
sample_000186,lzma,1048576,1048688,1.0001068115234375,244.3679,1.9023,True
sample_000186,zstd,1048576,1048609,1.0000314712524414,0.8793,0.4059,True
sample_000187,gzip,1048576,600110,0.5723094940185547,47.4984,4.3145,True
sample_000187,bz2,1048576,533310,0.5086040496826172,84.6348,77.2994,True
sample_000187,lzma,1048576,563868,0.5377464294433594,469.4078,22.5544,True
sample_000187,zstd,1048576,543442,0.5182666778564453,8.1613,1.6873,True
sample_000188,gzip,1048576,1058,0.0010089874267578125,1.3137,0.7411,True
sample_000188,bz2,1048576,100,9.5367431640625e-05,130.978,4.2973,True
sample_000188,lzma,1048576,288,0.000274658203125,13.919,2.0152,True
sample_000188,zstd,1048576,108,0.000102996826171875,0.356,0.4622,True
sample_000189,gzip,1048576,9473,0.009034156799316406,18.976,0.8442,True
sample_000189,bz2,1048576,11324,0.010799407958984375,6.6386,3.6508,True
sample_000189,lzma,1048576,7868,0.007503509521484375,39.239,3.3578,True
sample_000189,zstd,1048576,9401,0.008965492248535156,0.5122,0.4618,True
sample_000190,gzip,1048576,137392,0.1310272216796875,32.034,1.2025,True
sample_000190,bz2,1048576,80888,0.07714080810546875,99.7381,24.1343,True
sample_000190,lzma,1048576,102956,0.09818649291992188,544.346,8.2232,True
sample_000190,zstd,1048576,169424,0.1615753173828125,3.6656,1.6716,True
sample_000191,gzip,1048576,302714,0.28869056701660156,177.9301,1.5752,True
sample_000191,bz2,1048576,291701,0.27818775177001953,187.5024,34.211,True
sample_000191,lzma,1048576,292872,0.27930450439453125,280.3435,13.9736,True
sample_000191,zstd,1048576,312088,0.29763031005859375,4.7959,1.6619,True
sample_000192,gzip,16384,16407,1.00140380859375,0.3192,0.0074,True
sample_000192,bz2,16384,16844,1.028076171875,3.8385,1.0858,True
sample_000192,lzma,16384,16444,1.003662109375,10.4537,0.0621,True
sample_000192,zstd,16384,16394,1.0006103515625,0.0304,0.0029,True
sample_000193,gzip,16384,2737,0.16705322265625,7.437,0.0293,True
sample_000193,bz2,16384,2708,0.165283203125,1.579,0.571,True
sample_000193,lzma,16384,2588,0.157958984375,14.5397,0.2119,True
sample_000193,zstd,16384,3133,0.19122314453125,0.0733,0.031,True
sample_000194,gzip,16384,264,0.01611328125,0.0821,0.0132,True
sample_000194,bz2,16384,382,0.0233154296875,3.7886,0.2846,True
sample_000194,lzma,16384,256,0.015625,5.6704,0.0851,True
sample_000194,zstd,16384,148,0.009033203125,0.0171,0.0035,True
sample_000195,gzip,16384,92,0.005615234375,0.108,0.0135,True
sample_000195,bz2,16384,153,0.00933837890625,0.2269,0.0814,True
sample_000195,lzma,16384,152,0.00927734375,5.8332,0.0804,True
sample_000195,zstd,16384,61,0.00372314453125,0.0094,0.0046,True
sample_000196,gzip,16384,2432,0.1484375,0.5742,0.0304,True
sample_000196,bz2,16384,1851,0.11297607421875,1.5051,0.3573,True
sample_000196,lzma,16384,2160,0.1318359375,9.9964,0.2023,True
sample_000196,zstd,16384,2718,0.1658935546875,0.0799,0.0285,True
sample_000197,gzip,16384,6136,0.37451171875,0.5559,0.0398,True
sample_000197,bz2,16384,6065,0.37017822265625,4.3244,0.5814,True
sample_000197,lzma,16384,5428,0.331298828125,8.2039,0.4066,True
sample_000197,zstd,16384,6097,0.37213134765625,0.0991,0.0249,True
sample_000198,gzip,65536,65574,1.000579833984375,1.4397,0.0179,True
sample_000198,bz2,65536,66167,1.0096282958984375,10.6604,4.1433,True
sample_000198,lzma,65536,65600,1.0009765625,23.5333,0.2916,True
sample_000198,zstd,65536,65546,1.000152587890625,0.0389,0.0021,True
sample_000199,gzip,65536,19746,0.301300048828125,49.5033,0.1769,True
sample_000199,bz2,65536,18061,0.2755889892578125,6.7426,2.4796,True
sample_000199,lzma,65536,18588,0.28363037109375,30.6233,1.5809,True
sample_000199,zstd,65536,21414,0.326751708984375,0.7302,0.1599,True
sample_000200,gzip,65536,104,0.0015869140625,0.1163,0.0164,True
sample_000200,bz2,65536,48,0.000732421875,10.577,0.5427,True
sample_000200,lzma,65536,148,0.00225830078125,6.8989,0.2226,True
sample_000200,zstd,65536,22,0.000335693359375,0.1656,0.0233,True
sample_000201,gzip,65536,662,0.010101318359375,1.5991,0.0181,True
sample_000201,bz2,65536,1254,0.019134521484375,0.8904,0.318,True
sample_000201,lzma,65536,616,0.0093994140625,7.3735,0.2289,True
sample_000201,zstd,65536,452,0.00689697265625,0.0331,0.0281,True
sample_000202,gzip,65536,9030,0.137786865234375,2.1729,0.0923,True
sample_000202,bz2,65536,5746,0.087677001953125,6.5846,1.4062,True
sample_000202,lzma,65536,7764,0.11846923828125,30.8573,0.7532,True
sample_000202,zstd,65536,10875,0.1659393310546875,0.2485,0.1413,True
sample_000203,gzip,65536,25252,0.38531494140625,1.7907,0.1599,True
sample_000203,bz2,65536,24119,0.3680267333984375,13.801,1.9294,True
sample_000203,lzma,65536,22312,0.3404541015625,41.596,5.8118,True
sample_000203,zstd,65536,25708,0.39227294921875,0.6073,0.4242,True
sample_000204,gzip,262144,262242,1.0003738403320312,8.055,0.3742,True
sample_000204,bz2,262144,263744,1.006103515625,44.1357,16.8841,True
sample_000204,lzma,262144,262216,1.000274658203125,80.8329,0.5671,True
sample_000204,zstd,262144,262159,1.0000572204589844,0.6025,0.0315,True
sample_000205,gzip,262144,112691,0.4298820495605469,64.3731,0.6885,True
sample_000205,bz2,262144,101863,0.3885765075683594,21.0055,11.8403,True
sample_000205,lzma,262144,107492,0.4100494384765625,87.5053,6.2214,True
sample_000205,zstd,262144,117145,0.4468727111816406,2.6955,0.7789,True
sample_000206,gzip,262144,1097,0.004184722900390625,0.5175,0.061,True
sample_000206,bz2,262144,473,0.001804351806640625,52.3997,3.2035,True
sample_000206,lzma,262144,308,0.0011749267578125,7.7719,0.6772,True
sample_000206,zstd,262144,162,0.00061798095703125,0.2762,0.0108,True
sample_000207,gzip,262144,2461,0.009387969970703125,8.2813,0.176,True
sample_000207,bz2,262144,3768,0.014373779296875,3.159,1.101,True
sample_000207,lzma,262144,2092,0.0079803466796875,17.4424,0.8393,True
sample_000207,zstd,262144,1805,0.006885528564453125,0.3837,0.1226,True
sample_000208,gzip,262144,34917,0.13319778442382812,8.5934,0.5801,True
sample_000208,bz2,262144,25578,0.09757232666015625,25.9015,5.2442,True
sample_000208,lzma,262144,26360,0.100555419921875,101.5764,2.5761,True
sample_000208,zstd,262144,43267,0.16505050659179688,1.5752,0.372,True
sample_000209,gzip,262144,71943,0.2744407653808594,65.913,0.196,True
sample_000209,bz2,262144,68473,0.2612037658691406,35.4126,4.3416,True
sample_000209,lzma,262144,67068,0.2558441162109375,54.844,3.8171,True
sample_000209,zstd,262144,71960,0.274505615234375,0.6891,0.1765,True
sample_000210,gzip,1048576,1048914,1.0003223419189453,23.1058,0.9115,True
sample_000210,bz2,1048576,1053315,1.0045194625854492,100.3972,60.6523,True
sample_000210,lzma,1048576,1048688,1.0001068115234375,242.6479,4.5549,True
sample_000210,zstd,1048576,1048609,1.0000314712524414,1.9524,0.4453,True
sample_000211,gzip,1048576,600250,0.5724430084228516,57.1265,4.2721,True
sample_000211,bz2,1048576,533295,0.5085897445678711,78.4653,42.2628,True
sample_000211,lzma,1048576,563420,0.5373191833496094,534.1987,24.646,True
sample_000211,zstd,1048576,543485,0.5183076858520508,7.9727,1.4909,True
sample_000212,gzip,1048576,2093,0.0019960403442382812,1.3743,0.6134,True
sample_000212,bz2,1048576,215,0.00020503997802734375,168.4416,5.7749,True
sample_000212,lzma,1048576,300,0.000286102294921875,15.3136,2.1129,True
sample_000212,zstd,1048576,120,0.00011444091796875,0.3387,0.5544,True
sample_000213,gzip,1048576,9504,0.009063720703125,18.3835,0.5951,True
sample_000213,bz2,1048576,11286,0.010763168334960938,6.3394,3.3447,True
sample_000213,lzma,1048576,7908,0.007541656494140625,39.9129,3.0805,True
sample_000213,zstd,1048576,9459,0.009020805358886719,0.4793,0.4431,True
sample_000214,gzip,1048576,137165,0.13081073760986328,26.1892,1.4795,True
sample_000214,bz2,1048576,80784,0.0770416259765625,104.32,24.378,True
sample_000214,lzma,1048576,102804,0.09804153442382812,928.695,16.2752,True
sample_000214,zstd,1048576,168997,0.16116809844970703,7.5616,3.7468,True
sample_000215,gzip,1048576,357220,0.3406715393066406,131.3156,2.944,True
sample_000215,bz2,1048576,344187,0.32824230194091797,474.2588,66.5653,True
sample_000215,lzma,1048576,337964,0.3223075866699219,626.0635,28.5838,True
sample_000215,zstd,1048576,354948,0.3385047912597656,10.4407,3.1861,True
sample_000216,gzip,16384,16407,1.00140380859375,0.5184,0.0261,True
sample_000216,bz2,16384,16849,1.02838134765625,7.3779,1.9887,True
sample_000216,lzma,16384,16444,1.003662109375,18.5583,0.1235,True
sample_000216,zstd,16384,16394,1.0006103515625,0.059,0.0056,True
sample_000217,gzip,16384,5158,0.3148193359375,7.2631,0.0834,True
sample_000217,bz2,16384,4593,0.28033447265625,4.9016,1.072,True
sample_000217,lzma,16384,4904,0.29931640625,20.4976,0.7543,True
sample_000217,zstd,16384,5501,0.33575439453125,0.3314,0.1163,True
sample_000218,gzip,16384,73,0.00445556640625,0.102,0.0269,True
sample_000218,bz2,16384,65,0.00396728515625,6.1005,0.3863,True
sample_000218,lzma,16384,128,0.0078125,9.9061,0.2308,True
sample_000218,zstd,16384,26,0.0015869140625,0.0346,0.0034,True
sample_000219,gzip,16384,573,0.03497314453125,0.598,0.0495,True
sample_000219,bz2,16384,870,0.0531005859375,0.8968,0.2585,True
sample_000219,lzma,16384,512,0.03125,14.0385,0.2069,True
sample_000219,zstd,16384,420,0.025634765625,0.0478,0.0245,True
sample_000220,gzip,16384,2413,0.14727783203125,0.903,0.0616,True
sample_000220,bz2,16384,1841,0.11236572265625,3.6283,0.659,True
sample_000220,lzma,16384,2104,0.12841796875,18.6746,0.4608,True
sample_000220,zstd,16384,2650,0.1617431640625,0.1833,0.0555,True
sample_000221,gzip,16384,6221,0.37969970703125,0.6303,0.0717,True
sample_000221,bz2,16384,6166,0.3763427734375,8.2495,1.154,True
sample_000221,lzma,16384,5656,0.34521484375,16.631,1.3438,True
sample_000221,zstd,16384,6215,0.37933349609375,0.2024,0.0565,True
sample_000222,gzip,65536,65574,1.000579833984375,3.2843,0.0513,True
sample_000222,bz2,65536,66174,1.009735107421875,18.3395,7.1836,True
sample_000222,lzma,65536,65600,1.0009765625,46.8016,0.2967,True
sample_000222,zstd,65536,65546,1.000152587890625,0.1458,0.024,True
sample_000223,gzip,65536,10348,0.15789794921875,142.4909,0.3139,True
sample_000223,bz2,65536,10598,0.161712646484375,10.2542,3.7416,True
sample_000223,lzma,65536,9452,0.14422607421875,89.404,1.6409,True
sample_000223,zstd,65536,12297,0.1876373291015625,0.7576,0.2688,True
sample_000224,gzip,65536,142,0.002166748046875,0.3284,0.0562,True
sample_000224,bz2,65536,68,0.00103759765625,22.3712,1.3694,True
sample_000224,lzma,65536,152,0.0023193359375,11.6773,0.4688,True
sample_000224,zstd,65536,26,0.000396728515625,0.0516,0.0124,True
sample_000225,gzip,65536,2170,0.033111572265625,4.529,0.1099,True
sample_000225,bz2,65536,2762,0.042144775390625,3.0596,0.7776,True
sample_000225,lzma,65536,1680,0.025634765625,30.7655,0.7046,True
sample_000225,zstd,65536,1555,0.0237274169921875,0.1267,0.0854,True
sample_000226,gzip,65536,27129,0.4139556884765625,12.7341,0.4534,True
sample_000226,bz2,65536,22960,0.350341796875,13.9061,4.639,True
sample_000226,lzma,65536,20996,0.32037353515625,51.5082,3.729,True
sample_000226,zstd,65536,27355,0.4174041748046875,1.325,0.2742,True
sample_000227,gzip,65536,19519,0.2978363037109375,12.7953,0.1545,True
sample_000227,bz2,65536,19016,0.2901611328125,17.9996,3.6479,True
sample_000227,lzma,65536,17872,0.272705078125,44.8198,2.9817,True
sample_000227,zstd,65536,19576,0.2987060546875,0.3746,0.1147,True
sample_000228,gzip,262144,262242,1.0003738403320312,15.3106,0.5064,True
sample_000228,bz2,262144,263734,1.0060653686523438,64.7877,32.3374,True
sample_000228,lzma,262144,262216,1.000274658203125,155.2785,0.9416,True
sample_000228,zstd,262144,262159,1.0000572204589844,1.0066,0.0433,True
sample_000229,gzip,262144,112822,0.43038177490234375,114.7762,1.9794,True
sample_000229,bz2,262144,101845,0.3885078430175781,48.3685,25.0035,True
sample_000229,lzma,262144,107548,0.4102630615234375,220.617,14.5209,True
sample_000229,zstd,262144,117481,0.4481544494628906,7.7294,2.0959,True
sample_000230,gzip,262144,570,0.00217437744140625,1.2029,0.2114,True
sample_000230,bz2,262144,104,0.000396728515625,102.4064,6.8185,True
sample_000230,lzma,262144,192,0.000732421875,17.8865,1.3413,True
sample_000230,zstd,262144,48,0.00018310546875,0.4952,0.0989,True
sample_000231,gzip,262144,32528,0.12408447265625,21.44,0.9245,True
sample_000231,bz2,262144,23970,0.09143829345703125,12.6731,5.1834,True
sample_000231,lzma,262144,21500,0.0820159912109375,202.0455,5.3266,True
sample_000231,zstd,262144,20890,0.07968902587890625,2.2723,0.7054,True
sample_000232,gzip,262144,102408,0.390655517578125,64.5488,1.6223,True
sample_000232,bz2,262144,88902,0.33913421630859375,46.3526,20.999,True
sample_000232,lzma,262144,77860,0.2970123291015625,232.5584,13.8016,True
sample_000232,zstd,262144,114753,0.4377479553222656,6.9689,1.5289,True
sample_000233,gzip,262144,95534,0.36443328857421875,17.3712,0.7828,True
sample_000233,bz2,262144,92287,0.3520469665527344,112.225,17.2596,True
sample_000233,lzma,262144,90144,0.3438720703125,120.717,9.9617,True
sample_000233,zstd,262144,93646,0.35723114013671875,3.0418,0.5264,True
sample_000234,gzip,1048576,1048914,1.0003223419189453,65.57,1.7453,True
sample_000234,bz2,1048576,1053679,1.004866600036621,294.0361,138.0415,True
sample_000234,lzma,1048576,1048688,1.0001068115234375,563.3651,3.2607,True
sample_000234,zstd,1048576,1048609,1.0000314712524414,2.0318,0.6334,True
sample_000235,gzip,1048576,600163,0.5723600387573242,138.4735,6.9962,True
sample_000235,bz2,1048576,533277,0.5085725784301758,172.7556,129.1578,True
sample_000235,lzma,1048576,563980,0.5378532409667969,1148.4674,57.9137,True
sample_000235,zstd,1048576,543863,0.5186681747436523,21.2741,3.6646,True
sample_000236,gzip,1048576,3176,0.00302886962890625,4.7068,1.5578,True
sample_000236,bz2,1048576,580,0.000553131103515625,613.8399,17.7348,True
sample_000236,lzma,1048576,352,0.000335693359375,38.8675,5.0611,True
sample_000236,zstd,1048576,170,0.0001621246337890625,0.8897,1.1358,True
sample_000237,gzip,1048576,130249,0.12421512603759766,79.9211,2.6298,True
sample_000237,bz2,1048576,88547,0.08444499969482422,35.4482,22.5307,True
sample_000237,lzma,1048576,85732,0.08176040649414062,872.058,20.2914,True
sample_000237,zstd,1048576,90184,0.08600616455078125,5.9927,3.8061,True
sample_000238,gzip,1048576,137091,0.13074016571044922,80.5893,3.2236,True
sample_000238,bz2,1048576,104641,0.0997934341430664,261.4091,58.3165,True
sample_000238,lzma,1048576,101184,0.09649658203125,1182.1907,17.8154,True
sample_000238,zstd,1048576,172309,0.16432666778564453,8.3846,3.4059,True
sample_000239,gzip,1048576,417793,0.3984384536743164,93.2782,4.185,True
sample_000239,bz2,1048576,402088,0.38346099853515625,438.9535,63.9143,True
sample_000239,lzma,1048576,390044,0.3719749450683594,416.9859,38.1579,True
sample_000239,zstd,1048576,405267,0.3864927291870117,10.0166,2.7062,True
sample_000240,gzip,16384,16407,1.00140380859375,0.4301,0.0192,True
sample_000240,bz2,16384,16842,1.0279541015625,6.2383,1.9647,True
sample_000240,lzma,16384,16444,1.003662109375,17.0037,0.1287,True
sample_000240,zstd,16384,16394,1.0006103515625,0.0555,0.0065,True
sample_000241,gzip,16384,2744,0.16748046875,12.4789,0.0512,True
sample_000241,bz2,16384,2721,0.16607666015625,3.3756,0.8419,True
sample_000241,lzma,16384,2600,0.15869140625,24.4002,0.5127,True
sample_000241,zstd,16384,3147,0.19207763671875,0.1727,0.0462,True
sample_000242,gzip,16384,123,0.00750732421875,0.0928,0.0301,True
sample_000242,bz2,16384,144,0.0087890625,6.0657,0.4639,True
sample_000242,lzma,16384,156,0.009521484375,9.1768,0.1847,True
sample_000242,zstd,16384,51,0.00311279296875,0.0338,0.0105,True
sample_000243,gzip,16384,557,0.03399658203125,0.6212,0.0506,True
sample_000243,bz2,16384,834,0.0509033203125,0.5421,0.1915,True
sample_000243,lzma,16384,500,0.030517578125,13.6621,0.1999,True
sample_000243,zstd,16384,412,0.025146484375,0.0672,0.0365,True
sample_000244,gzip,16384,2487,0.15179443359375,0.4594,0.0324,True
sample_000244,bz2,16384,1739,0.10614013671875,3.6327,0.6023,True
sample_000244,lzma,16384,2260,0.137939453125,18.7982,0.2902,True
sample_000244,zstd,16384,2769,0.16900634765625,0.1112,0.0355,True
sample_000245,gzip,16384,7816,0.47705078125,0.5353,0.1124,True
sample_000245,bz2,16384,7620,0.465087890625,8.003,0.938,True
sample_000245,lzma,16384,7256,0.44287109375,13.7014,1.0146,True
sample_000245,zstd,16384,7948,0.485107421875,0.1624,0.0559,True
sample_000246,gzip,65536,65574,1.000579833984375,3.0271,0.0473,True
sample_000246,bz2,65536,66165,1.0095977783203125,18.2046,7.1019,True
sample_000246,lzma,65536,65600,1.0009765625,40.978,0.3334,True
sample_000246,zstd,65536,65546,1.000152587890625,0.7256,0.0177,True
sample_000247,gzip,65536,19794,0.302032470703125,95.704,0.29,True
sample_000247,bz2,65536,17996,0.27459716796875,11.233,4.6265,True
sample_000247,lzma,65536,18608,0.283935546875,53.6305,3.5012,True
sample_000247,zstd,65536,21462,0.327484130859375,0.9808,0.3046,True
sample_000248,gzip,65536,188,0.00286865234375,0.3825,0.0475,True
sample_000248,bz2,65536,100,0.00152587890625,22.8323,1.638,True
sample_000248,lzma,65536,160,0.00244140625,10.7786,0.409,True
sample_000248,zstd,65536,34,0.000518798828125,0.0452,0.0305,True
sample_000249,gzip,65536,244,0.00372314453125,1.0198,0.116,True
sample_000249,bz2,65536,425,0.0064849853515625,1.2044,0.5155,True
sample_000249,lzma,65536,284,0.00433349609375,13.0578,0.5772,True
sample_000249,zstd,65536,178,0.002716064453125,0.3246,0.0512,True
sample_000250,gzip,65536,9083,0.1385955810546875,4.451,0.1648,True
sample_000250,bz2,65536,6692,0.10211181640625,12.7328,2.6816,True
sample_000250,lzma,65536,7412,0.11309814453125,54.1112,1.2055,True
sample_000250,zstd,65536,10822,0.165130615234375,0.5212,0.1858,True
sample_000251,gzip,65536,23078,0.352142333984375,6.0414,0.2559,True
sample_000251,bz2,65536,22402,0.341827392578125,15.7615,3.4695,True
sample_000251,lzma,65536,20624,0.314697265625,39.1283,3.0761,True
sample_000251,zstd,65536,23549,0.3593292236328125,0.4759,0.1481,True
sample_000252,gzip,262144,262242,1.0003738403320312,14.6512,0.1407,True
sample_000252,bz2,262144,263762,1.0061721801757812,70.0323,35.816,True
sample_000252,lzma,262144,262216,1.000274658203125,145.8807,0.9072,True
sample_000252,zstd,262144,262159,1.0000572204589844,0.7965,0.023,True
sample_000253,gzip,262144,75958,0.28975677490234375,491.8908,1.6397,True
sample_000253,bz2,262144,71747,0.2736930847167969,48.7247,18.5822,True
sample_000253,lzma,262144,73012,0.2785186767578125,265.024,9.3894,True
sample_000253,zstd,262144,85804,0.3273162841796875,4.7559,1.1493,True
sample_000254,gzip,262144,890,0.00339508056640625,1.3083,0.884,True
sample_000254,bz2,262144,262,0.00099945068359375,105.7695,6.9139,True
sample_000254,lzma,262144,240,0.00091552734375,16.3691,1.3833,True
sample_000254,zstd,262144,98,0.00037384033203125,0.4921,0.211,True
sample_000255,gzip,262144,2456,0.009368896484375,15.0293,0.209,True
sample_000255,bz2,262144,3799,0.014492034912109375,5.3925,1.9517,True
sample_000255,lzma,262144,2080,0.0079345703125,30.8095,1.54,True
sample_000255,zstd,262144,1788,0.0068206787109375,0.6361,0.2611,True
sample_000256,gzip,262144,35008,0.133544921875,19.5286,0.5763,True
sample_000256,bz2,262144,25562,0.09751129150390625,53.9562,11.5499,True
sample_000256,lzma,262144,26328,0.100433349609375,235.5903,4.3942,True
sample_000256,zstd,262144,43159,0.16463851928710938,3.2673,0.8064,True
sample_000257,gzip,262144,80216,0.305999755859375,77.0132,0.5862,True
sample_000257,bz2,262144,75728,0.28887939453125,96.604,12.448,True
sample_000257,lzma,262144,75232,0.2869873046875,117.8885,10.7768,True
sample_000257,zstd,262144,85196,0.3249969482421875,2.3838,0.4126,True
sample_000258,gzip,1048576,1048914,1.0003223419189453,61.9104,2.312,True
sample_000258,bz2,1048576,1053882,1.0050601959228516,289.974,121.3626,True
sample_000258,lzma,1048576,1048688,1.0001068115234375,606.3556,4.3108,True
sample_000258,zstd,1048576,1048609,1.0000314712524414,2.3307,0.8356,True
sample_000259,gzip,1048576,157078,0.14980125427246094,2790.3528,2.9817,True
sample_000259,bz2,1048576,168081,0.1602945327758789,186.9833,74.2046,True
sample_000259,lzma,1048576,143684,0.13702774047851562,1986.8594,27.4704,True
sample_000259,zstd,1048576,195937,0.1868600845336914,10.271,4.8151,True
sample_000260,gzip,1048576,3766,0.0035915374755859375,5.0116,1.4447,True
sample_000260,bz2,1048576,1051,0.0010023117065429688,703.2036,19.0783,True
sample_000260,lzma,1048576,420,0.000400543212890625,41.723,5.4329,True
sample_000260,zstd,1048576,234,0.0002231597900390625,0.8337,0.8177,True
sample_000261,gzip,1048576,9540,0.009098052978515625,65.6241,1.7241,True
sample_000261,bz2,1048576,11339,0.010813713073730469,14.8785,7.7868,True
sample_000261,lzma,1048576,7960,0.00759124755859375,100.4835,6.8853,True
sample_000261,zstd,1048576,9473,0.009034156799316406,1.4372,1.3842,True
sample_000262,gzip,1048576,395763,0.3774290084838867,249.5418,6.6061,True
sample_000262,bz2,1048576,342025,0.32618045806884766,168.5572,86.7289,True
sample_000262,lzma,1048576,295464,0.28177642822265625,1168.2511,42.5906,True
sample_000262,zstd,1048576,437150,0.4168987274169922,21.9534,5.9204,True
sample_000263,gzip,1048576,362716,0.3459129333496094,66.8722,3.1712,True
sample_000263,bz2,1048576,345528,0.32952117919921875,458.2834,65.1334,True
sample_000263,lzma,1048576,345060,0.3290748596191406,433.3706,31.5845,True
sample_000263,zstd,1048576,351964,0.3356590270996094,6.3136,2.3376,True
sample_000264,gzip,16384,16407,1.00140380859375,0.469,0.0212,True
sample_000264,bz2,16384,16857,1.02886962890625,6.457,1.7543,True
sample_000264,lzma,16384,16444,1.003662109375,17.5079,0.1061,True
sample_000264,zstd,16384,16394,1.0006103515625,0.056,0.0051,True
sample_000265,gzip,16384,7579,0.46258544921875,1.9888,0.1076,True
sample_000265,bz2,16384,6456,0.39404296875,3.4012,1.0354,True
sample_000265,lzma,16384,7256,0.44287109375,16.193,0.9923,True
sample_000265,zstd,16384,7396,0.451416015625,0.3561,0.1064,True
sample_000266,gzip,16384,177,0.01080322265625,0.088,0.0282,True
sample_000266,bz2,16384,221,0.01348876953125,6.8477,0.3998,True
sample_000266,lzma,16384,192,0.01171875,12.2099,0.1707,True
sample_000266,zstd,16384,84,0.005126953125,0.0155,0.0039,True
sample_000267,gzip,16384,211,0.01287841796875,0.2874,0.0196,True
sample_000267,bz2,16384,381,0.02325439453125,0.4123,0.1902,True
sample_000267,lzma,16384,240,0.0146484375,11.4633,0.0901,True
sample_000267,zstd,16384,195,0.01190185546875,0.0139,0.1046,True
sample_000268,gzip,16384,2488,0.15185546875,0.6696,0.0514,True
sample_000268,bz2,16384,1719,0.10491943359375,3.8874,0.5841,True
sample_000268,lzma,16384,2300,0.140380859375,19.8811,0.4518,True
sample_000268,zstd,16384,2758,0.1683349609375,0.1486,0.059,True
sample_000269,gzip,16384,5132,0.313232421875,1.1969,0.1272,True
sample_000269,bz2,16384,5603,0.34197998046875,3.9221,1.0263,True
sample_000269,lzma,16384,4776,0.29150390625,15.0208,0.7279,True
sample_000269,zstd,16384,5041,0.30767822265625,0.1159,0.0317,True
sample_000270,gzip,65536,65574,1.000579833984375,3.1695,0.0477,True
sample_000270,bz2,65536,66168,1.0096435546875,19.4471,7.5865,True
sample_000270,lzma,65536,65600,1.0009765625,38.2064,0.2893,True
sample_000270,zstd,65536,65546,1.000152587890625,0.1281,0.014,True
sample_000271,gzip,65536,29279,0.4467620849609375,27.7361,0.5358,True
sample_000271,bz2,65536,25540,0.38970947265625,12.4985,4.5924,True
sample_000271,lzma,65536,27372,0.41766357421875,40.1613,3.1547,True
sample_000271,zstd,65536,28208,0.430419921875,1.6476,0.2987,True
sample_000272,gzip,65536,191,0.0029144287109375,0.3411,0.0719,True
sample_000272,bz2,65536,99,0.0015106201171875,24.6744,1.8671,True
sample_000272,lzma,65536,160,0.00244140625,12.0039,0.4962,True
sample_000272,zstd,65536,34,0.000518798828125,0.0193,0.0475,True
sample_000273,gzip,65536,265,0.0040435791015625,0.7547,0.0769,True
sample_000273,bz2,65536,488,0.0074462890625,1.1539,0.4694,True
sample_000273,lzma,65536,304,0.004638671875,12.7779,0.5407,True
sample_000273,zstd,65536,202,0.003082275390625,0.1561,0.069,True
sample_000274,gzip,65536,9105,0.1389312744140625,4.2848,0.189,True
sample_000274,bz2,65536,6695,0.1021575927734375,11.7099,1.8238,True
sample_000274,lzma,65536,7328,0.11181640625,55.8716,2.2048,True
sample_000274,zstd,65536,10727,0.1636810302734375,0.8557,0.2272,True
sample_000275,gzip,65536,24772,0.37799072265625,3.3644,0.3086,True
sample_000275,bz2,65536,23543,0.3592376708984375,26.1593,3.7753,True
sample_000275,lzma,65536,23368,0.3565673828125,27.1737,6.1626,True
sample_000275,zstd,65536,25531,0.3895721435546875,0.4653,0.2124,True
sample_000276,gzip,262144,262242,1.0003738403320312,15.0669,0.3908,True
sample_000276,bz2,262144,263750,1.0061264038085938,63.7856,29.2992,True
sample_000276,lzma,262144,262216,1.000274658203125,140.7318,0.7976,True
sample_000276,zstd,262144,262159,1.0000572204589844,0.8642,0.0341,True
sample_000277,gzip,262144,76060,0.2901458740234375,484.0048,1.3084,True
sample_000277,bz2,262144,71675,0.2734184265136719,51.3736,18.9924,True
sample_000277,lzma,262144,72508,0.2765960693359375,256.3369,9.212,True
sample_000277,zstd,262144,85631,0.3266563415527344,4.8483,1.4079,True
sample_000278,gzip,262144,296,0.001129150390625,1.1924,0.1623,True
sample_000278,bz2,262144,55,0.000209808349609375,72.267,3.21,True
sample_000278,lzma,262144,176,0.00067138671875,16.2823,1.2846,True
sample_000278,zstd,262144,36,0.0001373291015625,0.5119,0.2544,True
sample_000279,gzip,262144,32489,0.12393569946289062,21.2725,0.5016,True
sample_000279,bz2,262144,24022,0.09163665771484375,12.1643,4.6478,True
sample_000279,lzma,262144,21484,0.0819549560546875,234.1675,5.4559,True
sample_000279,zstd,262144,20861,0.07957839965820312,1.6759,0.6576,True
sample_000280,gzip,262144,34706,0.13239288330078125,17.6156,0.6266,True
sample_000280,bz2,262144,21337,0.08139419555664062,51.1937,11.3135,True
sample_000280,lzma,262144,27744,0.1058349609375,249.7789,4.9512,True
sample_000280,zstd,262144,42501,0.16212844848632812,2.5019,0.759,True
sample_000281,gzip,262144,93392,0.35626220703125,119.7143,0.7561,True
sample_000281,bz2,262144,89779,0.3424797058105469,108.5388,15.9447,True
sample_000281,lzma,262144,82680,0.315399169921875,166.12,11.9112,True
sample_000281,zstd,262144,94923,0.3621025085449219,2.6672,0.9546,True
sample_000282,gzip,1048576,1048914,1.0003223419189453,62.8236,2.2043,True
sample_000282,bz2,1048576,1053657,1.0048456192016602,306.162,173.9161,True
sample_000282,lzma,1048576,1048688,1.0001068115234375,595.1042,3.9106,True
sample_000282,zstd,1048576,1048609,1.0000314712524414,2.3228,0.6532,True
sample_000283,gzip,1048576,600095,0.5722951889038086,138.7266,8.812,True
sample_000283,bz2,1048576,534086,0.5093441009521484,204.4958,115.9197,True
sample_000283,lzma,1048576,564240,0.5381011962890625,1193.4039,65.9992,True
sample_000283,zstd,1048576,543464,0.5182876586914062,25.3133,4.6588,True
sample_000284,gzip,1048576,3768,0.00359344482421875,4.2257,1.4315,True
sample_000284,bz2,1048576,1056,0.001007080078125,662.6293,24.9498,True
sample_000284,lzma,1048576,420,0.000400543212890625,44.1074,5.0182,True
sample_000284,zstd,1048576,234,0.0002231597900390625,0.9857,0.6956,True
sample_000285,gzip,1048576,9563,0.009119987487792969,62.6128,1.94,True
sample_000285,bz2,1048576,11394,0.010866165161132812,17.5048,9.542,True
sample_000285,lzma,1048576,7960,0.00759124755859375,110.9602,6.9567,True
sample_000285,zstd,1048576,9502,0.009061813354492188,1.4229,1.3038,True
sample_000286,gzip,1048576,137131,0.13077831268310547,72.9237,3.1752,True
sample_000286,bz2,1048576,80859,0.07711315155029297,291.2765,53.687,True
sample_000286,lzma,1048576,102792,0.09803009033203125,1107.3932,19.0051,True
sample_000286,zstd,1048576,168966,0.16113853454589844,9.7431,3.995,True
sample_000287,gzip,1048576,301796,0.2878150939941406,420.5905,3.0473,True
sample_000287,bz2,1048576,290531,0.2770719528198242,469.167,62.319,True
sample_000287,lzma,1048576,292824,0.27925872802734375,517.9071,27.7145,True
sample_000287,zstd,1048576,312244,0.2977790832519531,8.246,2.5866,True
sample_000288,gzip,16384,16407,1.00140380859375,0.4363,0.0115,True
sample_000288,bz2,16384,16857,1.02886962890625,6.2482,2.096,True
sample_000288,lzma,16384,16444,1.003662109375,17.469,0.1407,True
sample_000288,zstd,16384,16394,1.0006103515625,0.05,0.0085,True
sample_000289,gzip,16384,2740,0.167236328125,14.5793,0.0516,True
sample_000289,bz2,16384,2722,0.1661376953125,4.1588,1.0155,True
sample_000289,lzma,16384,2604,0.158935546875,25.2842,0.4032,True
sample_000289,zstd,16384,3141,0.19171142578125,0.1634,0.071,True
sample_000290,gzip,16384,73,0.00445556640625,0.1066,0.017,True
sample_000290,bz2,16384,66,0.0040283203125,4.883,0.3134,True
sample_000290,lzma,16384,128,0.0078125,9.6932,0.211,True
sample_000290,zstd,16384,26,0.0015869140625,0.0419,0.0097,True
sample_000291,gzip,16384,576,0.03515625,0.734,0.0394,True
sample_000291,bz2,16384,842,0.0513916015625,0.9913,0.247,True
sample_000291,lzma,16384,516,0.031494140625,14.167,0.1938,True
sample_000291,zstd,16384,426,0.0260009765625,0.0449,0.0386,True
sample_000292,gzip,16384,2517,0.15362548828125,0.6805,0.0725,True
sample_000292,bz2,16384,1752,0.10693359375,3.6023,0.7836,True
sample_000292,lzma,16384,2292,0.139892578125,20.6008,0.5058,True
sample_000292,zstd,16384,2756,0.168212890625,0.0826,0.0332,True
sample_000293,gzip,16384,6631,0.40472412109375,0.4921,0.0996,True
sample_000293,bz2,16384,6729,0.41070556640625,9.5422,1.123,True
sample_000293,lzma,16384,6288,0.3837890625,14.997,0.8785,True
sample_000293,zstd,16384,6543,0.39935302734375,0.1137,0.0874,True
sample_000294,gzip,65536,65574,1.000579833984375,2.4899,0.0382,True
sample_000294,bz2,65536,66190,1.009979248046875,18.7876,7.4392,True
sample_000294,lzma,65536,65600,1.0009765625,43.5224,0.2312,True
sample_000294,zstd,65536,65546,1.000152587890625,0.2022,0.0093,True
sample_000295,gzip,65536,38292,0.58428955078125,13.2479,0.5298,True
sample_000295,bz2,65536,33514,0.511383056640625,11.8551,6.3301,True
sample_000295,lzma,65536,36868,0.56256103515625,46.1873,3.9149,True
sample_000295,zstd,65536,33052,0.50433349609375,0.8757,0.0696,True
sample_000296,gzip,65536,104,0.0015869140625,0.2668,0.0322,True
sample_000296,bz2,65536,54,0.000823974609375,18.2583,0.906,True
sample_000296,lzma,65536,148,0.00225830078125,11.1369,0.5008,True
sample_000296,zstd,65536,22,0.000335693359375,0.0456,0.0428,True
sample_000297,gzip,65536,262,0.003997802734375,0.841,0.0466,True
sample_000297,bz2,65536,478,0.007293701171875,1.2107,0.46,True
sample_000297,lzma,65536,300,0.00457763671875,12.307,0.5195,True
sample_000297,zstd,65536,199,0.0030364990234375,0.0507,0.0596,True
sample_000298,gzip,65536,27169,0.4145660400390625,12.8288,0.4869,True
sample_000298,bz2,65536,22928,0.349853515625,12.3812,4.2829,True
sample_000298,lzma,65536,20932,0.31939697265625,46.8887,3.7619,True
sample_000298,zstd,65536,27407,0.4181976318359375,1.3309,0.2748,True
sample_000299,gzip,65536,30990,0.472869873046875,3.3751,0.333,True
sample_000299,bz2,65536,29573,0.4512481689453125,27.7899,5.1342,True
sample_000299,lzma,65536,27312,0.416748046875,37.2125,3.97,True
sample_000299,zstd,65536,33085,0.5048370361328125,0.3032,0.1104,True
sample_000300,gzip,262144,262242,1.0003738403320312,13.5837,0.1796,True
sample_000300,bz2,262144,263673,1.0058326721191406,70.2639,31.0811,True
sample_000300,lzma,262144,262216,1.000274658203125,146.3003,1.0722,True
sample_000300,zstd,262144,262159,1.0000572204589844,1.0349,0.0232,True
sample_000301,gzip,262144,112749,0.4301033020019531,140.9689,1.2439,True
sample_000301,bz2,262144,101839,0.3884849548339844,47.6068,20.7082,True
sample_000301,lzma,262144,107528,0.410186767578125,182.5727,11.0438,True
sample_000301,zstd,262144,117366,0.44771575927734375,6.8711,1.8292,True
sample_000302,gzip,262144,889,0.003391265869140625,1.3046,0.3408,True
sample_000302,bz2,262144,257,0.000980377197265625,99.1949,6.8236,True
sample_000302,lzma,262144,240,0.00091552734375,16.7664,1.366,True
sample_000302,zstd,262144,98,0.00037384033203125,0.5336,0.0533,True
sample_000303,gzip,262144,894,0.00341033935546875,4.2174,0.8051,True
sample_000303,bz2,262144,1659,0.006328582763671875,3.3841,1.563,True
sample_000303,lzma,262144,804,0.0030670166015625,24.7593,1.2478,True
sample_000303,zstd,262144,565,0.002155303955078125,0.5212,0.1745,True
sample_000304,gzip,262144,34653,0.13219070434570312,18.9991,0.6235,True
sample_000304,bz2,262144,21009,0.08014297485351562,53.6287,11.6374,True
sample_000304,lzma,262144,27712,0.105712890625,248.5446,4.8061,True
sample_000304,zstd,262144,42437,0.16188430786132812,2.6254,1.0072,True
sample_000305,gzip,262144,77558,0.29586029052734375,117.6804,0.5039,True
sample_000305,bz2,262144,76694,0.29256439208984375,102.4778,15.6632,True
sample_000305,lzma,262144,71600,0.27313232421875,165.6019,9.2611,True
sample_000305,zstd,262144,76829,0.2930793762207031,1.9746,0.5745,True
sample_000306,gzip,1048576,1048914,1.0003223419189453,57.3546,2.4615,True
sample_000306,bz2,1048576,1053204,1.0044136047363281,302.5931,146.4197,True
sample_000306,lzma,1048576,1048688,1.0001068115234375,605.4927,4.0972,True
sample_000306,zstd,1048576,1048609,1.0000314712524414,2.0664,0.7454,True
sample_000307,gzip,1048576,157140,0.14986038208007812,2714.3064,2.8844,True
sample_000307,bz2,1048576,167980,0.16019821166992188,181.0436,78.3292,True
sample_000307,lzma,1048576,144304,0.1376190185546875,2044.6825,18.0973,True
sample_000307,zstd,1048576,195868,0.18679428100585938,8.1462,4.1019,True
sample_000308,gzip,1048576,2630,0.0025081634521484375,5.3173,1.9686,True
sample_000308,bz2,1048576,345,0.00032901763916015625,628.2968,16.8776,True
sample_000308,lzma,1048576,320,0.00030517578125,39.2081,5.6594,True
sample_000308,zstd,1048576,138,0.0001316070556640625,0.9416,1.465,True
sample_000309,gzip,1048576,3240,0.00308990478515625,14.7799,1.5115,True
sample_000309,bz2,1048576,4696,0.00447845458984375,15.4786,7.3276,True
sample_000309,lzma,1048576,2672,0.0025482177734375,58.1099,6.11,True
sample_000309,zstd,1048576,3470,0.0033092498779296875,1.2011,1.5526,True
sample_000310,gzip,1048576,137197,0.13084125518798828,77.0777,3.2514,True
sample_000310,bz2,1048576,104690,0.09984016418457031,263.9865,56.9002,True
sample_000310,lzma,1048576,100452,0.09579849243164062,1150.4174,19.2492,True
sample_000310,zstd,1048576,172588,0.16459274291992188,8.2504,3.5284,True
sample_000311,gzip,1048576,359579,0.34292125701904297,124.0712,3.2471,True
sample_000311,bz2,1048576,349001,0.33283329010009766,468.9778,70.7581,True
sample_000311,lzma,1048576,335368,0.31983184814453125,563.1359,23.2256,True
sample_000311,zstd,1048576,354632,0.33820343017578125,9.4421,2.8839,True
sample_000312,gzip,16384,16407,1.00140380859375,0.4739,0.0213,True
sample_000312,bz2,16384,16865,1.02935791015625,6.6044,1.8115,True
sample_000312,lzma,16384,16444,1.003662109375,16.7984,0.1357,True
sample_000312,zstd,16384,16394,1.0006103515625,0.056,0.0052,True
sample_000313,gzip,16384,5175,0.31585693359375,6.0443,0.0837,True
sample_000313,bz2,16384,4590,0.2801513671875,3.5782,1.069,True
sample_000313,lzma,16384,4916,0.300048828125,18.0973,0.7062,True
sample_000313,zstd,16384,5525,0.33721923828125,0.2038,0.0805,True
sample_000314,gzip,16384,265,0.01617431640625,0.0784,0.0202,True
sample_000314,bz2,16384,380,0.023193359375,3.6003,0.518,True
sample_000314,lzma,16384,256,0.015625,10.19,0.1518,True
sample_000314,zstd,16384,148,0.009033203125,0.0215,0.0049,True
sample_000315,gzip,16384,96,0.005859375,0.1846,0.025,True
sample_000315,bz2,16384,151,0.00921630859375,0.3485,0.1511,True
sample_000315,lzma,16384,152,0.00927734375,10.5986,0.1513,True
sample_000315,zstd,16384,65,0.00396728515625,0.0288,0.0149,True
sample_000316,gzip,16384,2507,0.15301513671875,0.6765,0.0545,True
sample_000316,bz2,16384,1748,0.106689453125,3.4932,0.6787,True
sample_000316,lzma,16384,2272,0.138671875,20.3649,0.472,True
sample_000316,zstd,16384,2774,0.1693115234375,0.2151,0.0354,True
sample_000317,gzip,16384,5686,0.3470458984375,0.6377,0.0775,True
sample_000317,bz2,16384,5724,0.349365234375,7.1075,1.0599,True
sample_000317,lzma,16384,5228,0.319091796875,15.3901,0.8261,True
sample_000317,zstd,16384,5547,0.33856201171875,0.2521,0.0621,True
sample_000318,gzip,65536,65574,1.000579833984375,2.984,0.0442,True
sample_000318,bz2,65536,66169,1.0096588134765625,18.8875,7.1163,True
sample_000318,lzma,65536,65600,1.0009765625,41.1628,0.3343,True
sample_000318,zstd,65536,65546,1.000152587890625,0.1343,0.0102,True
sample_000319,gzip,65536,10352,0.157958984375,134.6407,0.1959,True
sample_000319,bz2,65536,10597,0.1616973876953125,11.0412,3.9615,True
sample_000319,lzma,65536,9460,0.14434814453125,88.7975,1.229,True
sample_000319,zstd,65536,12306,0.187774658203125,0.4623,0.1575,True
sample_000320,gzip,65536,104,0.0015869140625,0.2769,0.0626,True
sample_000320,bz2,65536,54,0.000823974609375,18.1144,0.7556,True
sample_000320,lzma,65536,148,0.00225830078125,8.8472,0.4008,True
sample_000320,zstd,65536,22,0.000335693359375,0.0429,0.0439,True
sample_000321,gzip,65536,7987,0.1218719482421875,3.9218,0.1034,True
sample_000321,bz2,65536,7034,0.107330322265625,4.4721,1.02,True
sample_000321,lzma,65536,5412,0.08258056640625,50.303,1.1533,True
sample_000321,zstd,65536,5167,0.0788421630859375,0.3187,0.1432,True
sample_000322,gzip,65536,9074,0.138458251953125,3.6519,0.1668,True
sample_000322,bz2,65536,5847,0.0892181396484375,10.3489,2.2444,True
sample_000322,lzma,65536,7752,0.1182861328125,54.4124,1.3105,True
sample_000322,zstd,65536,10731,0.1637420654296875,0.5356,0.1785,True
sample_000323,gzip,65536,22977,0.3506011962890625,2.6983,0.2558,True
sample_000323,bz2,65536,22161,0.3381500244140625,16.4683,3.8278,True
sample_000323,lzma,65536,21304,0.3250732421875,29.6102,2.6584,True
sample_000323,zstd,65536,24593,0.3752593994140625,0.4015,0.1338,True
sample_000324,gzip,262144,262242,1.0003738403320312,13.3409,0.3674,True
sample_000324,bz2,262144,263734,1.0060653686523438,62.0269,30.8162,True
sample_000324,lzma,262144,262216,1.000274658203125,146.4037,0.8925,True
sample_000324,zstd,262144,262159,1.0000572204589844,0.9791,0.017,True
sample_000325,gzip,262144,75989,0.2898750305175781,519.2683,1.2404,True
sample_000325,bz2,262144,71732,0.2736358642578125,49.177,19.9233,True
sample_000325,lzma,262144,73016,0.278533935546875,268.5288,9.26,True
sample_000325,zstd,262144,85782,0.32723236083984375,4.385,1.22,True
sample_000326,gzip,262144,718,0.00273895263671875,1.1979,0.5,True
sample_000326,bz2,262144,157,0.000598907470703125,97.1773,5.9659,True
sample_000326,lzma,262144,208,0.00079345703125,16.3518,1.2866,True
sample_000326,zstd,262144,66,0.00025177001953125,0.5053,0.1084,True
sample_000327,gzip,262144,32442,0.12375640869140625,22.0452,0.4432,True
sample_000327,bz2,262144,23919,0.09124374389648438,10.9646,4.2727,True
sample_000327,lzma,262144,21420,0.0817108154296875,189.94,4.8361,True
sample_000327,zstd,262144,20796,0.0793304443359375,1.6319,0.6961,True
sample_000328,gzip,262144,34781,0.13267898559570312,19.2019,0.7337,True
sample_000328,bz2,262144,21041,0.08026504516601562,57.4873,12.3866,True
sample_000328,lzma,262144,27688,0.105621337890625,240.0629,4.8836,True
sample_000328,zstd,262144,42532,0.1622467041015625,2.7523,0.5884,True
sample_000329,gzip,262144,73680,0.28106689453125,100.5277,0.51,True
sample_000329,bz2,262144,70877,0.2703742980957031,100.2165,12.2647,True
sample_000329,lzma,262144,68268,0.2604217529296875,147.7568,10.2908,True
sample_000329,zstd,262144,73693,0.2811164855957031,1.9626,0.4446,True
sample_000330,gzip,1048576,1048914,1.0003223419189453,57.5063,2.3824,True
sample_000330,bz2,1048576,1053663,1.0048513412475586,299.7014,148.8366,True
sample_000330,lzma,1048576,1048688,1.0001068115234375,585.574,3.6526,True
sample_000330,zstd,1048576,1048609,1.0000314712524414,2.0797,0.7773,True
sample_000331,gzip,1048576,446680,0.42598724365234375,413.1913,7.2353,True
sample_000331,bz2,1048576,407028,0.3881721496582031,199.655,93.5796,True
sample_000331,lzma,1048576,427632,0.4078216552734375,1353.0674,48.742,True
sample_000331,zstd,1048576,468949,0.44722461700439453,24.41,7.055,True
sample_000332,gzip,1048576,1574,0.0015010833740234375,4.9849,1.6126,True
sample_000332,bz2,1048576,147,0.00014019012451171875,407.4843,13.0075,True
sample_000332,lzma,1048576,292,0.000278472900390625,31.699,4.5066,True
sample_000332,zstd,1048576,112,0.0001068115234375,0.8336,1.1814,True
sample_000333,gzip,1048576,9485,0.009045600891113281,57.6954,1.6688,True
sample_000333,bz2,1048576,11269,0.010746955871582031,15.6345,7.6949,True
sample_000333,lzma,1048576,7876,0.007511138916015625,106.7002,6.3623,True
sample_000333,zstd,1048576,9464,0.00902557373046875,1.5774,1.3299,True
sample_000334,gzip,1048576,396101,0.37775135040283203,269.9981,7.3488,True
sample_000334,bz2,1048576,344228,0.3282814025878906,180.1133,81.7426,True
sample_000334,lzma,1048576,292724,0.2791633605957031,1150.794,44.9715,True
sample_000334,zstd,1048576,437399,0.41713619232177734,20.5227,7.5486,True
sample_000335,gzip,1048576,329619,0.3143491744995117,580.3175,2.8169,True
sample_000335,bz2,1048576,322925,0.3079652786254883,467.2503,66.0665,True
sample_000335,lzma,1048576,304540,0.2904319763183594,587.6874,21.8402,True
sample_000335,zstd,1048576,338810,0.32311439514160156,8.8574,2.6294,True
sample_000336,gzip,16384,16407,1.00140380859375,0.4647,0.1731,True
sample_000336,bz2,16384,16856,1.02880859375,6.6061,1.4875,True
sample_000336,lzma,16384,16444,1.003662109375,17.5807,0.1111,True
sample_000336,zstd,16384,16394,1.0006103515625,0.0549,0.0054,True
sample_000337,gzip,16384,2738,0.1671142578125,12.799,0.055,True
sample_000337,bz2,16384,2724,0.166259765625,3.8518,0.9591,True
sample_000337,lzma,16384,2592,0.158203125,27.805,0.442,True
sample_000337,zstd,16384,3195,0.19500732421875,0.1699,0.0705,True
sample_000338,gzip,16384,125,0.00762939453125,0.0956,0.0306,True
sample_000338,bz2,16384,142,0.0086669921875,6.3994,0.3571,True
sample_000338,lzma,16384,156,0.009521484375,9.7749,0.163,True
sample_000338,zstd,16384,51,0.00311279296875,0.029,0.0089,True
sample_000339,gzip,16384,1923,0.11737060546875,0.6683,0.0453,True
sample_000339,bz2,16384,2417,0.14752197265625,2.1344,0.4674,True
sample_000339,lzma,16384,1464,0.08935546875,19.7155,0.3193,True
sample_000339,zstd,16384,1325,0.08087158203125,0.073,0.0378,True
sample_000340,gzip,16384,2426,0.1480712890625,0.6696,0.0646,True
sample_000340,bz2,16384,1871,0.11419677734375,3.4158,0.6968,True
sample_000340,lzma,16384,2112,0.12890625,18.0824,0.4888,True
sample_000340,zstd,16384,2712,0.16552734375,0.1548,0.0458,True
sample_000341,gzip,16384,6295,0.38421630859375,0.5454,0.0801,True
sample_000341,bz2,16384,6203,0.37860107421875,8.553,1.1259,True
sample_000341,lzma,16384,5744,0.3505859375,16.1999,0.937,True
sample_000341,zstd,16384,6275,0.38299560546875,0.1715,0.0501,True
sample_000342,gzip,65536,65574,1.000579833984375,2.9972,0.0183,True
sample_000342,bz2,65536,66193,1.0100250244140625,18.8051,7.1828,True
sample_000342,lzma,65536,65600,1.0009765625,40.2561,0.3492,True
sample_000342,zstd,65536,65546,1.000152587890625,0.1493,0.011,True
sample_000343,gzip,65536,10339,0.1577606201171875,137.9126,0.2435,True
sample_000343,bz2,65536,10612,0.16192626953125,11.1334,4.3081,True
sample_000343,lzma,65536,9488,0.144775390625,90.071,1.4341,True
sample_000343,zstd,65536,12331,0.1881561279296875,0.567,0.2492,True
sample_000344,gzip,65536,190,0.002899169921875,0.3298,0.0851,True
sample_000344,bz2,65536,105,0.0016021728515625,22.8918,1.7111,True
sample_000344,lzma,65536,160,0.00244140625,10.7933,0.5189,True
sample_000344,zstd,65536,34,0.000518798828125,0.4736,0.0323,True
sample_000345,gzip,65536,8120,0.1239013671875,4.6012,0.2417,True
sample_000345,bz2,65536,7089,0.1081695556640625,5.4327,1.477,True
sample_000345,lzma,65536,5476,0.08355712890625,49.1487,1.1707,True
sample_000345,zstd,65536,5232,0.079833984375,0.221,0.2106,True
sample_000346,gzip,65536,9030,0.137786865234375,4.1466,0.1688,True
sample_000346,bz2,65536,5842,0.089141845703125,12.3087,2.6644,True
sample_000346,lzma,65536,7688,0.1173095703125,56.201,1.3757,True
sample_000346,zstd,65536,10799,0.1647796630859375,0.6789,0.2642,True
sample_000347,gzip,65536,24217,0.3695220947265625,11.693,0.2865,True
sample_000347,bz2,65536,23661,0.3610382080078125,24.9906,4.4781,True
sample_000347,lzma,65536,22084,0.33697509765625,41.4035,3.1545,True
sample_000347,zstd,65536,25447,0.3882904052734375,0.4877,0.1962,True
sample_000348,gzip,262144,262242,1.0003738403320312,14.8656,0.2801,True
sample_000348,bz2,262144,263740,1.0060882568359375,73.1462,32.0542,True
sample_000348,lzma,262144,262216,1.000274658203125,147.6291,0.7914,True
sample_000348,zstd,262144,262159,1.0000572204589844,0.9181,0.0471,True
sample_000349,gzip,262144,150744,0.575042724609375,50.4617,2.2498,True
sample_000349,bz2,262144,133657,0.5098609924316406,48.1141,22.0262,True
sample_000349,lzma,262144,143464,0.547271728515625,179.9896,18.2528,True
sample_000349,zstd,262144,149102,0.5687789916992188,7.6699,1.7218,True
sample_000350,gzip,262144,430,0.00164031982421875,1.1391,0.266,True
sample_000350,bz2,262144,70,0.00026702880859375,80.6561,3.3667,True
sample_000350,lzma,262144,180,0.0006866455078125,17.2904,1.5122,True
sample_000350,zstd,262144,40,0.000152587890625,0.6138,0.1748,True
sample_000351,gzip,262144,32303,0.12322616577148438,21.7567,0.6605,True
sample_000351,bz2,262144,23868,0.0910491943359375,12.849,5.0804,True
sample_000351,lzma,262144,21404,0.0816497802734375,244.7089,4.0791,True
sample_000351,zstd,262144,20777,0.07925796508789062,1.612,0.6579,True
sample_000352,gzip,262144,102367,0.3904991149902344,56.4932,1.9798,True
sample_000352,bz2,262144,88923,0.3392143249511719,41.7565,17.6959,True
sample_000352,lzma,262144,77776,0.29669189453125,192.0772,12.2299,True
sample_000352,zstd,262144,114639,0.4373130798339844,5.9613,1.5358,True
sample_000353,gzip,262144,95493,0.3642768859863281,17.7377,1.5011,True
sample_000353,bz2,262144,91647,0.3496055603027344,91.6451,13.4304,True
sample_000353,lzma,262144,90728,0.346099853515625,110.9751,13.1217,True
sample_000353,zstd,262144,98422,0.37545013427734375,2.6809,0.4851,True
sample_000354,gzip,1048576,1048914,1.0003223419189453,55.93,2.3185,True
sample_000354,bz2,1048576,1053908,1.0050849914550781,289.3794,143.0021,True
sample_000354,lzma,1048576,1048688,1.0001068115234375,605.4676,3.9026,True
sample_000354,zstd,1048576,1048609,1.0000314712524414,2.1144,0.9248,True
sample_000355,gzip,1048576,300641,0.2867136001586914,2376.9475,5.2164,True
sample_000355,bz2,1048576,286756,0.2734718322753906,197.7503,98.7542,True
sample_000355,lzma,1048576,287916,0.2745780944824219,1492.2883,35.8557,True
sample_000355,zstd,1048576,324787,0.3097410202026367,16.6482,5.8653,True
sample_000356,gzip,1048576,1057,0.0010080337524414062,4.1257,1.9436,True
sample_000356,bz2,1048576,94,8.96453857421875e-05,391.7395,12.4509,True
sample_000356,lzma,1048576,288,0.000274658203125,34.8579,5.5915,True
sample_000356,zstd,1048576,108,0.000102996826171875,0.8573,2.2243,True
sample_000357,gzip,1048576,3177,0.0030298233032226562,12.7492,1.684,True
sample_000357,bz2,1048576,4569,0.004357337951660156,14.7791,6.9848,True
sample_000357,lzma,1048576,2624,0.00250244140625,53.1032,6.0672,True
sample_000357,zstd,1048576,3411,0.0032529830932617188,1.0598,1.6563,True
sample_000358,gzip,1048576,396136,0.37778472900390625,254.5126,7.2302,True
sample_000358,bz2,1048576,341928,0.32608795166015625,169.7587,80.5973,True
sample_000358,lzma,1048576,293468,0.2798728942871094,1146.0461,48.0522,True
sample_000358,zstd,1048576,437457,0.4171915054321289,21.3894,7.9975,True
sample_000359,gzip,1048576,390276,0.3721961975097656,70.1709,3.7165,True
sample_000359,bz2,1048576,375520,0.358123779296875,503.469,63.6721,True
sample_000359,lzma,1048576,364392,0.34751129150390625,574.6135,25.692,True
sample_000359,zstd,1048576,370110,0.3529644012451172,7.8042,2.373,True
sample_000360,gzip,16384,16407,1.00140380859375,0.3814,0.0133,True
sample_000360,bz2,16384,16853,1.02862548828125,5.8604,1.4818,True
sample_000360,lzma,16384,16444,1.003662109375,19.6297,0.2381,True
sample_000360,zstd,16384,16394,1.0006103515625,0.0841,0.008,True
sample_000361,gzip,16384,9638,0.5882568359375,1.6032,0.0941,True
sample_000361,bz2,16384,8430,0.5145263671875,4.33,1.4782,True
sample_000361,lzma,16384,9728,0.59375,16.8898,1.0639,True
sample_000361,zstd,16384,8591,0.52435302734375,0.311,0.0555,True
sample_000362,gzip,16384,270,0.0164794921875,0.1009,0.0405,True
sample_000362,bz2,16384,383,0.02337646484375,6.3309,0.3905,True
sample_000362,lzma,16384,256,0.015625,10.4859,0.2431,True
sample_000362,zstd,16384,148,0.009033203125,0.0447,0.0104,True
sample_000363,gzip,16384,207,0.01263427734375,0.3889,0.0418,True
sample_000363,bz2,16384,358,0.0218505859375,0.6013,0.2739,True
sample_000363,lzma,16384,236,0.014404296875,13.0674,0.1911,True
sample_000363,zstd,16384,194,0.0118408203125,0.0206,0.0106,True
sample_000364,gzip,16384,7135,0.43548583984375,1.6841,0.1102,True
sample_000364,bz2,16384,6075,0.37078857421875,4.156,1.2221,True
sample_000364,lzma,16384,5896,0.35986328125,17.6445,1.1559,True
sample_000364,zstd,16384,7346,0.4483642578125,0.3811,0.0798,True
sample_000365,gzip,16384,6119,0.37347412109375,1.1424,0.08,True
sample_000365,bz2,16384,6053,0.36944580078125,7.5427,1.0268,True
sample_000365,lzma,16384,5456,0.3330078125,14.8661,0.8845,True
sample_000365,zstd,16384,6107,0.37274169921875,0.2029,0.0227,True
sample_000366,gzip,65536,65574,1.000579833984375,3.486,0.0359,True
sample_000366,bz2,65536,66195,1.0100555419921875,17.3988,7.4097,True
sample_000366,lzma,65536,65600,1.0009765625,42.7995,0.2881,True
sample_000366,zstd,65536,65546,1.000152587890625,0.3422,0.0075,True
sample_000367,gzip,65536,29340,0.44769287109375,25.1744,0.4565,True
sample_000367,bz2,65536,25568,0.39013671875,10.5774,4.3929,True
sample_000367,lzma,65536,27540,0.42022705078125,44.2724,3.6075,True
sample_000367,zstd,65536,28240,0.430908203125,1.6421,0.24,True
sample_000368,gzip,65536,244,0.00372314453125,0.2905,0.0601,True
sample_000368,bz2,65536,153,0.0023345947265625,20.0704,1.7693,True
sample_000368,lzma,65536,176,0.002685546875,10.5321,0.4687,True
sample_000368,zstd,65536,52,0.00079345703125,0.0468,0.0209,True
sample_000369,gzip,65536,7960,0.1214599609375,3.855,0.1787,True
sample_000369,bz2,65536,7002,0.106842041015625,5.1252,1.3264,True
sample_000369,lzma,65536,5396,0.08233642578125,42.6643,1.1935,True
sample_000369,zstd,65536,5139,0.0784149169921875,0.2854,0.1332,True
sample_000370,gzip,65536,27098,0.413482666015625,12.1278,0.4781,True
sample_000370,bz2,65536,22969,0.3504791259765625,10.9775,4.5939,True
sample_000370,lzma,65536,21056,0.3212890625,46.9609,2.9814,True
sample_000370,zstd,65536,27311,0.4167327880859375,1.0548,0.1745,True
sample_000371,gzip,65536,20243,0.3088836669921875,9.0989,0.2778,True
sample_000371,bz2,65536,20333,0.3102569580078125,24.0346,3.5887,True
sample_000371,lzma,65536,18200,0.2777099609375,39.8389,1.8687,True
sample_000371,zstd,65536,20276,0.30938720703125,0.3321,0.2321,True
sample_000372,gzip,262144,262242,1.0003738403320312,12.4638,0.19,True
sample_000372,bz2,262144,263729,1.0060462951660156,62.0675,29.6387,True
sample_000372,lzma,262144,262216,1.000274658203125,150.0704,0.93,True
sample_000372,zstd,262144,262159,1.0000572204589844,0.9385,0.0418,True
sample_000373,gzip,262144,112768,0.43017578125,98.7143,1.646,True
sample_000373,bz2,262144,101852,0.3885345458984375,48.3624,23.2731,True
sample_000373,lzma,262144,107520,0.41015625,185.6369,12.9775,True
sample_000373,zstd,262144,117095,0.4466819763183594,5.7309,1.4678,True
sample_000374,gzip,262144,570,0.00217437744140625,1.3654,0.1415,True
sample_000374,bz2,262144,107,0.000408172607421875,85.4239,6.5191,True
sample_000374,lzma,262144,192,0.000732421875,17.8043,1.3845,True
sample_000374,zstd,262144,48,0.00018310546875,0.5075,0.2494,True
sample_000375,gzip,262144,2487,0.009487152099609375,14.2475,0.1706,True
sample_000375,bz2,262144,3928,0.014984130859375,5.3407,1.4495,True
sample_000375,lzma,262144,2116,0.0080718994140625,31.3291,1.629,True
sample_000375,zstd,262144,1803,0.006877899169921875,0.5949,0.2297,True
sample_000376,gzip,262144,102494,0.39098358154296875,54.1291,1.8476,True
sample_000376,bz2,262144,89027,0.3396110534667969,42.905,19.2525,True
sample_000376,lzma,262144,78088,0.297882080078125,205.7198,12.3501,True
sample_000376,zstd,262144,114658,0.43738555908203125,5.7048,1.5382,True
sample_000377,gzip,262144,94298,0.35971832275390625,14.9951,0.9811,True
sample_000377,bz2,262144,89321,0.3407325744628906,105.6262,13.2621,True
sample_000377,lzma,262144,88488,0.337554931640625,104.4883,13.3781,True
sample_000377,zstd,262144,96287,0.3673057556152344,3.4733,0.4134,True
sample_000378,gzip,1048576,1048914,1.0003223419189453,57.0385,2.394,True
sample_000378,bz2,1048576,1053712,1.0048980712890625,275.5497,141.0423,True
sample_000378,lzma,1048576,1048688,1.0001068115234375,587.4624,3.5878,True
sample_000378,zstd,1048576,1048609,1.0000314712524414,2.2353,0.7092,True
sample_000379,gzip,1048576,300684,0.2867546081542969,1114.9795,3.1459,True
sample_000379,bz2,1048576,286791,0.27350521087646484,104.7607,62.2544,True
sample_000379,lzma,1048576,287932,0.2745933532714844,847.1592,21.9906,True
sample_000379,zstd,1048576,325467,0.31038951873779297,7.8565,2.0707,True
sample_000380,gzip,1048576,2625,0.0025033950805664062,1.9115,0.9489,True
sample_000380,bz2,1048576,344,0.00032806396484375,306.3309,6.9459,True
sample_000380,lzma,1048576,320,0.00030517578125,20.6049,3.5926,True
sample_000380,zstd,1048576,138,0.0001316070556640625,0.9316,1.281,True
sample_000381,gzip,1048576,33904,0.0323333740234375,40.8548,2.1547,True
sample_000381,bz2,1048576,29655,0.028281211853027344,15.2936,8.4237,True
sample_000381,lzma,1048576,25392,0.0242156982421875,200.6089,6.3815,True
sample_000381,zstd,1048576,26719,0.025481224060058594,1.374,0.9703,True
sample_000382,gzip,1048576,396387,0.3780241012573242,113.0903,4.1856,True
sample_000382,bz2,1048576,344425,0.32846927642822266,110.0907,61.2231,True
sample_000382,lzma,1048576,294608,0.2809600830078125,617.484,26.6164,True
sample_000382,zstd,1048576,437651,0.4173765182495117,9.5707,2.5208,True
sample_000383,gzip,1048576,339906,0.3241596221923828,70.9849,2.078,True
sample_000383,bz2,1048576,326916,0.3117713928222656,238.0969,31.3916,True
sample_000383,lzma,1048576,323608,0.30861663818359375,263.844,16.6219,True
sample_000383,zstd,1048576,344036,0.3280982971191406,4.2866,1.2135,True
sample_000384,gzip,16384,16407,1.00140380859375,0.2013,0.0064,True
sample_000384,bz2,16384,16857,1.02886962890625,3.1642,0.9871,True
sample_000384,lzma,16384,16444,1.003662109375,12.003,0.0664,True
sample_000384,zstd,16384,16394,1.0006103515625,0.0224,0.0081,True
sample_000385,gzip,16384,7545,0.46051025390625,1.2016,0.0587,True
sample_000385,bz2,16384,6462,0.3944091796875,1.8763,0.6526,True
sample_000385,lzma,16384,7332,0.447509765625,10.6214,0.4754,True
sample_000385,zstd,16384,7379,0.45037841796875,0.1635,0.0489,True
sample_000386,gzip,16384,271,0.01654052734375,0.0508,0.0104,True
sample_000386,bz2,16384,402,0.0245361328125,2.8233,0.2019,True
sample_000386,lzma,16384,256,0.015625,7.5776,0.0629,True
sample_000386,zstd,16384,148,0.009033203125,0.0118,0.0035,True
sample_000387,gzip,16384,1964,0.119873046875,0.3657,0.0246,True
sample_000387,bz2,16384,2453,0.14971923828125,1.2028,0.3171,True
sample_000387,lzma,16384,1492,0.091064453125,11.8307,0.2147,True
sample_000387,zstd,16384,1352,0.08251953125,0.0449,0.0259,True
sample_000388,gzip,16384,7165,0.43731689453125,0.7783,0.0605,True
sample_000388,bz2,16384,6042,0.3687744140625,1.764,0.7519,True
sample_000388,lzma,16384,5924,0.361572265625,12.2056,0.8138,True
sample_000388,zstd,16384,7367,0.44964599609375,0.1682,0.0382,True
sample_000389,gzip,16384,6647,0.40570068359375,0.375,0.082,True
sample_000389,bz2,16384,6711,0.40960693359375,4.5034,0.5191,True
sample_000389,lzma,16384,6376,0.38916015625,10.0494,0.7471,True
sample_000389,zstd,16384,6620,0.404052734375,0.0564,0.0213,True
sample_000390,gzip,65536,65574,1.000579833984375,1.6794,0.0206,True
sample_000390,bz2,65536,66183,1.0098724365234375,9.0373,3.6836,True
sample_000390,lzma,65536,65600,1.0009765625,23.4988,0.1348,True
sample_000390,zstd,65536,65546,1.000152587890625,0.0588,0.0031,True
sample_000391,gzip,65536,29315,0.4473114013671875,13.6646,0.2404,True
sample_000391,bz2,65536,25548,0.38983154296875,5.7041,2.2587,True
sample_000391,lzma,65536,27540,0.42022705078125,25.1697,1.8813,True
sample_000391,zstd,65536,28239,0.4308929443359375,0.705,0.1128,True
sample_000392,gzip,65536,104,0.0015869140625,0.1081,0.0218,True
sample_000392,bz2,65536,54,0.000823974609375,8.471,0.4284,True
sample_000392,lzma,65536,148,0.00225830078125,9.439,0.217,True
sample_000392,zstd,65536,22,0.000335693359375,0.0177,0.0163,True
sample_000393,gzip,65536,2142,0.032684326171875,2.2192,0.0442,True
sample_000393,bz2,65536,2755,0.0420379638671875,1.4266,0.4927,True
sample_000393,lzma,65536,1660,0.02532958984375,18.1748,0.4291,True
sample_000393,zstd,65536,1544,0.0235595703125,0.0691,0.0349,True
sample_000394,gzip,65536,9096,0.1387939453125,1.98,0.0898,True
sample_000394,bz2,65536,6686,0.102020263671875,5.6557,1.0376,True
sample_000394,lzma,65536,7312,0.111572265625,29.8065,0.8097,True
sample_000394,zstd,65536,10817,0.1650543212890625,0.198,0.1487,True
sample_000395,gzip,65536,29192,0.4454345703125,1.8049,0.1792,True
sample_000395,bz2,65536,27401,0.4181060791015625,11.5855,1.9489,True
sample_000395,lzma,65536,26428,0.40325927734375,19.5178,2.5658,True
sample_000395,zstd,65536,30545,0.4660797119140625,0.1594,0.0605,True
sample_000396,gzip,262144,262242,1.0003738403320312,7.9219,0.2379,True
sample_000396,bz2,262144,263691,1.0059013366699219,31.418,16.3365,True
sample_000396,lzma,262144,262216,1.000274658203125,72.7118,0.4558,True
sample_000396,zstd,262144,262159,1.0000572204589844,0.5003,0.0091,True
sample_000397,gzip,262144,112640,0.4296875,63.3285,1.0318,True
sample_000397,bz2,262144,101844,0.3885040283203125,23.0897,11.812,True
sample_000397,lzma,262144,107540,0.4102325439453125,97.2974,6.1974,True
sample_000397,zstd,262144,117270,0.44734954833984375,3.2309,0.728,True
sample_000398,gzip,262144,570,0.00217437744140625,0.5141,0.1178,True
sample_000398,bz2,262144,105,0.000400543212890625,39.8759,3.2901,True
sample_000398,lzma,262144,192,0.000732421875,11.8761,0.5871,True
sample_000398,zstd,262144,48,0.00018310546875,0.2894,0.0412,True
sample_000399,gzip,262144,2506,0.00955963134765625,6.4113,0.2077,True
sample_000399,bz2,262144,3829,0.014606475830078125,4.4461,1.7526,True
sample_000399,lzma,262144,2124,0.0081024169921875,19.1555,1.1816,True
sample_000399,zstd,262144,1829,0.006977081298828125,0.3453,0.0823,True
sample_000400,gzip,262144,34813,0.13280105590820312,10.2473,0.3214,True
sample_000400,bz2,262144,21045,0.08028030395507812,31.0065,5.6037,True
sample_000400,lzma,262144,27700,0.1056671142578125,118.3423,2.5938,True
sample_000400,zstd,262144,42544,0.16229248046875,1.1278,0.3355,True
sample_000401,gzip,262144,72200,0.275421142578125,71.3694,0.4829,True
sample_000401,bz2,262144,68821,0.2625312805175781,52.3701,5.9015,True
sample_000401,lzma,262144,67352,0.256927490234375,81.3403,5.868,True
sample_000401,zstd,262144,76809,0.2930030822753906,0.9148,0.1564,True
sample_000402,gzip,1048576,1048914,1.0003223419189453,29.2086,1.7691,True
sample_000402,bz2,1048576,1054042,1.0052127838134766,136.6211,77.5608,True
sample_000402,lzma,1048576,1048688,1.0001068115234375,338.2611,2.7098,True
sample_000402,zstd,1048576,1048609,1.0000314712524414,1.0838,0.4934,True
sample_000403,gzip,1048576,446763,0.42606639862060547,241.6488,4.3204,True
sample_000403,bz2,1048576,407105,0.3882455825805664,129.6541,62.4695,True
sample_000403,lzma,1048576,427604,0.4077949523925781,689.9726,27.0641,True
sample_000403,zstd,1048576,468538,0.44683265686035156,10.7643,2.4891,True
sample_000404,gzip,1048576,3174,0.0030269622802734375,1.6699,1.2701,True
sample_000404,bz2,1048576,586,0.0005588531494140625,366.5585,8.1559,True
sample_000404,lzma,1048576,352,0.000335693359375,20.6845,2.7146,True
sample_000404,zstd,1048576,170,0.0001621246337890625,0.5397,0.7207,True
sample_000405,gzip,1048576,34051,0.03247356414794922,43.3871,1.1108,True
sample_000405,bz2,1048576,29664,0.028289794921875,10.483,5.6473,True
sample_000405,lzma,1048576,25420,0.024242401123046875,185.6348,7.3321,True
sample_000405,zstd,1048576,27837,0.02654743194580078,1.3425,0.9384,True
sample_000406,gzip,1048576,137312,0.130950927734375,35.0795,2.2513,True
sample_000406,bz2,1048576,104578,0.09973335266113281,127.1432,34.0274,True
sample_000406,lzma,1048576,100516,0.09585952758789062,585.4713,10.5034,True
sample_000406,zstd,1048576,172534,0.16454124450683594,4.1587,1.6149,True
sample_000407,gzip,1048576,335083,0.31956005096435547,56.8218,1.7467,True
sample_000407,bz2,1048576,324351,0.3093252182006836,210.8621,28.4509,True
sample_000407,lzma,1048576,320036,0.3052101135253906,242.4615,9.9039,True
sample_000407,zstd,1048576,339622,0.32388877868652344,3.9729,1.2074,True
sample_000408,gzip,16384,16407,1.00140380859375,0.2101,0.0059,True
sample_000408,bz2,16384,16852,1.028564453125,3.7956,0.9585,True
sample_000408,lzma,16384,16444,1.003662109375,10.5044,0.052,True
sample_000408,zstd,16384,16394,1.0006103515625,0.0217,0.0017,True
sample_000409,gzip,16384,2757,0.16827392578125,15.6924,0.043,True
sample_000409,bz2,16384,2727,0.16644287109375,1.6565,0.3903,True
sample_000409,lzma,16384,2584,0.15771484375,16.354,0.1903,True
sample_000409,zstd,16384,3136,0.19140625,0.0656,0.0287,True
sample_000410,gzip,16384,57,0.00347900390625,0.0665,0.0206,True
sample_000410,bz2,16384,51,0.00311279296875,2.8658,0.1284,True
sample_000410,lzma,16384,124,0.007568359375,8.9915,0.2284,True
sample_000410,zstd,16384,22,0.0013427734375,0.0244,0.0095,True
sample_000411,gzip,16384,207,0.01263427734375,0.3474,0.0156,True
sample_000411,bz2,16384,350,0.0213623046875,0.3546,0.0757,True
sample_000411,lzma,16384,232,0.01416015625,7.4138,0.0874,True
sample_000411,zstd,16384,189,0.01153564453125,0.0134,0.0066,True
sample_000412,gzip,16384,2515,0.15350341796875,0.2842,0.026,True
sample_000412,bz2,16384,1775,0.10833740234375,1.5357,0.2545,True
sample_000412,lzma,16384,2292,0.139892578125,12.1763,0.199,True
sample_000412,zstd,16384,2780,0.169677734375,0.0615,0.0231,True
sample_000413,gzip,16384,4917,0.30010986328125,0.6681,0.035,True
sample_000413,bz2,16384,5131,0.31317138671875,3.4529,0.436,True
sample_000413,lzma,16384,4580,0.279541015625,10.5747,0.5374,True
sample_000413,zstd,16384,4828,0.294677734375,0.047,0.0126,True
sample_000414,gzip,65536,65574,1.000579833984375,1.5844,0.0187,True
sample_000414,bz2,65536,66186,1.009918212890625,7.7147,3.3778,True
sample_000414,lzma,65536,65600,1.0009765625,26.2916,0.1509,True
sample_000414,zstd,65536,65546,1.000152587890625,0.0613,0.0029,True
sample_000415,gzip,65536,38298,0.584381103515625,4.1754,0.3117,True
sample_000415,bz2,65536,33446,0.510345458984375,6.2096,3.2968,True
sample_000415,lzma,65536,36908,0.56317138671875,27.5678,2.7951,True
sample_000415,zstd,65536,32809,0.5006256103515625,0.0933,0.0478,True
sample_000416,gzip,65536,241,0.0036773681640625,0.1184,0.0232,True
sample_000416,bz2,65536,146,0.002227783203125,10.1301,0.6778,True
sample_000416,lzma,65536,176,0.002685546875,8.4326,0.1653,True
sample_000416,zstd,65536,52,0.00079345703125,0.0174,0.0064,True
sample_000417,gzip,65536,260,0.00396728515625,0.4413,0.0224,True
sample_000417,bz2,65536,469,0.0071563720703125,0.6278,0.327,True
sample_000417,lzma,65536,296,0.0045166015625,8.3733,0.2688,True
sample_000417,zstd,65536,196,0.00299072265625,0.0205,0.0191,True
sample_000418,gzip,65536,9011,0.1374969482421875,1.7338,0.0831,True
sample_000418,bz2,65536,5729,0.0874176025390625,5.7363,1.4758,True
sample_000418,lzma,65536,7712,0.11767578125,31.6102,0.7545,True
sample_000418,zstd,65536,10744,0.1639404296875,0.2075,0.1096,True
sample_000419,gzip,65536,20499,0.3127899169921875,6.0389,0.1885,True
sample_000419,bz2,65536,20713,0.3160552978515625,7.4456,2.3005,True
sample_000419,lzma,65536,18620,0.28411865234375,25.4878,1.3855,True
sample_000419,zstd,65536,21425,0.3269195556640625,0.1382,0.0527,True
sample_000420,gzip,262144,262242,1.0003738403320312,6.7782,0.0567,True
sample_000420,bz2,262144,263720,1.006011962890625,30.5394,15.6927,True
sample_000420,lzma,262144,262216,1.000274658203125,80.2156,0.5562,True
sample_000420,zstd,262144,262159,1.0000572204589844,0.4947,0.0083,True
sample_000421,gzip,262144,150658,0.5747146606445312,15.3847,1.1793,True
sample_000421,bz2,262144,133290,0.5084609985351562,25.1337,12.3905,True
sample_000421,lzma,262144,143440,0.54718017578125,90.8742,8.6189,True
sample_000421,zstd,262144,148999,0.5683860778808594,4.175,0.6829,True
sample_000422,gzip,262144,891,0.003398895263671875,0.4642,0.0578,True
sample_000422,bz2,262144,263,0.001003265380859375,46.4426,3.1738,True
sample_000422,lzma,262144,240,0.00091552734375,11.683,0.5816,True
sample_000422,zstd,262144,98,0.00037384033203125,0.3326,0.0167,True
sample_000423,gzip,262144,849,0.003238677978515625,1.4312,0.0629,True
sample_000423,bz2,262144,1598,0.00609588623046875,2.185,0.9575,True
sample_000423,lzma,262144,772,0.0029449462890625,11.5306,0.9562,True
sample_000423,zstd,262144,531,0.002025604248046875,0.318,0.0661,True
sample_000424,gzip,262144,102399,0.3906211853027344,25.5547,0.9271,True
sample_000424,bz2,262144,88753,0.3385658264160156,23.563,10.0307,True
sample_000424,lzma,262144,78064,0.29779052734375,102.5959,6.8784,True
sample_000424,zstd,262144,114538,0.43692779541015625,2.4743,0.6144,True
sample_000425,gzip,262144,71964,0.2745208740234375,64.0734,0.2494,True
sample_000425,bz2,262144,69296,0.26434326171875,68.8229,8.6974,True
sample_000425,lzma,262144,67460,0.2573394775390625,72.1217,6.0913,True
sample_000425,zstd,262144,72849,0.2778968811035156,0.8914,0.2373,True
sample_000426,gzip,1048576,1048914,1.0003223419189453,32.2362,1.3306,True
sample_000426,bz2,1048576,1053681,1.004868507385254,134.4504,79.2935,True
sample_000426,lzma,1048576,1048688,1.0001068115234375,333.9704,2.608,True
sample_000426,zstd,1048576,1048609,1.0000314712524414,1.2362,0.6353,True
sample_000427,gzip,1048576,300789,0.28685474395751953,963.3895,3.933,True
sample_000427,bz2,1048576,286923,0.27363109588623047,102.7414,55.966,True
sample_000427,lzma,1048576,286768,0.2734832763671875,851.0436,21.6125,True
sample_000427,zstd,1048576,325843,0.3107481002807617,6.6616,1.8874,True
sample_000428,gzip,1048576,1573,0.0015001296997070312,1.76,0.997,True
sample_000428,bz2,1048576,140,0.000133514404296875,190.0913,6.7189,True
sample_000428,lzma,1048576,292,0.000278472900390625,23.0022,3.5195,True
sample_000428,zstd,1048576,112,0.0001068115234375,0.527,0.6148,True
sample_000429,gzip,1048576,9463,0.009024620056152344,26.1339,0.9848,True
sample_000429,bz2,1048576,11314,0.010789871215820312,8.477,5.6492,True
sample_000429,lzma,1048576,7876,0.007511138916015625,62.793,6.3652,True
sample_000429,zstd,1048576,9421,0.008984565734863281,0.9524,0.7467,True
sample_000430,gzip,1048576,396089,0.37773990631103516,112.9568,4.059,True
sample_000430,bz2,1048576,342475,0.32660961151123047,91.5398,47.8947,True
sample_000430,lzma,1048576,295492,0.2818031311035156,615.9286,25.4259,True
sample_000430,zstd,1048576,437359,0.4170980453491211,11.5881,2.3599,True
sample_000431,gzip,1048576,300554,0.28663063049316406,345.8894,1.6863,True
sample_000431,bz2,1048576,297701,0.28390979766845703,228.4443,28.2527,True
sample_000431,lzma,1048576,279240,0.26630401611328125,370.8327,16.72,True
sample_000431,zstd,1048576,301306,0.28734779357910156,4.7272,1.8523,True
sample_000432,gzip,16384,16407,1.00140380859375,0.292,0.0123,True
sample_000432,bz2,16384,16842,1.0279541015625,3.0536,0.8669,True
sample_000432,lzma,16384,16444,1.003662109375,9.591,0.0525,True
sample_000432,zstd,16384,16394,1.0006103515625,0.0218,0.0016,True
sample_000433,gzip,16384,9642,0.5885009765625,0.8688,0.0874,True
sample_000433,bz2,16384,8427,0.51434326171875,1.6711,0.7209,True
sample_000433,lzma,16384,9736,0.59423828125,10.9601,0.8615,True
sample_000433,zstd,16384,8615,0.52581787109375,0.1358,0.0279,True
sample_000434,gzip,16384,174,0.0106201171875,0.0544,0.0144,True
sample_000434,bz2,16384,216,0.01318359375,2.9407,0.1926,True
sample_000434,lzma,16384,188,0.011474609375,7.9116,0.0618,True
sample_000434,zstd,16384,84,0.005126953125,0.0123,0.0019,True
sample_000435,gzip,16384,1973,0.12042236328125,0.4515,0.0243,True
sample_000435,bz2,16384,2467,0.15057373046875,0.9367,0.2444,True
sample_000435,lzma,16384,1504,0.091796875,11.8777,0.1915,True
sample_000435,zstd,16384,1357,0.08282470703125,0.0436,0.0228,True
sample_000436,gzip,16384,7131,0.43524169921875,0.7328,0.0842,True
sample_000436,bz2,16384,6047,0.36907958984375,2.0668,0.5644,True
sample_000436,lzma,16384,5868,0.358154296875,12.0522,0.5536,True
sample_000436,zstd,16384,7325,0.44708251953125,0.1616,0.0374,True
sample_000437,gzip,16384,5331,0.32537841796875,0.6203,0.0387,True
sample_000437,bz2,16384,5778,0.3526611328125,4.7569,0.747,True
sample_000437,lzma,16384,4928,0.30078125,11.4491,0.4351,True
sample_000437,zstd,16384,5242,0.3199462890625,0.0507,0.016,True
sample_000438,gzip,65536,65574,1.000579833984375,1.4288,0.0266,True
sample_000438,bz2,65536,66175,1.0097503662109375,8.4288,3.5414,True
sample_000438,lzma,65536,65600,1.0009765625,20.0558,0.1346,True
sample_000438,zstd,65536,65546,1.000152587890625,0.1508,0.003,True
sample_000439,gzip,65536,19736,0.3011474609375,51.372,0.1662,True
sample_000439,bz2,65536,17977,0.2743072509765625,6.8101,2.2866,True
sample_000439,lzma,65536,18564,0.28326416015625,30.5041,1.1637,True
sample_000439,zstd,65536,21423,0.3268890380859375,0.5369,0.1125,True
sample_000440,gzip,65536,188,0.00286865234375,0.1551,0.0489,True
sample_000440,bz2,65536,99,0.0015106201171875,8.9012,0.9557,True
sample_000440,lzma,65536,160,0.00244140625,8.5964,0.1942,True
sample_000440,zstd,65536,34,0.000518798828125,0.0176,0.0108,True
sample_000441,gzip,65536,681,0.0103912353515625,1.3147,0.0295,True
sample_000441,bz2,65536,1251,0.0190887451171875,0.7859,0.2954,True
sample_000441,lzma,65536,628,0.00958251953125,8.8207,0.3236,True
sample_000441,zstd,65536,464,0.007080078125,0.0268,0.0212,True
sample_000442,gzip,65536,9108,0.13897705078125,1.7166,0.0898,True
sample_000442,bz2,65536,5831,0.0889739990234375,5.5933,0.9885,True
sample_000442,lzma,65536,7756,0.11834716796875,31.6099,0.6808,True
sample_000442,zstd,65536,10794,0.164703369140625,0.2413,0.1209,True
sample_000443,gzip,65536,21479,0.3277435302734375,2.4551,0.1231,True
sample_000443,bz2,65536,20058,0.306060791015625,11.9166,1.6038,True
sample_000443,lzma,65536,19528,0.2979736328125,21.1828,1.4423,True
sample_000443,zstd,65536,22705,0.3464508056640625,0.1678,0.0501,True
sample_000444,gzip,262144,262242,1.0003738403320312,6.79,0.2315,True
sample_000444,bz2,262144,263742,1.0060958862304688,30.8971,15.6575,True
sample_000444,lzma,262144,262216,1.000274658203125,77.877,0.4214,True
sample_000444,zstd,262144,262159,1.0000572204589844,0.4738,0.0083,True
sample_000445,gzip,262144,39771,0.15171432495117188,409.6486,0.4571,True
sample_000445,bz2,262144,42075,0.16050338745117188,21.5271,8.4118,True
sample_000445,lzma,262144,36692,0.1399688720703125,204.7895,2.5678,True
sample_000445,zstd,262144,48998,0.18691253662109375,1.2188,0.5101,True
sample_000446,gzip,262144,295,0.001125335693359375,0.4542,0.0513,True
sample_000446,bz2,262144,55,0.000209808349609375,31.8966,1.5529,True
sample_000446,lzma,262144,176,0.00067138671875,10.6205,0.6353,True
sample_000446,zstd,262144,36,0.0001373291015625,0.2962,0.0622,True
sample_000447,gzip,262144,32428,0.1237030029296875,10.7868,0.2731,True
sample_000447,bz2,262144,23839,0.09093856811523438,5.6202,2.3886,True
sample_000447,lzma,262144,21416,0.081695556640625,101.9197,2.9621,True
sample_000447,zstd,262144,20795,0.07932662963867188,0.8466,0.4233,True
sample_000448,gzip,262144,34828,0.1328582763671875,8.2506,0.3088,True
sample_000448,bz2,262144,21015,0.08016586303710938,26.2162,5.1,True
sample_000448,lzma,262144,27652,0.1054840087890625,115.7403,2.5051,True
sample_000448,zstd,262144,42518,0.16219329833984375,1.2598,0.4728,True
sample_000449,gzip,262144,79403,0.3028984069824219,34.0721,0.379,True
sample_000449,bz2,262144,75545,0.2881813049316406,51.0044,6.0229,True
sample_000449,lzma,262144,74632,0.284698486328125,59.7895,5.1838,True
sample_000449,zstd,262144,81736,0.311798095703125,0.9372,0.2306,True
sample_000450,gzip,1048576,1048914,1.0003223419189453,31.172,2.0193,True
sample_000450,bz2,1048576,1053774,1.0049571990966797,134.9525,87.1515,True
sample_000450,lzma,1048576,1048688,1.0001068115234375,333.6673,3.253,True
sample_000450,zstd,1048576,1048609,1.0000314712524414,1.4173,0.4622,True
sample_000451,gzip,1048576,600240,0.5724334716796875,54.5957,4.8254,True
sample_000451,bz2,1048576,534001,0.5092630386352539,110.736,56.2047,True
sample_000451,lzma,1048576,564032,0.53790283203125,766.5685,33.5024,True
sample_000451,zstd,1048576,544109,0.5189027786254883,9.0643,2.1769,True
sample_000452,gzip,1048576,1573,0.0015001296997070312,1.8018,0.8813,True
sample_000452,bz2,1048576,145,0.00013828277587890625,187.8701,14.8504,True
sample_000452,lzma,1048576,292,0.000278472900390625,42.597,5.0897,True
sample_000452,zstd,1048576,112,0.0001068115234375,0.5087,0.8326,True
sample_000453,gzip,1048576,3212,0.003063201904296875,7.4517,0.7187,True
sample_000453,bz2,1048576,4612,0.004398345947265625,8.372,4.0518,True
sample_000453,lzma,1048576,2656,0.002532958984375,33.5036,5.6604,True
sample_000453,zstd,1048576,3416,0.00325775146484375,0.7747,0.7457,True
sample_000454,gzip,1048576,137087,0.1307363510131836,46.3032,2.595,True
sample_000454,bz2,1048576,80776,0.07703399658203125,219.578,64.8525,True
sample_000454,lzma,1048576,102888,0.09812164306640625,1246.9768,26.4474,True
sample_000454,zstd,1048576,169234,0.1613941192626953,12.6808,7.4785,True
sample_000455,gzip,1048576,364304,0.3474273681640625,522.4944,5.159,True
sample_000455,bz2,1048576,355239,0.33878231048583984,619.5873,88.3231,True
sample_000455,lzma,1048576,337284,0.3216590881347656,773.4783,30.0678,True
sample_000455,zstd,1048576,374554,0.35720252990722656,15.2472,4.1189,True
sample_000456,gzip,16384,16407,1.00140380859375,0.8228,0.019,True
sample_000456,bz2,16384,16858,1.0289306640625,7.8519,2.3956,True
sample_000456,lzma,16384,16444,1.003662109375,28.6357,0.1703,True
sample_000456,zstd,16384,16394,1.0006103515625,0.0889,0.011,True
sample_000457,gzip,16384,2764,0.168701171875,14.4773,0.0716,True
sample_000457,bz2,16384,2718,0.1658935546875,4.3324,1.0408,True
sample_000457,lzma,16384,2580,0.157470703125,35.5092,0.5118,True
sample_000457,zstd,16384,3161,0.19293212890625,0.2016,0.0835,True
sample_000458,gzip,16384,123,0.00750732421875,0.1349,0.0825,True
sample_000458,bz2,16384,141,0.00860595703125,7.1679,0.748,True
sample_000458,lzma,16384,156,0.009521484375,16.1562,0.2495,True
sample_000458,zstd,16384,51,0.00311279296875,0.0605,0.0149,True
sample_000459,gzip,16384,203,0.01239013671875,0.3634,0.0404,True
sample_000459,bz2,16384,338,0.0206298828125,0.5209,0.2154,True
sample_000459,lzma,16384,228,0.013916015625,15.1024,0.186,True
sample_000459,zstd,16384,184,0.01123046875,0.0433,0.019,True
sample_000460,gzip,16384,7129,0.43511962890625,1.7871,0.1492,True
sample_000460,bz2,16384,6052,0.369384765625,4.465,1.4229,True
sample_000460,lzma,16384,5940,0.362548828125,27.4538,1.2581,True
sample_000460,zstd,16384,7350,0.4486083984375,0.5727,0.1492,True
sample_000461,gzip,16384,5019,0.30633544921875,1.2544,0.0794,True
sample_000461,bz2,16384,5403,0.32977294921875,6.2272,1.3819,True
sample_000461,lzma,16384,4672,0.28515625,22.7113,0.978,True
sample_000461,zstd,16384,5074,0.3096923828125,0.1563,0.0426,True
sample_000462,gzip,65536,65574,1.000579833984375,3.8927,0.0571,True
sample_000462,bz2,65536,66180,1.00982666015625,24.2574,8.5671,True
sample_000462,lzma,65536,65600,1.0009765625,64.7655,0.3275,True
sample_000462,zstd,65536,65546,1.000152587890625,0.1633,0.0106,True
sample_000463,gzip,65536,19751,0.3013763427734375,97.9991,0.3874,True
sample_000463,bz2,65536,17999,0.2746429443359375,14.5242,5.4868,True
sample_000463,lzma,65536,18560,0.283203125,61.3796,2.789,True
sample_000463,zstd,65536,21447,0.3272552490234375,1.1899,0.3868,True
sample_000464,gzip,65536,191,0.0029144287109375,0.4344,0.1086,True
sample_000464,bz2,65536,105,0.0016021728515625,24.0514,2.1585,True
sample_000464,lzma,65536,160,0.00244140625,12.8059,0.4613,True
sample_000464,zstd,65536,34,0.000518798828125,0.0976,0.0352,True
sample_000465,gzip,65536,2150,0.032806396484375,4.1305,0.09,True
sample_000465,bz2,65536,2781,0.0424346923828125,2.632,0.9088,True
sample_000465,lzma,65536,1676,0.02557373046875,30.9441,0.7988,True
sample_000465,zstd,65536,1545,0.0235748291015625,0.1024,0.0703,True
sample_000466,gzip,65536,27098,0.413482666015625,14.1582,0.7127,True
sample_000466,bz2,65536,23031,0.3514251708984375,12.6343,6.0512,True
sample_000466,lzma,65536,21028,0.32086181640625,57.0593,4.4112,True
sample_000466,zstd,65536,27340,0.41717529296875,1.3617,0.208,True
sample_000467,gzip,65536,23628,0.36053466796875,4.0428,0.248,True
sample_000467,bz2,65536,21544,0.3287353515625,27.6615,3.9722,True
sample_000467,lzma,65536,21568,0.3291015625,34.6706,3.4197,True
sample_000467,zstd,65536,24011,0.3663787841796875,0.7572,0.1547,True
sample_000468,gzip,262144,262242,1.0003738403320312,15.8385,0.3306,True
sample_000468,bz2,262144,263715,1.0059928894042969,73.5762,34.9009,True
sample_000468,lzma,262144,262216,1.000274658203125,156.1409,1.1582,True
sample_000468,zstd,262144,262159,1.0000572204589844,1.258,0.0867,True
sample_000469,gzip,262144,39809,0.15185928344726562,741.5211,0.9189,True
sample_000469,bz2,262144,42121,0.16067886352539062,48.7107,20.4309,True
sample_000469,lzma,262144,36564,0.1394805908203125,439.9777,5.4455,True
sample_000469,zstd,262144,49444,0.1886138916015625,3.2495,1.1786,True
sample_000470,gzip,262144,890,0.00339508056640625,1.3032,0.3645,True
sample_000470,bz2,262144,264,0.001007080078125,112.7646,7.1964,True
sample_000470,lzma,262144,240,0.00091552734375,18.5041,1.5776,True
sample_000470,zstd,262144,98,0.00037384033203125,0.611,0.0822,True
sample_000471,gzip,262144,2419,0.009227752685546875,14.2354,0.2673,True
sample_000471,bz2,262144,3771,0.014385223388671875,5.8719,2.065,True
sample_000471,lzma,262144,2048,0.0078125,29.1946,1.6435,True
sample_000471,zstd,262144,1761,0.006717681884765625,0.6112,0.3155,True
sample_000472,gzip,262144,34940,0.1332855224609375,23.7559,0.7121,True
sample_000472,bz2,262144,25560,0.097503662109375,59.0637,11.1663,True
sample_000472,lzma,262144,26364,0.1005706787109375,241.0634,4.9296,True
sample_000472,zstd,262144,43054,0.16423797607421875,2.5602,0.7697,True
sample_000473,gzip,262144,72281,0.2757301330566406,113.3326,0.3427,True
sample_000473,bz2,262144,68554,0.26151275634765625,55.561,6.2592,True
sample_000473,lzma,262144,67748,0.2584381103515625,76.5316,5.63,True
sample_000473,zstd,262144,74198,0.28304290771484375,0.4923,0.1369,True
sample_000474,gzip,1048576,1048914,1.0003223419189453,27.2328,1.3125,True
sample_000474,bz2,1048576,1053507,1.0047025680541992,118.7643,59.4388,True
sample_000474,lzma,1048576,1048688,1.0001068115234375,280.0505,3.9408,True
sample_000474,zstd,1048576,1048609,1.0000314712524414,2.0484,0.6727,True
sample_000475,gzip,1048576,600282,0.5724735260009766,174.0525,8.2845,True
sample_000475,bz2,1048576,534218,0.5094699859619141,227.8238,137.7988,True
sample_000475,lzma,1048576,563476,0.5373725891113281,1487.1083,69.1173,True
sample_000475,zstd,1048576,541480,0.5163955688476562,28.0681,4.3674,True
sample_000476,gzip,1048576,1059,0.0010099411010742188,4.5931,1.6884,True
sample_000476,bz2,1048576,102,9.72747802734375e-05,279.0926,6.7691,True
sample_000476,lzma,1048576,288,0.000274658203125,21.9734,2.8622,True
sample_000476,zstd,1048576,108,0.000102996826171875,0.6209,0.6685,True
sample_000477,gzip,1048576,129815,0.12380123138427734,44.5113,2.4441,True
sample_000477,bz2,1048576,88589,0.08448505401611328,18.8846,10.616,True
sample_000477,lzma,1048576,85392,0.0814361572265625,513.2266,13.6502,True
sample_000477,zstd,1048576,89009,0.0848855972290039,2.9815,1.8782,True
sample_000478,gzip,1048576,396271,0.3779134750366211,126.1275,4.2452,True
sample_000478,bz2,1048576,344229,0.32828235626220703,97.9445,45.7039,True
sample_000478,lzma,1048576,293680,0.2800750732421875,587.781,26.7914,True
sample_000478,zstd,1048576,437383,0.41712093353271484,9.7659,2.7019,True
sample_000479,gzip,1048576,298904,0.28505706787109375,338.4147,1.7163,True
sample_000479,bz2,1048576,297985,0.2841806411743164,219.6527,28.3465,True
sample_000479,lzma,1048576,279236,0.2663002014160156,390.4647,17.2719,True
sample_000479,zstd,1048576,302442,0.28843116760253906,2.7773,1.9565,True
sample_000480,gzip,16384,16407,1.00140380859375,0.2286,0.0064,True
sample_000480,bz2,16384,16842,1.0279541015625,2.837,0.8729,True
sample_000480,lzma,16384,16444,1.003662109375,11.3442,0.0646,True
sample_000480,zstd,16384,16394,1.0006103515625,0.0225,0.0015,True
sample_000481,gzip,16384,2745,0.16754150390625,7.6945,0.0294,True
sample_000481,bz2,16384,2715,0.16571044921875,1.8416,0.401,True
sample_000481,lzma,16384,2584,0.15771484375,18.1575,0.2728,True
sample_000481,zstd,16384,3137,0.19146728515625,0.0668,0.0289,True
sample_000482,gzip,16384,271,0.01654052734375,0.0394,0.0114,True
sample_000482,bz2,16384,394,0.0240478515625,2.5722,0.201,True
sample_000482,lzma,16384,256,0.015625,7.5099,0.122,True
sample_000482,zstd,16384,148,0.009033203125,0.0128,0.0016,True
sample_000483,gzip,16384,1949,0.11895751953125,0.376,0.0241,True
sample_000483,bz2,16384,2428,0.148193359375,0.87,0.2382,True
sample_000483,lzma,16384,1472,0.08984375,12.167,0.1705,True
sample_000483,zstd,16384,1339,0.08172607421875,0.0432,0.0222,True
sample_000484,gzip,16384,2509,0.15313720703125,0.286,0.0248,True
sample_000484,bz2,16384,1746,0.1065673828125,1.56,0.3064,True
sample_000484,lzma,16384,2272,0.138671875,12.1352,0.2029,True
sample_000484,zstd,16384,2732,0.166748046875,0.0628,0.0261,True
sample_000485,gzip,16384,8220,0.501708984375,0.322,0.0614,True
sample_000485,bz2,16384,8445,0.51544189453125,2.2603,0.6899,True
sample_000485,lzma,16384,7596,0.463623046875,10.2575,0.685,True
sample_000485,zstd,16384,8348,0.509521484375,0.083,0.0262,True
sample_000486,gzip,65536,65574,1.000579833984375,1.4591,0.0175,True
sample_000486,bz2,65536,66163,1.0095672607421875,7.7475,3.7151,True
sample_000486,lzma,65536,65600,1.0009765625,22.1932,0.1264,True
sample_000486,zstd,65536,65546,1.000152587890625,0.0301,0.0027,True
sample_000487,gzip,65536,19767,0.3016204833984375,44.2741,0.19,True
sample_000487,bz2,65536,18008,0.2747802734375,6.0457,2.2504,True
sample_000487,lzma,65536,18580,0.28350830078125,32.479,1.3223,True
sample_000487,zstd,65536,21411,0.3267059326171875,0.5001,0.1129,True
sample_000488,gzip,65536,104,0.0015869140625,0.2069,0.0289,True
sample_000488,bz2,65536,54,0.000823974609375,8.359,0.4898,True
sample_000488,lzma,65536,148,0.00225830078125,8.2611,0.1684,True
sample_000488,zstd,65536,22,0.000335693359375,0.0173,0.0165,True
sample_000489,gzip,65536,2111,0.0322113037109375,1.9064,0.0423,True
sample_000489,bz2,65536,2702,0.041229248046875,1.2935,0.3959,True
sample_000489,lzma,65536,1628,0.02484130859375,15.9079,0.3585,True
sample_000489,zstd,65536,1513,0.0230865478515625,0.0478,0.0342,True
sample_000490,gzip,65536,9121,0.1391754150390625,2.1736,0.083,True
sample_000490,bz2,65536,6688,0.10205078125,5.5961,0.9591,True
sample_000490,lzma,65536,7352,0.1121826171875,30.1704,1.198,True
sample_000490,zstd,65536,10840,0.1654052734375,0.2795,0.077,True
sample_000491,gzip,65536,26563,0.4053192138671875,3.2229,0.1841,True
sample_000491,bz2,65536,25598,0.390594482421875,11.9321,2.0751,True
sample_000491,lzma,65536,23368,0.3565673828125,22.314,2.3638,True
sample_000491,zstd,65536,28214,0.430511474609375,0.2275,0.0822,True
sample_000492,gzip,262144,262242,1.0003738403320312,7.0402,0.0685,True
sample_000492,bz2,262144,263799,1.0063133239746094,33.2477,15.97,True
sample_000492,lzma,262144,262216,1.000274658203125,75.539,0.5737,True
sample_000492,zstd,262144,262159,1.0000572204589844,0.6902,0.0126,True
sample_000493,gzip,262144,39821,0.15190505981445312,450.9605,0.3653,True
sample_000493,bz2,262144,42096,0.16058349609375,25.5502,7.8,True
sample_000493,lzma,262144,36452,0.1390533447265625,206.9175,2.698,True
sample_000493,zstd,262144,48970,0.18680572509765625,1.2353,0.3844,True
sample_000494,gzip,262144,1102,0.00420379638671875,0.8379,0.097,True
sample_000494,bz2,262144,483,0.001842498779296875,51.1873,3.5549,True
sample_000494,lzma,262144,312,0.001190185546875,11.503,0.539,True
sample_000494,zstd,262144,162,0.00061798095703125,0.2868,0.0089,True
sample_000495,gzip,262144,860,0.0032806396484375,1.8244,0.1085,True
sample_000495,bz2,262144,1588,0.0060577392578125,2.3075,1.5118,True
sample_000495,lzma,262144,776,0.002960205078125,12.4992,0.8815,True
sample_000495,zstd,262144,534,0.00203704833984375,0.3274,0.0671,True
sample_000496,gzip,262144,102458,0.39084625244140625,28.4701,1.0274,True
sample_000496,bz2,262144,89056,0.3397216796875,23.86,9.2235,True
sample_000496,lzma,262144,78048,0.2977294921875,112.8188,7.0394,True
sample_000496,zstd,262144,114564,0.4370269775390625,2.982,0.5611,True
sample_000497,gzip,262144,87661,0.3344001770019531,70.1062,0.598,True
sample_000497,bz2,262144,84031,0.3205528259277344,48.1963,7.4874,True
sample_000497,lzma,262144,79684,0.3039703369140625,78.7962,6.4154,True
sample_000497,zstd,262144,90338,0.34461212158203125,1.2671,0.2784,True
sample_000498,gzip,1048576,1048914,1.0003223419189453,29.9813,1.4467,True
sample_000498,bz2,1048576,1053440,1.004638671875,133.4835,79.0186,True
sample_000498,lzma,1048576,1048688,1.0001068115234375,288.5949,1.7723,True
sample_000498,zstd,1048576,1048609,1.0000314712524414,0.7692,0.2943,True
sample_000499,gzip,1048576,157097,0.14981937408447266,1099.2242,1.1953,True
sample_000499,bz2,1048576,167810,0.1600360870361328,64.3991,31.9936,True
sample_000499,lzma,1048576,144020,0.13734817504882812,733.625,7.3765,True
sample_000499,zstd,1048576,196057,0.18697452545166016,3.2058,1.6472,True
sample_000500,gzip,1048576,2096,0.0019989013671875,1.3652,0.6089,True
sample_000500,bz2,1048576,213,0.00020313262939453125,158.0024,4.2521,True
sample_000500,lzma,1048576,300,0.000286102294921875,16.8448,1.8587,True
sample_000500,zstd,1048576,120,0.00011444091796875,0.3589,0.3628,True
sample_000501,gzip,1048576,3207,0.0030584335327148438,5.0415,0.7927,True
sample_000501,bz2,1048576,4588,0.004375457763671875,5.6547,2.9184,True
sample_000501,lzma,1048576,2644,0.002521514892578125,21.4649,2.7954,True
sample_000501,zstd,1048576,3435,0.0032758712768554688,0.4256,0.5016,True
sample_000502,gzip,1048576,137192,0.13083648681640625,25.9687,1.396,True
sample_000502,bz2,1048576,104640,0.09979248046875,96.3008,22.4213,True
sample_000502,lzma,1048576,101184,0.09649658203125,406.5391,6.8121,True
sample_000502,zstd,1048576,172459,0.16446971893310547,2.6865,1.1485,True
sample_000503,gzip,1048576,354483,0.3380613327026367,250.7944,1.336,True
sample_000503,bz2,1048576,349188,0.3330116271972656,161.8232,24.7206,True
sample_000503,lzma,1048576,321740,0.3068351745605469,261.0527,9.3028,True
sample_000503,zstd,1048576,353651,0.3372678756713867,2.928,0.9672,True
sample_000504,gzip,16384,16407,1.00140380859375,0.2131,0.007,True
sample_000504,bz2,16384,16839,1.02777099609375,1.941,0.6264,True
sample_000504,lzma,16384,16444,1.003662109375,7.2996,0.0367,True
sample_000504,zstd,16384,16394,1.0006103515625,0.0148,0.0011,True
sample_000505,gzip,16384,5181,0.31622314453125,1.9677,0.0292,True
sample_000505,bz2,16384,4584,0.27978515625,1.1515,0.3485,True
sample_000505,lzma,16384,4924,0.300537109375,8.0856,0.2351,True
sample_000505,zstd,16384,5528,0.33740234375,0.0876,0.0314,True
sample_000506,gzip,16384,57,0.00347900390625,0.0373,0.0073,True
sample_000506,bz2,16384,51,0.00311279296875,1.7919,0.1137,True
sample_000506,lzma,16384,124,0.007568359375,4.9056,0.0757,True
sample_000506,zstd,16384,22,0.0013427734375,0.0131,0.0061,True
sample_000507,gzip,16384,212,0.012939453125,0.1694,0.0123,True
sample_000507,bz2,16384,364,0.022216796875,0.2395,0.0975,True
sample_000507,lzma,16384,236,0.014404296875,5.1546,0.1043,True
sample_000507,zstd,16384,192,0.01171875,0.0162,0.0087,True
sample_000508,gzip,16384,7126,0.4349365234375,0.5335,0.0497,True
sample_000508,bz2,16384,6085,0.37139892578125,1.1376,0.3967,True
sample_000508,lzma,16384,5892,0.359619140625,7.4907,0.5572,True
sample_000508,zstd,16384,7364,0.449462890625,0.1153,0.0265,True
sample_000509,gzip,16384,6116,0.373291015625,0.3153,0.0497,True
sample_000509,bz2,16384,6040,0.36865234375,3.1353,0.5133,True
sample_000509,lzma,16384,5720,0.34912109375,6.7327,0.4024,True
sample_000509,zstd,16384,6091,0.37176513671875,0.0433,0.0189,True
sample_000510,gzip,65536,65574,1.000579833984375,1.4287,0.0123,True
sample_000510,bz2,65536,66177,1.0097808837890625,5.2966,2.6538,True
sample_000510,lzma,65536,65600,1.0009765625,15.1695,0.097,True
sample_000510,zstd,65536,65546,1.000152587890625,0.0329,0.0321,True
sample_000511,gzip,65536,19765,0.3015899658203125,40.7374,0.1241,True
sample_000511,bz2,65536,18003,0.2747039794921875,3.9459,1.5096,True
sample_000511,lzma,65536,18552,0.2830810546875,23.3629,1.0103,True
sample_000511,zstd,65536,21434,0.327056884765625,0.3001,0.0851,True
sample_000512,gzip,65536,143,0.0021820068359375,0.1211,0.03,True
sample_000512,bz2,65536,71,0.0010833740234375,6.0201,0.2698,True
sample_000512,lzma,65536,152,0.0023193359375,5.2064,0.1113,True
sample_000512,zstd,65536,26,0.000396728515625,0.0124,0.0113,True
sample_000513,gzip,65536,8104,0.1236572265625,2.2115,0.0537,True
sample_000513,bz2,65536,7145,0.1090240478515625,1.5792,0.5062,True
sample_000513,lzma,65536,5472,0.08349609375,22.0274,0.782,True
sample_000513,zstd,65536,5228,0.07977294921875,0.1458,0.1083,True
sample_000514,gzip,65536,9083,0.1385955810546875,1.6927,0.0659,True
sample_000514,bz2,65536,5835,0.0890350341796875,4.6067,0.8392,True
sample_000514,lzma,65536,7716,0.11773681640625,22.9227,0.5454,True
sample_000514,zstd,65536,10857,0.1656646728515625,0.1493,0.0633,True
sample_000515,gzip,65536,25898,0.395172119140625,1.2089,0.2022,True
sample_000515,bz2,65536,24763,0.3778533935546875,5.9696,2.0045,True
sample_000515,lzma,65536,23660,0.36102294921875,12.7627,1.2715,True
sample_000515,zstd,65536,27519,0.4199066162109375,0.0935,0.0536,True
sample_000516,gzip,262144,262242,1.0003738403320312,5.3003,0.0362,True
sample_000516,bz2,262144,263698,1.0059280395507812,23.9026,13.2509,True
sample_000516,lzma,262144,262216,1.000274658203125,51.5825,0.3938,True
sample_000516,zstd,262144,262159,1.0000572204589844,0.329,0.0063,True
sample_000517,gzip,262144,112757,0.4301338195800781,33.6096,0.5803,True
sample_000517,bz2,262144,101870,0.38860321044921875,16.916,8.9063,True
sample_000517,lzma,262144,107524,0.4101715087890625,67.5325,4.2386,True
sample_000517,zstd,262144,117232,0.44720458984375,2.0681,0.5814,True
sample_000518,gzip,262144,722,0.00275421142578125,0.3188,0.0907,True
sample_000518,bz2,262144,158,0.00060272216796875,31.5722,2.2586,True
sample_000518,lzma,262144,208,0.00079345703125,6.8832,0.5591,True
sample_000518,zstd,262144,66,0.00025177001953125,0.1931,0.0176,True
sample_000519,gzip,262144,2490,0.00949859619140625,4.1555,0.0914,True
sample_000519,bz2,262144,3861,0.014728546142578125,1.9232,0.7216,True
sample_000519,lzma,262144,2108,0.0080413818359375,13.5354,0.74,True
sample_000519,zstd,262144,1811,0.006908416748046875,0.3762,0.0711,True
sample_000520,gzip,262144,102449,0.3908119201660156,17.9702,0.8656,True
sample_000520,bz2,262144,88964,0.3393707275390625,17.6484,7.7398,True
sample_000520,lzma,262144,77748,0.2965850830078125,78.917,4.9491,True
sample_000520,zstd,262144,114679,0.4374656677246094,1.9253,0.6775,True
sample_000521,gzip,262144,100800,0.384521484375,11.6066,0.4427,True
sample_000521,bz2,262144,95058,0.36261749267578125,36.8916,5.514,True
sample_000521,lzma,262144,94068,0.3588409423828125,41.4353,5.3487,True
sample_000521,zstd,262144,104460,0.3984832763671875,1.3932,0.2078,True
sample_000522,gzip,1048576,1048914,1.0003223419189453,24.6056,0.9796,True
sample_000522,bz2,1048576,1053747,1.0049314498901367,100.5951,54.29,True
sample_000522,lzma,1048576,1048688,1.0001068115234375,238.14,1.6366,True
sample_000522,zstd,1048576,1048609,1.0000314712524414,0.9119,0.4032,True
sample_000523,gzip,1048576,446803,0.4261045455932617,174.1677,3.4324,True
sample_000523,bz2,1048576,407256,0.38838958740234375,80.5383,43.0164,True
sample_000523,lzma,1048576,427232,0.407440185546875,434.6777,20.3339,True
sample_000523,zstd,1048576,468347,0.44665050506591797,8.2262,2.149,True
sample_000524,gzip,1048576,2096,0.0019989013671875,1.3834,0.5769,True
sample_000524,bz2,1048576,217,0.00020694732666015625,169.8613,5.0323,True
sample_000524,lzma,1048576,300,0.000286102294921875,14.8827,2.6903,True
sample_000524,zstd,1048576,120,0.00011444091796875,0.3195,0.3502,True
sample_000525,gzip,1048576,33797,0.03223133087158203,28.4422,0.9261,True
sample_000525,bz2,1048576,29516,0.028148651123046875,7.2919,3.836,True
sample_000525,lzma,1048576,25404,0.024227142333984375,140.779,5.1309,True
sample_000525,zstd,1048576,26715,0.02547740936279297,0.9211,0.8377,True
sample_000526,gzip,1048576,396072,0.37772369384765625,81.7583,3.5308,True
sample_000526,bz2,1048576,344336,0.3283843994140625,71.35,35.8293,True
sample_000526,lzma,1048576,293924,0.2803077697753906,386.6706,18.1045,True
sample_000526,zstd,1048576,437034,0.41678810119628906,7.358,2.7493,True
sample_000527,gzip,1048576,339507,0.3237791061401367,47.6713,2.0166,True
sample_000527,bz2,1048576,324969,0.30991458892822266,159.2215,23.2607,True
sample_000527,lzma,1048576,324956,0.3099021911621094,178.9203,9.2838,True
sample_000527,zstd,1048576,342555,0.32668590545654297,3.2518,0.9755,True
sample_000528,gzip,16384,16407,1.00140380859375,0.2477,0.0083,True
sample_000528,bz2,16384,16840,1.02783203125,2.4766,0.9979,True
sample_000528,lzma,16384,16444,1.003662109375,8.4534,0.0345,True
sample_000528,zstd,16384,16394,1.0006103515625,0.0166,0.0015,True
sample_000529,gzip,16384,2735,0.16693115234375,6.6631,0.034,True
sample_000529,bz2,16384,2721,0.16607666015625,1.5823,0.3314,True
sample_000529,lzma,16384,2592,0.158203125,11.8918,0.1639,True
sample_000529,zstd,16384,3128,0.19091796875,0.0468,0.0203,True
sample_000530,gzip,16384,128,0.0078125,0.0325,0.0096,True
sample_000530,bz2,16384,141,0.00860595703125,1.6762,0.1455,True
sample_000530,lzma,16384,156,0.009521484375,5.0474,0.0446,True
sample_000530,zstd,16384,51,0.00311279296875,0.0078,0.0018,True
sample_000531,gzip,16384,1931,0.11785888671875,0.2457,0.0169,True
sample_000531,bz2,16384,2425,0.14801025390625,0.6348,0.1961,True
sample_000531,lzma,16384,1472,0.08984375,10.0569,0.129,True
sample_000531,zstd,16384,1334,0.0814208984375,0.0585,0.0248,True
sample_000532,gzip,16384,2432,0.1484375,0.2732,0.0276,True
sample_000532,bz2,16384,1844,0.112548828125,1.2457,0.2198,True
sample_000532,lzma,16384,2124,0.129638671875,7.9385,0.2814,True
sample_000532,zstd,16384,2697,0.16461181640625,0.0402,0.0206,True
sample_000533,gzip,16384,6950,0.4241943359375,0.2953,0.0961,True
sample_000533,bz2,16384,7186,0.4385986328125,3.1447,0.6399,True
sample_000533,lzma,16384,6540,0.399169921875,8.415,0.333,True
sample_000533,zstd,16384,6803,0.41522216796875,0.0417,0.0161,True
sample_000534,gzip,65536,65574,1.000579833984375,1.1605,0.0128,True
sample_000534,bz2,65536,66180,1.00982666015625,5.3948,2.2994,True
sample_000534,lzma,65536,65600,1.0009765625,15.9533,0.1155,True
sample_000534,zstd,65536,65546,1.000152587890625,0.0228,0.0085,True
sample_000535,gzip,65536,29267,0.4465789794921875,5.7663,0.1587,True
sample_000535,bz2,65536,25553,0.3899078369140625,3.9805,2.189,True
sample_000535,lzma,65536,27504,0.419677734375,16.688,1.5266,True
sample_000535,zstd,65536,28216,0.4305419921875,0.4558,0.1018,True
sample_000536,gzip,65536,189,0.0028839111328125,0.1492,0.0293,True
sample_000536,bz2,65536,98,0.001495361328125,6.0926,0.3608,True
sample_000536,lzma,65536,160,0.00244140625,5.5135,0.1128,True
sample_000536,zstd,65536,34,0.000518798828125,0.0126,0.0079,True
sample_000537,gzip,65536,685,0.0104522705078125,0.8572,0.0172,True
sample_000537,bz2,65536,1243,0.0189666748046875,0.545,0.4448,True
sample_000537,lzma,65536,628,0.00958251953125,6.0905,0.3055,True
sample_000537,zstd,65536,466,0.007110595703125,0.0307,0.0247,True
sample_000538,gzip,65536,9113,0.1390533447265625,1.4042,0.0612,True
sample_000538,bz2,65536,6672,0.101806640625,4.4074,1.405,True
sample_000538,lzma,65536,7384,0.1126708984375,23.0951,0.8019,True
sample_000538,zstd,65536,10853,0.1656036376953125,0.2491,0.1005,True
sample_000539,gzip,65536,26085,0.3980255126953125,0.9826,0.2181,True
sample_000539,bz2,65536,26341,0.4019317626953125,8.9892,1.4391,True
sample_000539,lzma,65536,24344,0.3714599609375,16.6854,1.3567,True
sample_000539,zstd,65536,27289,0.4163970947265625,0.1633,0.0706,True
sample_000540,gzip,262144,262242,1.0003738403320312,4.8653,0.0522,True
sample_000540,bz2,262144,263798,1.0063095092773438,21.8697,12.977,True
sample_000540,lzma,262144,262216,1.000274658203125,54.1207,0.4345,True
sample_000540,zstd,262144,262159,1.0000572204589844,0.6054,0.0062,True
sample_000541,gzip,262144,150638,0.5746383666992188,15.484,0.7686,True
sample_000541,bz2,262144,133631,0.5097618103027344,19.3593,9.6027,True
sample_000541,lzma,262144,143508,0.5474395751953125,62.9243,5.9095,True
sample_000541,zstd,262144,149053,0.5685920715332031,2.8119,0.5241,True
sample_000542,gzip,262144,719,0.002742767333984375,0.5085,0.0838,True
sample_000542,bz2,262144,156,0.0005950927734375,31.2092,2.1096,True
sample_000542,lzma,262144,208,0.00079345703125,6.7318,0.4057,True
sample_000542,zstd,262144,66,0.00025177001953125,0.1861,0.0162,True
sample_000543,gzip,262144,8415,0.032100677490234375,6.758,0.1302,True
sample_000543,bz2,262144,8444,0.0322113037109375,2.442,1.0794,True
sample_000543,lzma,262144,6260,0.0238800048828125,36.0287,1.2711,True
sample_000543,zstd,262144,6052,0.0230865478515625,0.3401,0.1084,True
sample_000544,gzip,262144,102483,0.3909416198730469,18.1106,0.6731,True
sample_000544,bz2,262144,89136,0.34002685546875,18.1006,6.9653,True
sample_000544,lzma,262144,77944,0.297332763671875,92.8857,5.1276,True
sample_000544,zstd,262144,114732,0.4376678466796875,1.8085,0.5384,True
sample_000545,gzip,262144,79574,0.30355072021484375,24.2091,0.2403,True
sample_000545,bz2,262144,74838,0.28548431396484375,33.7896,4.3607,True
sample_000545,lzma,262144,75160,0.286712646484375,50.176,3.9648,True
sample_000545,zstd,262144,81035,0.3091239929199219,0.7056,0.1548,True
sample_000546,gzip,1048576,1048914,1.0003223419189453,23.8128,0.9383,True
sample_000546,bz2,1048576,1053732,1.0049171447753906,94.257,54.5605,True
sample_000546,lzma,1048576,1048688,1.0001068115234375,215.3057,1.5754,True
sample_000546,zstd,1048576,1048609,1.0000314712524414,0.6564,0.2951,True
sample_000547,gzip,1048576,157349,0.15005970001220703,1150.7885,1.3023,True
sample_000547,bz2,1048576,168015,0.1602315902709961,68.0888,35.3938,True
sample_000547,lzma,1048576,144088,0.13741302490234375,731.0374,6.9101,True
sample_000547,zstd,1048576,195678,0.1866130828857422,3.5072,1.5104,True
sample_000548,gzip,1048576,3766,0.0035915374755859375,1.5351,0.7908,True
sample_000548,bz2,1048576,1052,0.001003265380859375,254.3071,6.3075,True
sample_000548,lzma,1048576,420,0.000400543212890625,15.1732,1.8904,True
sample_000548,zstd,1048576,234,0.0002231597900390625,0.4199,0.3695,True
sample_000549,gzip,1048576,9555,0.009112358093261719,16.7707,0.629,True
sample_000549,bz2,1048576,11405,0.010876655578613281,5.7884,3.1594,True
sample_000549,lzma,1048576,7884,0.007518768310546875,38.9755,3.5666,True
sample_000549,zstd,1048576,10257,0.009781837463378906,0.6294,0.5064,True
sample_000550,gzip,1048576,396268,0.3779106140136719,76.4555,2.9149,True
sample_000550,bz2,1048576,342431,0.3265676498413086,63.8833,37.2139,True
sample_000550,lzma,1048576,295388,0.2817039489746094,366.0423,16.9128,True
sample_000550,zstd,1048576,437285,0.41702747344970703,8.0075,1.6166,True
sample_000551,gzip,1048576,307982,0.2937145233154297,126.6489,1.4375,True
sample_000551,bz2,1048576,299564,0.2856864929199219,151.7842,19.6175,True
sample_000551,lzma,1048576,297260,0.2834892272949219,191.3557,10.6263,True
sample_000551,zstd,1048576,316917,0.30223560333251953,2.1492,0.7789,True
sample_000552,gzip,16384,16407,1.00140380859375,0.1592,0.0053,True
sample_000552,bz2,16384,16867,1.02947998046875,2.6048,0.6159,True
sample_000552,lzma,16384,16444,1.003662109375,6.7265,0.0446,True
sample_000552,zstd,16384,16394,1.0006103515625,0.019,0.0014,True
sample_000553,gzip,16384,2738,0.1671142578125,5.3463,0.0196,True
sample_000553,bz2,16384,2723,0.16619873046875,1.1259,0.2871,True
sample_000553,lzma,16384,2572,0.156982421875,10.0592,0.1705,True
sample_000553,zstd,16384,3177,0.19390869140625,0.0727,0.0254,True
sample_000554,gzip,16384,72,0.00439453125,0.0274,0.0062,True
sample_000554,bz2,16384,64,0.00390625,1.5411,0.0843,True
sample_000554,lzma,16384,128,0.0078125,4.6619,0.0444,True
sample_000554,zstd,16384,26,0.0015869140625,0.0075,0.0035,True
sample_000555,gzip,16384,93,0.00567626953125,0.0708,0.009,True
sample_000555,bz2,16384,147,0.00897216796875,0.1403,0.0802,True
sample_000555,lzma,16384,152,0.00927734375,4.941,0.0577,True
sample_000555,zstd,16384,61,0.00372314453125,0.0088,0.004,True
sample_000556,gzip,16384,7152,0.4365234375,0.4758,0.0463,True
sample_000556,bz2,16384,6075,0.37078857421875,1.462,0.4438,True
sample_000556,lzma,16384,5916,0.361083984375,8.3006,0.357,True
sample_000556,zstd,16384,7384,0.45068359375,0.1115,0.0322,True
sample_000557,gzip,16384,6095,0.37200927734375,0.2633,0.0285,True
sample_000557,bz2,16384,6035,0.36834716796875,2.5386,0.3525,True
sample_000557,lzma,16384,5684,0.346923828125,6.1788,0.3316,True
sample_000557,zstd,16384,6091,0.37176513671875,0.0862,0.0147,True
sample_000558,gzip,65536,65574,1.000579833984375,0.9942,0.016,True
sample_000558,bz2,65536,66195,1.0100555419921875,5.6508,2.6018,True
sample_000558,lzma,65536,65600,1.0009765625,15.7122,0.1554,True
sample_000558,zstd,65536,65546,1.000152587890625,0.0249,0.0021,True
sample_000559,gzip,65536,19756,0.30145263671875,29.1009,0.1962,True
sample_000559,bz2,65536,18001,0.2746734619140625,4.4992,1.4828,True
sample_000559,lzma,65536,18596,0.28375244140625,21.4936,1.1916,True
sample_000559,zstd,65536,21436,0.32708740234375,0.3084,0.0861,True
sample_000560,gzip,65536,319,0.0048675537109375,0.1475,0.0224,True
sample_000560,bz2,65536,249,0.0037994384765625,8.6204,0.4064,True
sample_000560,lzma,65536,212,0.00323486328125,5.0384,0.1109,True
sample_000560,zstd,65536,84,0.00128173828125,0.0141,0.0032,True
sample_000561,gzip,65536,2160,0.032958984375,1.5063,0.0258,True
sample_000561,bz2,65536,2815,0.0429534912109375,0.9617,0.3152,True
sample_000561,lzma,65536,1688,0.0257568359375,11.2184,0.2934,True
sample_000561,zstd,65536,1559,0.0237884521484375,0.0395,0.0363,True
sample_000562,gzip,65536,27124,0.41387939453125,3.7044,0.1864,True
sample_000562,bz2,65536,22928,0.349853515625,3.9929,1.7335,True
sample_000562,lzma,65536,20940,0.31951904296875,18.2037,1.3558,True
sample_000562,zstd,65536,27417,0.4183502197265625,0.4337,0.101,True
sample_000563,gzip,65536,24591,0.3752288818359375,1.1377,0.1071,True
sample_000563,bz2,65536,23624,0.3604736328125,9.3096,1.6649,True
sample_000563,lzma,65536,22200,0.3387451171875,13.8258,1.1387,True
sample_000563,zstd,65536,26558,0.405242919921875,0.1659,0.0544,True
sample_000564,gzip,262144,262242,1.0003738403320312,4.8795,0.0961,True
sample_000564,bz2,262144,263738,1.0060806274414062,21.4744,10.8259,True
sample_000564,lzma,262144,262216,1.000274658203125,51.4353,0.3918,True
sample_000564,zstd,262144,262159,1.0000572204589844,0.314,0.0055,True
sample_000565,gzip,262144,76035,0.2900505065917969,145.8267,0.4257,True
sample_000565,bz2,262144,71647,0.2733116149902344,16.8283,7.8739,True
sample_000565,lzma,262144,72984,0.278411865234375,86.9765,3.1513,True
sample_000565,zstd,262144,85739,0.3270683288574219,1.7288,0.4461,True
sample_000566,gzip,262144,430,0.00164031982421875,0.4582,0.1221,True
sample_000566,bz2,262144,75,0.000286102294921875,24.8256,1.5099,True
sample_000566,lzma,262144,180,0.0006866455078125,7.1132,0.5239,True
sample_000566,zstd,262144,40,0.000152587890625,0.2311,0.045,True
sample_000567,gzip,262144,2474,0.00943756103515625,4.0141,0.0565,True
sample_000567,bz2,262144,3808,0.0145263671875,1.9933,0.8,True
sample_000567,lzma,262144,2092,0.0079803466796875,12.8544,0.8762,True
sample_000567,zstd,262144,1794,0.00684356689453125,0.2306,0.0976,True
sample_000568,gzip,262144,34773,0.13264846801757812,5.8271,0.2248,True
sample_000568,bz2,262144,21067,0.08036422729492188,20.3492,3.5997,True
sample_000568,lzma,262144,27696,0.10565185546875,80.6668,1.7598,True
sample_000568,zstd,262144,42616,0.162567138671875,0.936,0.3224,True
sample_000569,gzip,262144,101442,0.38697052001953125,5.4445,0.3044,True
sample_000569,bz2,262144,97949,0.3736457824707031,34.8504,5.0776,True
sample_000569,lzma,262144,92928,0.3544921875,49.6102,5.2064,True
sample_000569,zstd,262144,99466,0.37943267822265625,0.9042,0.2005,True
sample_000570,gzip,1048576,1048914,1.0003223419189453,21.0049,0.9357,True
sample_000570,bz2,1048576,1053519,1.004714012145996,91.3082,56.6539,True
sample_000570,lzma,1048576,1048688,1.0001068115234375,213.2833,1.7448,True
sample_000570,zstd,1048576,1048609,1.0000314712524414,0.7264,0.4007,True
sample_000571,gzip,1048576,446845,0.4261445999145508,129.0952,3.615,True
sample_000571,bz2,1048576,407030,0.38817405700683594,76.5229,49.0193,True
sample_000571,lzma,1048576,427384,0.40758514404296875,436.8291,19.5184,True
sample_000571,zstd,1048576,468494,0.4467906951904297,8.7505,2.5142,True
sample_000572,gzip,1048576,2096,0.0019989013671875,1.451,0.617,True
sample_000572,bz2,1048576,210,0.0002002716064453125,153.596,4.4861,True
sample_000572,lzma,1048576,300,0.000286102294921875,16.1392,2.0709,True
sample_000572,zstd,1048576,120,0.00011444091796875,0.4519,0.3544,True
sample_000573,gzip,1048576,3235,0.0030851364135742188,5.3764,1.0351,True
sample_000573,bz2,1048576,4617,0.004403114318847656,6.0896,3.5399,True
sample_000573,lzma,1048576,2664,0.00254058837890625,23.4501,3.282,True
sample_000573,zstd,1048576,3449,0.0032892227172851562,0.7101,0.4844,True
sample_000574,gzip,1048576,137216,0.130859375,27.7653,1.1886,True
sample_000574,bz2,1048576,104744,0.09989166259765625,96.0732,17.8519,True
sample_000574,lzma,1048576,100336,0.0956878662109375,393.221,6.7606,True
sample_000574,zstd,1048576,172698,0.16469764709472656,2.9538,1.3629,True
sample_000575,gzip,1048576,338509,0.3228273391723633,49.4654,1.2887,True
sample_000575,bz2,1048576,326514,0.3113880157470703,162.5144,19.914,True
sample_000575,lzma,1048576,323876,0.3088722229003906,176.9989,11.909,True
sample_000575,zstd,1048576,343128,0.32723236083984375,2.8543,1.0622,True
sample_000576,gzip,16384,16407,1.00140380859375,0.1414,0.0113,True
sample_000576,bz2,16384,16848,1.0283203125,2.1582,0.7857,True
sample_000576,lzma,16384,16444,1.003662109375,7.3884,0.09,True
sample_000576,zstd,16384,16394,1.0006103515625,0.0271,0.002,True
sample_000577,gzip,16384,5174,0.3157958984375,2.1754,0.0388,True
sample_000577,bz2,16384,4563,0.27850341796875,1.3346,0.4232,True
sample_000577,lzma,16384,4900,0.299072265625,8.6358,0.3777,True
sample_000577,zstd,16384,5505,0.33599853515625,0.0904,0.0305,True
sample_000578,gzip,16384,128,0.0078125,0.0347,0.0091,True
sample_000578,bz2,16384,143,0.00872802734375,1.831,0.14,True
sample_000578,lzma,16384,156,0.009521484375,4.8536,0.0487,True
sample_000578,zstd,16384,51,0.00311279296875,0.0077,0.0017,True
sample_000579,gzip,16384,201,0.01226806640625,0.1192,0.0068,True
sample_000579,bz2,16384,353,0.02154541015625,0.171,0.0564,True
sample_000579,lzma,16384,232,0.01416015625,4.965,0.0684,True
sample_000579,zstd,16384,183,0.01116943359375,0.0112,0.0053,True
sample_000580,gzip,16384,7160,0.43701171875,0.6905,0.092,True
sample_000580,bz2,16384,6090,0.3717041015625,1.1592,0.3764,True
sample_000580,lzma,16384,5892,0.359619140625,7.8588,0.3705,True
sample_000580,zstd,16384,7378,0.4503173828125,0.1191,0.0315,True
sample_000581,gzip,16384,7798,0.4759521484375,0.2006,0.0384,True
sample_000581,bz2,16384,7811,0.47674560546875,1.8072,0.9164,True
sample_000581,lzma,16384,7244,0.442138671875,6.5616,0.3863,True
sample_000581,zstd,16384,7870,0.4803466796875,0.0836,0.0203,True
sample_000582,gzip,65536,65574,1.000579833984375,1.085,0.0156,True
sample_000582,bz2,65536,66179,1.0098114013671875,5.346,2.5144,True
sample_000582,lzma,65536,65600,1.0009765625,15.119,0.1204,True
sample_000582,zstd,65536,65546,1.000152587890625,0.0235,0.0021,True
sample_000583,gzip,65536,19781,0.3018341064453125,28.3178,0.1757,True
sample_000583,bz2,65536,17989,0.2744903564453125,4.3518,1.6634,True
sample_000583,lzma,65536,18612,0.28399658203125,20.6436,1.2496,True
sample_000583,zstd,65536,21425,0.3269195556640625,0.4244,0.0818,True
sample_000584,gzip,65536,104,0.0015869140625,0.1717,0.0216,True
sample_000584,bz2,65536,54,0.000823974609375,5.8384,0.2763,True
sample_000584,lzma,65536,148,0.00225830078125,5.3095,0.1548,True
sample_000584,zstd,65536,22,0.000335693359375,0.0122,0.0115,True
sample_000585,gzip,65536,8073,0.1231842041015625,1.4368,0.0542,True
sample_000585,bz2,65536,7131,0.1088104248046875,1.7082,0.6448,True
sample_000585,lzma,65536,5472,0.08349609375,22.0496,0.4587,True
sample_000585,zstd,65536,5231,0.0798187255859375,0.0851,0.0654,True
sample_000586,gzip,65536,9079,0.1385345458984375,1.4914,0.0613,True
sample_000586,bz2,65536,6696,0.1021728515625,3.9154,0.8291,True
sample_000586,lzma,65536,7324,0.11175537109375,20.9273,0.5617,True
sample_000586,zstd,65536,10780,0.16448974609375,0.1529,0.0642,True
sample_000587,gzip,65536,26771,0.4084930419921875,1.1932,0.1278,True
sample_000587,bz2,65536,25153,0.3838043212890625,8.2102,1.625,True
sample_000587,lzma,65536,24428,0.37274169921875,11.1496,1.4453,True
sample_000587,zstd,65536,29007,0.4426116943359375,0.1876,0.0582,True
sample_000588,gzip,262144,262242,1.0003738403320312,4.8249,0.1483,True
sample_000588,bz2,262144,263760,1.00616455078125,22.4979,11.0773,True
sample_000588,lzma,262144,262216,1.000274658203125,53.5329,0.3141,True
sample_000588,zstd,262144,262159,1.0000572204589844,0.3072,0.0056,True
sample_000589,gzip,262144,112690,0.42987823486328125,36.9414,0.5843,True
sample_000589,bz2,262144,101914,0.38877105712890625,16.6635,8.0525,True
sample_000589,lzma,262144,107432,0.409820556640625,67.8311,4.4544,True
sample_000589,zstd,262144,117603,0.4486198425292969,2.3725,0.5683,True
sample_000590,gzip,262144,429,0.001636505126953125,0.3136,0.065,True
sample_000590,bz2,262144,70,0.00026702880859375,24.7118,1.2803,True
sample_000590,lzma,262144,180,0.0006866455078125,6.9818,0.4641,True
sample_000590,zstd,262144,40,0.000152587890625,0.2166,0.0527,True
sample_000591,gzip,262144,2469,0.009418487548828125,4.4427,0.07,True
sample_000591,bz2,262144,3760,0.01434326171875,2.0897,0.7602,True
sample_000591,lzma,262144,2088,0.007965087890625,12.4372,0.7193,True
sample_000591,zstd,262144,1802,0.00687408447265625,0.2135,0.0972,True
sample_000592,gzip,262144,102480,0.39093017578125,20.5029,0.8504,True
sample_000592,bz2,262144,89097,0.3398780822753906,17.7073,6.9335,True
sample_000592,lzma,262144,77592,0.295989990234375,72.6657,4.785,True
sample_000592,zstd,262144,114702,0.43755340576171875,2.3421,0.6592,True
sample_000593,gzip,262144,85836,0.3274383544921875,29.8975,0.262,True
sample_000593,bz2,262144,82447,0.3145103454589844,40.5413,4.7662,True
sample_000593,lzma,262144,79196,0.3021087646484375,55.7417,5.9366,True
sample_000593,zstd,262144,88545,0.3377723693847656,0.922,0.2793,True
sample_000594,gzip,1048576,1048914,1.0003223419189453,22.386,1.5334,True
sample_000594,bz2,1048576,1053740,1.0049247741699219,94.9376,60.6562,True
sample_000594,lzma,1048576,1048688,1.0001068115234375,215.3671,1.6854,True
sample_000594,zstd,1048576,1048609,1.0000314712524414,1.2919,0.3766,True
sample_000595,gzip,1048576,446843,0.42614269256591797,157.4495,2.753,True
sample_000595,bz2,1048576,407224,0.38835906982421875,76.4944,41.9573,True
sample_000595,lzma,1048576,427232,0.407440185546875,416.2193,20.3908,True
sample_000595,zstd,1048576,468071,0.44638729095458984,9.3508,1.9031,True
sample_000596,gzip,1048576,2626,0.0025043487548828125,1.9647,1.1188,True
sample_000596,bz2,1048576,332,0.000316619873046875,214.9558,4.4222,True
sample_000596,lzma,1048576,320,0.00030517578125,16.3004,1.9797,True
sample_000596,zstd,1048576,138,0.0001316070556640625,0.3662,0.3727,True
sample_000597,gzip,1048576,9595,0.009150505065917969,17.1483,0.6208,True
sample_000597,bz2,1048576,11453,0.010922431945800781,5.5216,3.5493,True
sample_000597,lzma,1048576,7968,0.007598876953125,41.8803,3.4279,True
sample_000597,zstd,1048576,9487,0.009047508239746094,0.5083,0.4564,True
sample_000598,gzip,1048576,137275,0.13091564178466797,27.1639,1.3101,True
sample_000598,bz2,1048576,104781,0.09992694854736328,98.7359,32.256,True
sample_000598,lzma,1048576,101232,0.0965423583984375,385.883,6.5588,True
sample_000598,zstd,1048576,172232,0.16425323486328125,4.7503,1.4788,True
sample_000599,gzip,1048576,363020,0.3462028503417969,24.6651,1.7047,True
sample_000599,bz2,1048576,347502,0.3314037322998047,155.4756,24.2934,True
sample_000599,lzma,1048576,350516,0.3342781066894531,163.009,9.2861,True
sample_000599,zstd,1048576,353475,0.3371000289916992,2.4506,0.6556,True
sample_000600,gzip,16384,16407,1.00140380859375,0.1988,0.0218,True
sample_000600,bz2,16384,16850,1.0284423828125,1.8764,0.6908,True
sample_000600,lzma,16384,16444,1.003662109375,7.3886,0.0359,True
sample_000600,zstd,16384,16394,1.0006103515625,0.0157,0.0011,True
sample_000601,gzip,16384,7582,0.4627685546875,0.6333,0.0433,True
sample_000601,bz2,16384,6455,0.39398193359375,1.4524,0.4014,True
sample_000601,lzma,16384,7276,0.444091796875,6.989,0.6296,True
sample_000601,zstd,16384,7376,0.4501953125,0.1291,0.0348,True
sample_000602,gzip,16384,177,0.01080322265625,0.0377,0.0097,True
sample_000602,bz2,16384,224,0.013671875,2.2341,0.1984,True
sample_000602,lzma,16384,188,0.011474609375,4.5235,0.0624,True
sample_000602,zstd,16384,84,0.005126953125,0.014,0.0039,True
sample_000603,gzip,16384,1916,0.116943359375,0.3474,0.0169,True
sample_000603,bz2,16384,2415,0.14739990234375,0.6734,0.1707,True
sample_000603,lzma,16384,1456,0.0888671875,7.1552,0.1263,True
sample_000603,zstd,16384,1324,0.080810546875,0.0258,0.0154,True
sample_000604,gzip,16384,2506,0.1529541015625,0.2687,0.0226,True
sample_000604,bz2,16384,1744,0.1064453125,1.012,0.1774,True
sample_000604,lzma,16384,2280,0.13916015625,7.8193,0.1325,True
sample_000604,zstd,16384,2764,0.168701171875,0.0428,0.0168,True
sample_000605,gzip,16384,4979,0.30389404296875,0.4086,0.0244,True
sample_000605,bz2,16384,5217,0.31842041015625,2.864,0.4278,True
sample_000605,lzma,16384,4632,0.28271484375,7.1631,0.2616,True
sample_000605,zstd,16384,4908,0.299560546875,0.034,0.0191,True
sample_000606,gzip,65536,65574,1.000579833984375,0.8949,0.0117,True
sample_000606,bz2,65536,66165,1.0095977783203125,5.2173,2.2859,True
sample_000606,lzma,65536,65600,1.0009765625,14.9973,0.0893,True
sample_000606,zstd,65536,65546,1.000152587890625,0.0405,0.002,True
sample_000607,gzip,65536,29284,0.44683837890625,7.0779,0.172,True
sample_000607,bz2,65536,25568,0.39013671875,4.3489,1.856,True
sample_000607,lzma,65536,27636,0.42169189453125,15.6322,1.3019,True
sample_000607,zstd,65536,28240,0.430908203125,0.6038,0.0785,True
sample_000608,gzip,65536,144,0.002197265625,0.0733,0.0199,True
sample_000608,bz2,65536,70,0.001068115234375,5.3488,0.3975,True
sample_000608,lzma,65536,152,0.0023193359375,5.422,0.1076,True
sample_000608,zstd,65536,26,0.000396728515625,0.0115,0.0104,True
sample_000609,gzip,65536,263,0.0040130615234375,0.2457,0.0149,True
sample_000609,bz2,65536,483,0.0073699951171875,0.3687,0.1678,True
sample_000609,lzma,65536,300,0.00457763671875,5.0304,0.1687,True
sample_000609,zstd,65536,198,0.003021240234375,0.0135,0.012,True
sample_000610,gzip,65536,27102,0.413543701171875,3.5359,0.1615,True
sample_000610,bz2,65536,22943,0.3500823974609375,3.5848,1.6016,True
sample_000610,lzma,65536,20868,0.31842041015625,18.3521,1.4957,True
sample_000610,zstd,65536,27369,0.4176177978515625,0.6253,0.1274,True
sample_000611,gzip,65536,23076,0.35211181640625,0.883,0.1539,True
sample_000611,bz2,65536,21608,0.3297119140625,7.7328,1.1779,True
sample_000611,lzma,65536,21240,0.3240966796875,11.7065,1.0925,True
sample_000611,zstd,65536,24344,0.3714599609375,0.1746,0.0452,True
sample_000612,gzip,262144,262242,1.0003738403320312,5.0361,0.158,True
sample_000612,bz2,262144,263732,1.0060577392578125,20.665,11.3178,True
sample_000612,lzma,262144,262216,1.000274658203125,47.2973,0.3874,True
sample_000612,zstd,262144,262159,1.0000572204589844,0.3253,0.0149,True
sample_000613,gzip,262144,39751,0.15163803100585938,266.2868,0.3687,True
sample_000613,bz2,262144,42064,0.16046142578125,15.3293,5.7994,True
sample_000613,lzma,262144,36760,0.140228271484375,149.2466,1.8376,True
sample_000613,zstd,262144,48989,0.18687820434570312,1.4393,0.4413,True
sample_000614,gzip,262144,1100,0.0041961669921875,0.4724,0.1412,True
sample_000614,bz2,262144,467,0.001781463623046875,33.9066,2.4074,True
sample_000614,lzma,262144,312,0.001190185546875,7.8354,0.7372,True
sample_000614,zstd,262144,162,0.00061798095703125,0.3531,0.0067,True
sample_000615,gzip,262144,899,0.003429412841796875,1.0887,0.0442,True
sample_000615,bz2,262144,1717,0.006549835205078125,1.739,0.74,True
sample_000615,lzma,262144,812,0.0030975341796875,8.2142,1.032,True
sample_000615,zstd,262144,566,0.00215911865234375,0.1906,0.0852,True
sample_000616,gzip,262144,34963,0.13337326049804688,7.9196,0.3068,True
sample_000616,bz2,262144,25563,0.09751510620117188,21.2008,2.9041,True
sample_000616,lzma,262144,26360,0.100555419921875,86.3113,1.6961,True
sample_000616,zstd,262144,43101,0.16441726684570312,0.8918,0.3068,True
sample_000617,gzip,262144,94696,0.361236572265625,27.343,0.291,True
sample_000617,bz2,262144,90351,0.3446617126464844,38.6478,5.7749,True
sample_000617,lzma,262144,86820,0.3311920166015625,45.1567,4.9113,True
sample_000617,zstd,262144,99261,0.3786506652832031,1.0736,0.2497,True
sample_000618,gzip,1048576,1048914,1.0003223419189453,23.9484,1.0847,True
sample_000618,bz2,1048576,1053952,1.005126953125,100.3091,53.3873,True
sample_000618,lzma,1048576,1048688,1.0001068115234375,223.7743,1.6745,True
sample_000618,zstd,1048576,1048609,1.0000314712524414,0.7226,0.3046,True
sample_000619,gzip,1048576,600206,0.5724010467529297,64.5059,3.4496,True
sample_000619,bz2,1048576,534315,0.5095624923706055,84.2299,43.8322,True
sample_000619,lzma,1048576,563564,0.5374565124511719,404.1468,25.1356,True
sample_000619,zstd,1048576,543768,0.5185775756835938,8.4322,1.6263,True
sample_000620,gzip,1048576,3768,0.00359344482421875,1.7761,0.6194,True
sample_000620,bz2,1048576,1045,0.0009965896606445312,267.8982,5.9933,True
sample_000620,lzma,1048576,420,0.000400543212890625,16.0865,1.88,True
sample_000620,zstd,1048576,234,0.0002231597900390625,0.3267,0.3294,True
sample_000621,gzip,1048576,34036,0.032459259033203125,30.3739,0.8367,True
sample_000621,bz2,1048576,29812,0.028430938720703125,8.705,4.1674,True
sample_000621,lzma,1048576,25420,0.024242401123046875,141.9778,4.8485,True
sample_000621,zstd,1048576,26840,0.02559661865234375,1.3444,0.7126,True
sample_000622,gzip,1048576,395970,0.3776264190673828,82.2564,3.3132,True
sample_000622,bz2,1048576,341812,0.3259773254394531,84.4163,31.1788,True
sample_000622,lzma,1048576,295644,0.2819480895996094,401.2903,19.3849,True
sample_000622,zstd,1048576,437404,0.4171409606933594,7.8875,1.8951,True
sample_000623,gzip,1048576,365749,0.34880542755126953,146.946,1.6472,True
sample_000623,bz2,1048576,355089,0.3386392593383789,178.1618,25.1749,True
sample_000623,lzma,1048576,338528,0.322845458984375,198.591,12.6413,True
sample_000623,zstd,1048576,370813,0.3536348342895508,3.4229,1.0913,True
sample_000624,gzip,16384,16407,1.00140380859375,0.2093,0.0063,True
sample_000624,bz2,16384,16854,1.0286865234375,2.3259,0.713,True
sample_000624,lzma,16384,16444,1.003662109375,7.0476,0.0825,True
sample_000624,zstd,16384,16394,1.0006103515625,0.0344,0.0026,True
sample_000625,gzip,16384,7563,0.46160888671875,0.8063,0.0437,True
sample_000625,bz2,16384,6452,0.393798828125,1.3936,0.3893,True
sample_000625,lzma,16384,7252,0.442626953125,7.8983,0.4278,True
sample_000625,zstd,16384,7382,0.4505615234375,0.1871,0.0372,True
sample_000626,gzip,16384,177,0.01080322265625,0.0308,0.0077,True
sample_000626,bz2,16384,217,0.01324462890625,2.1027,0.1537,True
sample_000626,lzma,16384,188,0.011474609375,4.6097,0.0426,True
sample_000626,zstd,16384,84,0.005126953125,0.0085,0.0014,True
sample_000627,gzip,16384,95,0.00579833984375,0.0958,0.0091,True
sample_000627,bz2,16384,147,0.00897216796875,0.1502,0.0721,True
sample_000627,lzma,16384,156,0.009521484375,4.7293,0.0608,True
sample_000627,zstd,16384,64,0.00390625,0.0091,0.0042,True
sample_000628,gzip,16384,2499,0.15252685546875,0.2766,0.0238,True
sample_000628,bz2,16384,1762,0.1075439453125,1.3649,0.2236,True
sample_000628,lzma,16384,2292,0.139892578125,8.1456,0.2059,True
sample_000628,zstd,16384,2763,0.16864013671875,0.0498,0.0238,True
sample_000629,gzip,16384,7172,0.437744140625,0.239,0.0388,True
sample_000629,bz2,16384,6779,0.41375732421875,2.675,0.3632,True
sample_000629,lzma,16384,6508,0.397216796875,6.2268,0.3538,True
sample_000629,zstd,16384,7205,0.43975830078125,0.0585,0.0211,True
sample_000630,gzip,65536,65574,1.000579833984375,1.0102,0.0131,True
sample_000630,bz2,65536,66198,1.010101318359375,5.7509,2.7359,True
sample_000630,lzma,65536,65600,1.0009765625,17.29,0.0952,True
sample_000630,zstd,65536,65546,1.000152587890625,0.0404,0.0021,True
sample_000631,gzip,65536,29310,0.447235107421875,6.2294,0.1766,True
sample_000631,bz2,65536,25521,0.3894195556640625,4.2702,1.7557,True
sample_000631,lzma,65536,27460,0.41900634765625,17.2291,1.4637,True
sample_000631,zstd,65536,28231,0.4307708740234375,0.4962,0.1021,True
sample_000632,gzip,65536,246,0.003753662109375,0.1112,0.0219,True
sample_000632,bz2,65536,153,0.0023345947265625,8.019,0.4149,True
sample_000632,lzma,65536,176,0.002685546875,5.4826,0.1679,True
sample_000632,zstd,65536,52,0.00079345703125,0.0139,0.0054,True
sample_000633,gzip,65536,8025,0.1224517822265625,1.677,0.0492,True
sample_000633,bz2,65536,7048,0.1075439453125,1.6069,0.5189,True
sample_000633,lzma,65536,5436,0.08294677734375,17.4695,0.4872,True
sample_000633,zstd,65536,5189,0.0791778564453125,0.1445,0.1003,True
sample_000634,gzip,65536,27146,0.414215087890625,3.9828,0.1741,True
sample_000634,bz2,65536,22892,0.34930419921875,4.0927,1.4743,True
sample_000634,lzma,65536,20980,0.32012939453125,18.1686,1.4549,True
sample_000634,zstd,65536,27379,0.4177703857421875,0.4428,0.0954,True
sample_000635,gzip,65536,21377,0.3261871337890625,1.8174,0.1042,True
sample_000635,bz2,65536,19759,0.3014984130859375,8.4431,1.0755,True
sample_000635,lzma,65536,19188,0.29278564453125,13.3805,1.0017,True
sample_000635,zstd,65536,21201,0.3235015869140625,0.1171,0.0385,True
sample_000636,gzip,262144,262242,1.0003738403320312,5.0218,0.0872,True
sample_000636,bz2,262144,263747,1.0061149597167969,21.5599,11.8792,True
sample_000636,lzma,262144,262216,1.000274658203125,51.4884,0.3554,True
sample_000636,zstd,262144,262159,1.0000572204589844,0.2488,0.0057,True
sample_000637,gzip,262144,112731,0.4300346374511719,31.916,0.6309,True
sample_000637,bz2,262144,101838,0.38848114013671875,18.0254,8.2444,True
sample_000637,lzma,262144,107536,0.41021728515625,64.9328,4.8359,True
sample_000637,zstd,262144,117107,0.4467277526855469,2.4689,0.479,True
sample_000638,gzip,262144,1103,0.004207611083984375,0.506,0.0929,True
sample_000638,bz2,262144,469,0.001789093017578125,35.5339,2.2064,True
sample_000638,lzma,262144,312,0.001190185546875,7.1777,0.3775,True
sample_000638,zstd,262144,162,0.00061798095703125,0.2306,0.0076,True
sample_000639,gzip,262144,8460,0.0322723388671875,6.3675,0.263,True
sample_000639,bz2,262144,8488,0.032379150390625,2.9525,1.1782,True
sample_000639,lzma,262144,6288,0.02398681640625,37.2722,1.1994,True
sample_000639,zstd,262144,6088,0.023223876953125,0.3335,0.1041,True
sample_000640,gzip,262144,34948,0.1333160400390625,6.7279,0.245,True
sample_000640,bz2,262144,25599,0.09765243530273438,33.5858,5.5813,True
sample_000640,lzma,262144,26364,0.1005706787109375,84.1173,1.7702,True
sample_000640,zstd,262144,43085,0.16435623168945312,0.7881,0.1957,True
sample_000641,gzip,262144,73170,0.27912139892578125,44.7532,0.2785,True
sample_000641,bz2,262144,70657,0.2695350646972656,36.3251,4.6048,True
sample_000641,lzma,262144,68452,0.2611236572265625,55.6409,3.1998,True
sample_000641,zstd,262144,74503,0.2842063903808594,0.4997,0.1351,True
sample_000642,gzip,1048576,1048914,1.0003223419189453,23.6681,0.8746,True
sample_000642,bz2,1048576,1053332,1.0045356750488281,91.6222,53.7461,True
sample_000642,lzma,1048576,1048688,1.0001068115234375,217.5041,1.9807,True
sample_000642,zstd,1048576,1048609,1.0000314712524414,1.1635,0.3814,True
sample_000643,gzip,1048576,446788,0.4260902404785156,137.7701,3.3329,True
sample_000643,bz2,1048576,407136,0.388275146484375,85.9584,49.5176,True
sample_000643,lzma,1048576,427564,0.4077568054199219,442.2952,20.5612,True
sample_000643,zstd,1048576,468426,0.44672584533691406,8.2375,2.0281,True
sample_000644,gzip,1048576,1058,0.0010089874267578125,1.5231,0.6768,True
sample_000644,bz2,1048576,102,9.72747802734375e-05,133.0111,6.2973,True
sample_000644,lzma,1048576,288,0.000274658203125,13.4885,1.8791,True
sample_000644,zstd,1048576,108,0.000102996826171875,0.4633,0.431,True
sample_000645,gzip,1048576,130152,0.12412261962890625,32.1997,1.2718,True
sample_000645,bz2,1048576,88287,0.0841970443725586,13.4984,6.9962,True
sample_000645,lzma,1048576,85604,0.08163833618164062,344.6153,10.4308,True
sample_000645,zstd,1048576,89092,0.08496475219726562,2.4595,1.5831,True
sample_000646,gzip,1048576,137248,0.130889892578125,27.7308,1.4984,True
sample_000646,bz2,1048576,104678,0.09982872009277344,96.1076,23.7872,True
sample_000646,lzma,1048576,100228,0.09558486938476562,424.7043,9.7842,True
sample_000646,zstd,1048576,172530,0.1645374298095703,3.2977,1.7062,True
sample_000647,gzip,1048576,388023,0.37004756927490234,52.0113,1.5873,True
sample_000647,bz2,1048576,373596,0.3562889099121094,159.5172,27.3656,True
sample_000647,lzma,1048576,361872,0.3451080322265625,157.8527,13.8365,True
sample_000647,zstd,1048576,394237,0.3759737014770508,4.8567,1.0789,True
sample_000648,gzip,16384,16407,1.00140380859375,0.2648,0.0082,True
sample_000648,bz2,16384,16848,1.0283203125,3.0435,0.8374,True
sample_000648,lzma,16384,16444,1.003662109375,7.7844,0.0344,True
sample_000648,zstd,16384,16394,1.0006103515625,0.0152,0.0011,True
sample_000649,gzip,16384,9623,0.58734130859375,0.4732,0.0595,True
sample_000649,bz2,16384,8449,0.51568603515625,1.1235,0.389,True
sample_000649,lzma,16384,9800,0.59814453125,7.7165,0.446,True
sample_000649,zstd,16384,8592,0.5244140625,0.0931,0.0179,True
sample_000650,gzip,16384,271,0.01654052734375,0.034,0.0086,True
sample_000650,bz2,16384,384,0.0234375,2.3185,0.1895,True
sample_000650,lzma,16384,256,0.015625,4.9269,0.0431,True
sample_000650,zstd,16384,148,0.009033203125,0.0082,0.0012,True
sample_000651,gzip,16384,209,0.01275634765625,0.1606,0.0124,True
sample_000651,bz2,16384,354,0.0216064453125,0.2396,0.1142,True
sample_000651,lzma,16384,236,0.014404296875,5.837,0.0607,True
sample_000651,zstd,16384,191,0.01165771484375,0.0096,0.0043,True
sample_000652,gzip,16384,7159,0.43695068359375,0.5392,0.0462,True
sample_000652,bz2,16384,6062,0.3699951171875,1.798,0.6112,True
sample_000652,lzma,16384,5872,0.3583984375,8.1889,0.3525,True
sample_000652,zstd,16384,7387,0.45086669921875,0.1126,0.0272,True
sample_000653,gzip,16384,6540,0.399169921875,0.2328,0.0352,True
sample_000653,bz2,16384,6716,0.409912109375,3.3013,0.5295,True
sample_000653,lzma,16384,5968,0.3642578125,7.2328,0.3443,True
sample_000653,zstd,16384,6421,0.39190673828125,0.0766,0.0238,True
sample_000654,gzip,65536,65574,1.000579833984375,1.2719,0.0116,True
sample_000654,bz2,65536,66181,1.0098419189453125,6.2884,2.3101,True
sample_000654,lzma,65536,65600,1.0009765625,16.2181,0.0961,True
sample_000654,zstd,65536,65546,1.000152587890625,0.0827,0.0021,True
sample_000655,gzip,65536,29283,0.4468231201171875,7.8324,0.2281,True
sample_000655,bz2,65536,25544,0.3897705078125,3.9679,1.6422,True
sample_000655,lzma,65536,27440,0.418701171875,14.9199,1.2866,True
sample_000655,zstd,65536,28263,0.4312591552734375,0.4686,0.177,True
sample_000656,gzip,65536,434,0.006622314453125,0.2227,0.0148,True
sample_000656,bz2,65536,445,0.0067901611328125,8.1091,0.5768,True
sample_000656,lzma,65536,280,0.0042724609375,5.2561,0.1106,True
sample_000656,zstd,65536,148,0.00225830078125,0.0126,0.0025,True
sample_000657,gzip,65536,252,0.00384521484375,0.2499,0.0166,True
sample_000657,bz2,65536,468,0.00714111328125,0.4148,0.1755,True
sample_000657,lzma,65536,296,0.0045166015625,5.5949,0.2021,True
sample_000657,zstd,65536,192,0.0029296875,0.013,0.012,True
sample_000658,gzip,65536,27224,0.4154052734375,4.7144,0.2379,True
sample_000658,bz2,65536,22915,0.3496551513671875,4.8817,2.2378,True
sample_000658,lzma,65536,20932,0.31939697265625,19.4194,1.3383,True
sample_000658,zstd,65536,27414,0.418304443359375,0.6029,0.159,True
sample_000659,gzip,65536,26973,0.4115753173828125,1.0809,0.1208,True
sample_000659,bz2,65536,26034,0.397247314453125,10.637,1.4219,True
sample_000659,lzma,65536,24964,0.38092041015625,16.9258,1.6526,True
sample_000659,zstd,65536,26513,0.4045562744140625,0.1514,0.0936,True
sample_000660,gzip,262144,262242,1.0003738403320312,5.5736,0.1547,True
sample_000660,bz2,262144,263719,1.0060081481933594,23.4426,9.7652,True
sample_000660,lzma,262144,262216,1.000274658203125,58.8438,0.468,True
sample_000660,zstd,262144,262159,1.0000572204589844,0.5164,0.0057,True
sample_000661,gzip,262144,39824,0.15191650390625,295.7345,0.7456,True
sample_000661,bz2,262144,42040,0.160369873046875,25.5338,10.7708,True
sample_000661,lzma,262144,36752,0.14019775390625,148.4885,1.7295,True
sample_000661,zstd,262144,49021,0.18700027465820312,0.8789,0.261,True
sample_000662,gzip,262144,720,0.00274658203125,0.2909,0.0712,True
sample_000662,bz2,262144,158,0.00060272216796875,28.9695,2.0294,True
sample_000662,lzma,262144,208,0.00079345703125,6.7301,0.3776,True
sample_000662,zstd,262144,66,0.00025177001953125,0.1937,0.0163,True
sample_000663,gzip,262144,878,0.00334930419921875,1.1373,0.0429,True
sample_000663,bz2,262144,1642,0.00626373291015625,1.6015,0.6639,True
sample_000663,lzma,262144,792,0.003021240234375,8.3097,0.6376,True
sample_000663,zstd,262144,548,0.0020904541015625,0.2157,0.0479,True
sample_000664,gzip,262144,34966,0.13338470458984375,5.895,0.2327,True
sample_000664,bz2,262144,25585,0.09759902954101562,20.294,3.5235,True
sample_000664,lzma,262144,26428,0.1008148193359375,82.7092,2.0748,True
sample_000664,zstd,262144,43064,0.164276123046875,0.9273,0.246,True
sample_000665,gzip,262144,94777,0.3615455627441406,25.2681,0.3519,True
sample_000665,bz2,262144,90301,0.3444709777832031,32.444,4.7698,True
sample_000665,lzma,262144,86520,0.330047607421875,42.3631,5.1016,True
sample_000665,zstd,262144,99354,0.37900543212890625,1.1643,0.1878,True
sample_000666,gzip,1048576,1048914,1.0003223419189453,20.7591,0.9811,True
sample_000666,bz2,1048576,1053144,1.0043563842773438,89.0518,57.8765,True
sample_000666,lzma,1048576,1048688,1.0001068115234375,210.0357,1.5763,True
sample_000666,zstd,1048576,1048609,1.0000314712524414,0.7412,0.3256,True
sample_000667,gzip,1048576,600073,0.5722742080688477,44.9858,3.2996,True
sample_000667,bz2,1048576,533163,0.5084638595581055,73.9742,41.944,True
sample_000667,lzma,1048576,563768,0.5376510620117188,388.4871,22.5818,True
sample_000667,zstd,1048576,543904,0.518707275390625,7.4077,1.4866,True
sample_000668,gzip,1048576,1573,0.0015001296997070312,1.4229,0.884,True
sample_000668,bz2,1048576,144,0.0001373291015625,133.2383,4.2652,True
sample_000668,lzma,1048576,292,0.000278472900390625,14.2178,2.071,True
sample_000668,zstd,1048576,112,0.0001068115234375,0.4292,0.4154,True
sample_000669,gzip,1048576,33840,0.0322723388671875,28.5126,0.9181,True
sample_000669,bz2,1048576,29572,0.028202056884765625,6.5965,3.864,True
sample_000669,lzma,1048576,25388,0.024211883544921875,142.7163,4.1707,True
sample_000669,zstd,1048576,27898,0.026605606079101562,0.9279,0.6325,True
sample_000670,gzip,1048576,137424,0.1310577392578125,23.8445,1.1902,True
sample_000670,bz2,1048576,80645,0.07690906524658203,94.0398,22.0745,True
sample_000670,lzma,1048576,102948,0.09817886352539062,400.4565,6.6237,True
sample_000670,zstd,1048576,169056,0.161224365234375,3.1188,1.1501,True
sample_000671,gzip,1048576,274337,0.2616281509399414,230.9065,0.9886,True
sample_000671,bz2,1048576,267456,0.25506591796875,156.5412,18.7254,True
sample_000671,lzma,1048576,263736,0.25151824951171875,214.0252,9.085,True
sample_000671,zstd,1048576,284810,0.27161598205566406,1.691,0.8649,True
sample_000672,gzip,16384,16407,1.00140380859375,0.1861,0.0055,True
sample_000672,bz2,16384,16866,1.0294189453125,1.9462,0.61,True
sample_000672,lzma,16384,16444,1.003662109375,7.1377,0.0368,True
sample_000672,zstd,16384,16394,1.0006103515625,0.0155,0.0011,True
sample_000673,gzip,16384,5167,0.31536865234375,2.6857,0.0394,True
sample_000673,bz2,16384,4559,0.27825927734375,1.2277,0.3217,True
sample_000673,lzma,16384,4916,0.300048828125,8.4345,0.3442,True
sample_000673,zstd,16384,5538,0.3380126953125,0.1703,0.0648,True
sample_000674,gzip,16384,265,0.01617431640625,0.0331,0.0076,True
sample_000674,bz2,16384,382,0.0233154296875,2.2949,0.1848,True
sample_000674,lzma,16384,256,0.015625,4.4956,0.0534,True
sample_000674,zstd,16384,148,0.009033203125,0.0086,0.0013,True
sample_000675,gzip,16384,84,0.005126953125,0.0752,0.0096,True
sample_000675,bz2,16384,127,0.00775146484375,0.1134,0.048,True
sample_000675,lzma,16384,148,0.009033203125,6.3742,0.0582,True
sample_000675,zstd,16384,55,0.00335693359375,0.0081,0.0036,True
sample_000676,gzip,16384,2417,0.14752197265625,0.2651,0.0241,True
sample_000676,bz2,16384,1864,0.11376953125,1.4505,0.2381,True
sample_000676,lzma,16384,2116,0.129150390625,10.5002,0.2497,True
sample_000676,zstd,16384,2692,0.164306640625,0.0753,0.0282,True
sample_000677,gzip,16384,5359,0.32708740234375,0.4644,0.0276,True
sample_000677,bz2,16384,5932,0.362060546875,2.5109,0.4998,True
sample_000677,lzma,16384,4932,0.301025390625,7.5203,0.3734,True
sample_000677,zstd,16384,5322,0.3248291015625,0.0702,0.0212,True
sample_000678,gzip,65536,65574,1.000579833984375,1.2671,0.0381,True
sample_000678,bz2,65536,66174,1.009735107421875,5.4719,2.5327,True
sample_000678,lzma,65536,65600,1.0009765625,15.677,0.1009,True
sample_000678,zstd,65536,65546,1.000152587890625,0.0736,0.0021,True
sample_000679,gzip,65536,10334,0.157684326171875,55.6879,0.0635,True
sample_000679,bz2,65536,10597,0.1616973876953125,4.7474,1.1985,True
sample_000679,lzma,65536,9480,0.1446533203125,34.9878,0.565,True
sample_000679,zstd,65536,12304,0.187744140625,0.1757,0.0859,True
sample_000680,gzip,65536,189,0.0028839111328125,0.1192,0.022,True
sample_000680,bz2,65536,100,0.00152587890625,7.0385,0.4815,True
sample_000680,lzma,65536,160,0.00244140625,5.2228,0.1181,True
sample_000680,zstd,65536,34,0.000518798828125,0.0118,0.0076,True
sample_000681,gzip,65536,2080,0.03173828125,1.7617,0.0378,True
sample_000681,bz2,65536,2659,0.0405731201171875,1.2153,0.2831,True
sample_000681,lzma,65536,1632,0.02490234375,12.5669,0.3344,True
sample_000681,zstd,65536,1511,0.0230560302734375,0.0435,0.0314,True
sample_000682,gzip,65536,9106,0.138946533203125,1.8132,0.0736,True
sample_000682,bz2,65536,6659,0.1016082763671875,4.2614,0.7592,True
sample_000682,lzma,65536,7412,0.11309814453125,23.3855,0.4603,True
sample_000682,zstd,65536,10736,0.163818359375,0.1431,0.0667,True
sample_000683,gzip,65536,22948,0.35015869140625,1.0473,0.1158,True
sample_000683,bz2,65536,21296,0.324951171875,8.0405,1.1521,True
sample_000683,lzma,65536,21060,0.32135009765625,12.6297,1.1592,True
sample_000683,zstd,65536,24396,0.37225341796875,0.0663,0.0395,True
sample_000684,gzip,262144,262242,1.0003738403320312,5.0867,0.0519,True
sample_000684,bz2,262144,263715,1.0059928894042969,21.0218,10.7233,True
sample_000684,lzma,262144,262216,1.000274658203125,53.8406,0.3392,True
sample_000684,zstd,262144,262159,1.0000572204589844,0.2822,0.006,True
sample_000685,gzip,262144,39843,0.15198898315429688,281.9543,0.2201,True
sample_000685,bz2,262144,42101,0.16060256958007812,15.9156,5.8062,True
sample_000685,lzma,262144,36480,0.13916015625,137.6274,2.474,True
sample_000685,zstd,262144,48997,0.18690872192382812,1.1039,0.579,True
sample_000686,gzip,262144,430,0.00164031982421875,0.5158,0.0743,True
sample_000686,bz2,262144,74,0.00028228759765625,25.6054,1.3919,True
sample_000686,lzma,262144,180,0.0006866455078125,7.0478,0.4911,True
sample_000686,zstd,262144,40,0.000152587890625,0.1998,0.0421,True
sample_000687,gzip,262144,8481,0.032352447509765625,5.9839,0.1358,True
sample_000687,bz2,262144,8506,0.03244781494140625,2.6302,1.2695,True
sample_000687,lzma,262144,6292,0.0240020751953125,38.7569,1.0223,True
sample_000687,zstd,262144,6088,0.023223876953125,0.2938,0.1129,True
sample_000688,gzip,262144,34936,0.133270263671875,6.7909,0.2203,True
sample_000688,bz2,262144,25598,0.09764862060546875,21.9414,4.2831,True
sample_000688,lzma,262144,26484,0.1010284423828125,88.9256,1.6577,True
sample_000688,zstd,262144,43053,0.16423416137695312,0.7975,0.2364,True
sample_000689,gzip,262144,93962,0.35843658447265625,4.29,0.304,True
sample_000689,bz2,262144,89418,0.34110260009765625,37.2395,5.0111,True
sample_000689,lzma,262144,88604,0.3379974365234375,40.7115,5.4821,True
sample_000689,zstd,262144,99804,0.3807220458984375,0.8499,0.1815,True
sample_000690,gzip,1048576,1048914,1.0003223419189453,23.9213,0.9343,True
sample_000690,bz2,1048576,1053750,1.004934310913086,96.5848,54.2405,True
sample_000690,lzma,1048576,1048688,1.0001068115234375,234.4666,1.6539,True
sample_000690,zstd,1048576,1048609,1.0000314712524414,0.7562,0.2946,True
sample_000691,gzip,1048576,158119,0.15079402923583984,1236.6633,1.2845,True
sample_000691,bz2,1048576,167952,0.1601715087890625,76.3647,32.9166,True
sample_000691,lzma,1048576,145640,0.13889312744140625,734.1402,7.6176,True
sample_000691,zstd,1048576,195883,0.18680858612060547,3.8507,1.3674,True
sample_000692,gzip,1048576,1058,0.0010089874267578125,1.6357,0.7111,True
sample_000692,bz2,1048576,104,9.918212890625e-05,129.0157,4.8176,True
sample_000692,lzma,1048576,288,0.000274658203125,16.2922,1.9674,True
sample_000692,zstd,1048576,108,0.000102996826171875,0.3605,0.4117,True
sample_000693,gzip,1048576,3192,0.00304412841796875,5.392,0.646,True
sample_000693,bz2,1048576,4586,0.0043735504150390625,5.9471,2.9235,True
sample_000693,lzma,1048576,2620,0.002498626708984375,35.4049,3.0916,True
sample_000693,zstd,1048576,3403,0.0032453536987304688,0.4939,0.5196,True
sample_000694,gzip,1048576,137164,0.13080978393554688,26.1946,1.2166,True
sample_000694,bz2,1048576,104647,0.09979915618896484,99.7487,23.8941,True
sample_000694,lzma,1048576,100496,0.0958404541015625,433.5911,6.6851,True
sample_000694,zstd,1048576,172495,0.1645040512084961,2.9193,1.3569,True
sample_000695,gzip,1048576,303111,0.28906917572021484,123.3915,1.1106,True
sample_000695,bz2,1048576,292199,0.27866268157958984,146.2157,19.2877,True
sample_000695,lzma,1048576,292752,0.2791900634765625,173.4085,12.3177,True
sample_000695,zstd,1048576,311910,0.29746055603027344,2.2444,0.84,True
sample_000696,gzip,16384,16407,1.00140380859375,0.1682,0.006,True
sample_000696,bz2,16384,16838,1.0277099609375,2.5849,0.6227,True
sample_000696,lzma,16384,16444,1.003662109375,6.4403,0.0536,True
sample_000696,zstd,16384,16394,1.0006103515625,0.0158,0.0011,True
sample_000697,gzip,16384,2723,0.16619873046875,5.1153,0.018,True
sample_000697,bz2,16384,2732,0.166748046875,1.0769,0.2971,True
sample_000697,lzma,16384,2580,0.157470703125,10.0099,0.1656,True
sample_000697,zstd,16384,3116,0.190185546875,0.0676,0.0321,True
sample_000698,gzip,16384,73,0.00445556640625,0.0573,0.009,True
sample_000698,bz2,16384,65,0.00396728515625,1.9089,0.0835,True
sample_000698,lzma,16384,128,0.0078125,4.5902,0.0441,True
sample_000698,zstd,16384,26,0.0015869140625,0.0076,0.0035,True
sample_000699,gzip,16384,1916,0.116943359375,0.2928,0.0169,True
sample_000699,bz2,16384,2403,0.14666748046875,0.6346,0.1851,True
sample_000699,lzma,16384,1456,0.0888671875,8.4482,0.1773,True
sample_000699,zstd,16384,1319,0.08050537109375,0.0347,0.0178,True
sample_000700,gzip,16384,2428,0.148193359375,0.3518,0.0223,True
sample_000700,bz2,16384,1858,0.1134033203125,1.1191,0.3214,True
sample_000700,lzma,16384,2120,0.12939453125,8.3016,0.1923,True
sample_000700,zstd,16384,2685,0.16387939453125,0.0557,0.021,True
sample_000701,gzip,16384,6691,0.40838623046875,0.3458,0.0419,True
sample_000701,bz2,16384,6595,0.40252685546875,1.7379,0.4545,True
sample_000701,lzma,16384,6004,0.366455078125,6.7284,0.4082,True
sample_000701,zstd,16384,6580,0.401611328125,0.058,0.0192,True
sample_000702,gzip,65536,65574,1.000579833984375,1.1458,0.0126,True
sample_000702,bz2,65536,66172,1.00970458984375,5.2353,2.3665,True
sample_000702,lzma,65536,65600,1.0009765625,15.4459,0.1028,True
sample_000702,zstd,65536,65546,1.000152587890625,0.047,0.0022,True
sample_000703,gzip,65536,29311,0.4472503662109375,7.1588,0.1596,True
sample_000703,bz2,65536,25529,0.3895416259765625,3.9667,1.5969,True
sample_000703,lzma,65536,27492,0.41949462890625,14.259,1.2828,True
sample_000703,zstd,65536,28214,0.430511474609375,0.5256,0.1175,True
sample_000704,gzip,65536,143,0.0021820068359375,0.0992,0.0171,True
sample_000704,bz2,65536,70,0.001068115234375,5.6134,0.2891,True
sample_000704,lzma,65536,152,0.0023193359375,5.0324,0.1145,True
sample_000704,zstd,65536,26,0.000396728515625,0.0133,0.0108,True
sample_000705,gzip,65536,8011,0.1222381591796875,1.4913,0.0512,True
sample_000705,bz2,65536,7081,0.1080474853515625,1.5303,0.491,True
sample_000705,lzma,65536,5460,0.08331298828125,17.3066,0.4841,True
sample_000705,zstd,65536,5211,0.0795135498046875,0.1521,0.1054,True
sample_000706,gzip,65536,9047,0.1380462646484375,1.3609,0.0601,True
sample_000706,bz2,65536,6699,0.1022186279296875,4.2499,0.7768,True
sample_000706,lzma,65536,7328,0.11181640625,20.0869,0.5128,True
sample_000706,zstd,65536,10750,0.164031982421875,0.171,0.0566,True
sample_000707,gzip,65536,21400,0.3265380859375,1.7098,0.0906,True
sample_000707,bz2,65536,19993,0.3050689697265625,7.5051,1.1233,True
sample_000707,lzma,65536,19264,0.2939453125,12.7556,1.2879,True
sample_000707,zstd,65536,21082,0.321685791015625,0.1232,0.0359,True
sample_000708,gzip,262144,262242,1.0003738403320312,6.4382,0.0456,True
sample_000708,bz2,262144,263711,1.0059776306152344,20.3479,10.1036,True
sample_000708,lzma,262144,262216,1.000274658203125,53.2697,0.3143,True
sample_000708,zstd,262144,262159,1.0000572204589844,0.3095,0.0056,True
sample_000709,gzip,262144,76008,0.289947509765625,141.1272,0.3984,True
sample_000709,bz2,262144,71730,0.27362823486328125,16.0791,6.5473,True
sample_000709,lzma,262144,72656,0.27716064453125,88.4101,3.3786,True
sample_000709,zstd,262144,85941,0.3278388977050781,1.6901,0.5958,True
sample_000710,gzip,262144,568,0.002166748046875,0.3786,0.0596,True
sample_000710,bz2,262144,105,0.000400543212890625,27.5209,2.0802,True
sample_000710,lzma,262144,192,0.000732421875,6.8017,0.5462,True
sample_000710,zstd,262144,48,0.00018310546875,0.2015,0.0391,True
sample_000711,gzip,262144,870,0.00331878662109375,1.519,0.0653,True
sample_000711,bz2,262144,1622,0.00618743896484375,1.7565,0.6648,True
sample_000711,lzma,262144,792,0.003021240234375,7.8731,0.5941,True
sample_000711,zstd,262144,551,0.002101898193359375,0.19,0.0604,True
sample_000712,gzip,262144,102419,0.3906974792480469,16.9326,0.6583,True
sample_000712,bz2,262144,89033,0.3396339416503906,14.9189,6.5613,True
sample_000712,lzma,262144,77756,0.2966156005859375,69.1357,4.6983,True
sample_000712,zstd,262144,114766,0.43779754638671875,1.9903,0.4412,True
sample_000713,gzip,262144,95011,0.3624382019042969,4.2631,0.3005,True
sample_000713,bz2,262144,90111,0.3437461853027344,31.9068,4.6073,True
sample_000713,lzma,262144,89104,0.33990478515625,37.1639,4.1747,True
sample_000713,zstd,262144,97824,0.3731689453125,0.9431,0.2488,True
sample_000714,gzip,1048576,1048914,1.0003223419189453,22.5973,0.9174,True
sample_000714,bz2,1048576,1053802,1.004983901977539,89.2527,64.7614,True
sample_000714,lzma,1048576,1048688,1.0001068115234375,223.7318,1.7969,True
sample_000714,zstd,1048576,1048609,1.0000314712524414,0.7526,0.2955,True
sample_000715,gzip,1048576,446712,0.42601776123046875,152.4274,3.1698,True
sample_000715,bz2,1048576,407040,0.38818359375,73.3761,41.833,True
sample_000715,lzma,1048576,427500,0.4076957702636719,443.1522,18.4054,True
sample_000715,zstd,1048576,468208,0.4465179443359375,7.3883,2.2612,True
sample_000716,gzip,1048576,1573,0.0015001296997070312,1.4966,0.6074,True
sample_000716,bz2,1048576,140,0.000133514404296875,136.4409,4.7138,True
sample_000716,lzma,1048576,292,0.000278472900390625,15.1677,2.5621,True
sample_000716,zstd,1048576,112,0.0001068115234375,0.407,0.4695,True
sample_000717,gzip,1048576,9564,0.009120941162109375,19.8174,1.1792,True
sample_000717,bz2,1048576,11463,0.010931968688964844,5.4931,3.3314,True
sample_000717,lzma,1048576,7964,0.007595062255859375,40.066,3.4154,True
sample_000717,zstd,1048576,9473,0.009034156799316406,0.5236,0.4432,True
sample_000718,gzip,1048576,137365,0.13100147247314453,25.5047,1.2857,True
sample_000718,bz2,1048576,104616,0.09976959228515625,104.1446,18.8438,True
sample_000718,lzma,1048576,100324,0.09567642211914062,413.7613,6.9358,True
sample_000718,zstd,1048576,172471,0.16448116302490234,2.9725,1.1558,True
sample_000719,gzip,1048576,388449,0.3704538345336914,50.1799,1.5373,True
sample_000719,bz2,1048576,374408,0.35706329345703125,161.0429,20.6537,True
sample_000719,lzma,1048576,362828,0.3460197448730469,155.4006,10.602,True
sample_000719,zstd,1048576,393001,0.37479496002197266,3.7762,1.3495,True
sample_000720,gzip,16384,16407,1.00140380859375,0.1537,0.0046,True
sample_000720,bz2,16384,16858,1.0289306640625,2.0433,0.596,True
sample_000720,lzma,16384,16444,1.003662109375,7.1998,0.0373,True
sample_000720,zstd,16384,16394,1.0006103515625,0.0152,0.006,True
sample_000721,gzip,16384,9624,0.58740234375,0.5658,0.0841,True
sample_000721,bz2,16384,8435,0.51483154296875,1.5629,0.6668,True
sample_000721,lzma,16384,9728,0.59375,7.7594,0.5082,True
sample_000721,zstd,16384,8617,0.52593994140625,0.0987,0.0199,True
sample_000722,gzip,16384,93,0.00567626953125,0.0362,0.0092,True
sample_000722,bz2,16384,93,0.00567626953125,2.0364,0.1529,True
sample_000722,lzma,16384,136,0.00830078125,5.4486,0.0408,True
sample_000722,zstd,16384,34,0.0020751953125,0.0076,0.0031,True
sample_000723,gzip,16384,555,0.03387451171875,0.1872,0.0097,True
sample_000723,bz2,16384,819,0.04998779296875,0.2305,0.0802,True
sample_000723,lzma,16384,496,0.0302734375,6.0773,0.1901,True
sample_000723,zstd,16384,405,0.02471923828125,0.033,0.0188,True
sample_000724,gzip,16384,7139,0.43572998046875,0.4833,0.0461,True
sample_000724,bz2,16384,6063,0.37005615234375,1.074,0.4014,True
sample_000724,lzma,16384,5892,0.359619140625,8.0674,0.3829,True
sample_000724,zstd,16384,7328,0.447265625,0.1107,0.0266,True
sample_000725,gzip,16384,5339,0.32586669921875,0.4073,0.0257,True
sample_000725,bz2,16384,5765,0.35186767578125,2.7918,0.3793,True
sample_000725,lzma,16384,4904,0.29931640625,8.4753,0.3526,True
sample_000725,zstd,16384,5250,0.3204345703125,0.0568,0.0184,True
sample_000726,gzip,65536,65574,1.000579833984375,1.5725,0.0132,True
sample_000726,bz2,65536,66163,1.0095672607421875,6.7542,2.3805,True
sample_000726,lzma,65536,65600,1.0009765625,15.7952,0.1107,True
sample_000726,zstd,65536,65546,1.000152587890625,0.028,0.0024,True
sample_000727,gzip,65536,29325,0.4474639892578125,6.115,0.1678,True
sample_000727,bz2,65536,25590,0.390472412109375,6.2512,2.8592,True
sample_000727,lzma,65536,27488,0.41943359375,18.1079,1.1585,True
sample_000727,zstd,65536,28203,0.4303436279296875,0.4333,0.0828,True
sample_000728,gzip,65536,321,0.0048980712890625,0.1372,0.0257,True
sample_000728,bz2,65536,245,0.0037384033203125,8.4048,0.4924,True
sample_000728,lzma,65536,212,0.00323486328125,5.0429,0.123,True
sample_000728,zstd,65536,84,0.00128173828125,0.0133,0.0031,True
sample_000729,gzip,65536,8099,0.1235809326171875,1.6131,0.0562,True
sample_000729,bz2,65536,7150,0.109100341796875,1.4998,0.5453,True
sample_000729,lzma,65536,5480,0.0836181640625,21.4608,0.4819,True
sample_000729,zstd,65536,5239,0.0799407958984375,0.1124,0.0825,True
sample_000730,gzip,65536,9104,0.138916015625,1.2344,0.0687,True
sample_000730,bz2,65536,6690,0.102081298828125,5.1964,0.717,True
sample_000730,lzma,65536,7352,0.1121826171875,22.5968,0.4669,True
sample_000730,zstd,65536,10786,0.164581298828125,0.1894,0.0586,True
sample_000731,gzip,65536,20605,0.3144073486328125,4.2469,0.0834,True
sample_000731,bz2,65536,20578,0.313995361328125,8.7214,1.555,True
sample_000731,lzma,65536,18324,0.27960205078125,15.9884,1.0193,True
sample_000731,zstd,65536,20249,0.3089752197265625,0.1147,0.046,True
sample_000732,gzip,262144,262242,1.0003738403320312,6.364,0.0403,True
sample_000732,bz2,262144,263707,1.0059623718261719,22.4223,12.4712,True
sample_000732,lzma,262144,262216,1.000274658203125,58.3021,0.2996,True
sample_000732,zstd,262144,262159,1.0000572204589844,0.3189,0.0108,True
sample_000733,gzip,262144,76043,0.2900810241699219,155.6143,0.4872,True
sample_000733,bz2,262144,71767,0.2737693786621094,17.1686,8.6637,True
sample_000733,lzma,262144,72776,0.277618408203125,94.5094,4.1232,True
sample_000733,zstd,262144,85876,0.3275909423828125,1.3862,0.2933,True
sample_000734,gzip,262144,429,0.001636505126953125,0.3517,0.0597,True
sample_000734,bz2,262144,71,0.000270843505859375,24.2231,1.3819,True
sample_000734,lzma,262144,180,0.0006866455078125,7.0057,0.4569,True
sample_000734,zstd,262144,40,0.000152587890625,0.2274,0.0416,True
sample_000735,gzip,262144,32510,0.12401580810546875,7.5121,0.1892,True
sample_000735,bz2,262144,23910,0.09120941162109375,3.3671,1.6749,True
sample_000735,lzma,262144,21484,0.0819549560546875,76.9161,1.8515,True
sample_000735,zstd,262144,20872,0.079620361328125,0.5164,0.2569,True
sample_000736,gzip,262144,34935,0.13326644897460938,5.9927,0.2553,True
sample_000736,bz2,262144,25510,0.09731292724609375,20.3803,3.7645,True
sample_000736,lzma,262144,26532,0.1012115478515625,85.7452,2.0718,True
sample_000736,zstd,262144,43158,0.16463470458984375,0.925,0.274,True
sample_000737,gzip,262144,73130,0.27896881103515625,45.5453,0.1951,True
sample_000737,bz2,262144,71488,0.272705078125,33.9286,7.2428,True
sample_000737,lzma,262144,68504,0.261322021484375,82.8406,3.5787,True
sample_000737,zstd,262144,76029,0.2900276184082031,0.6038,0.1789,True
sample_000738,gzip,1048576,1048914,1.0003223419189453,21.8385,0.8715,True
sample_000738,bz2,1048576,1053442,1.0046405792236328,102.8345,61.1778,True
sample_000738,lzma,1048576,1048688,1.0001068115234375,226.872,1.5435,True
sample_000738,zstd,1048576,1048609,1.0000314712524414,0.7233,0.3049,True
sample_000739,gzip,1048576,157152,0.149871826171875,1206.5575,1.7285,True
sample_000739,bz2,1048576,167913,0.16013431549072266,78.7285,39.1386,True
sample_000739,lzma,1048576,142744,0.13613128662109375,795.2263,7.8332,True
sample_000739,zstd,1048576,195988,0.18690872192382812,3.4758,1.7894,True
sample_000740,gzip,1048576,1057,0.0010080337524414062,1.9559,0.6212,True
sample_000740,bz2,1048576,97,9.250640869140625e-05,138.3815,4.825,True
sample_000740,lzma,1048576,288,0.000274658203125,15.2289,2.1454,True
sample_000740,zstd,1048576,108,0.000102996826171875,0.4096,0.5132,True
sample_000741,gzip,1048576,33949,0.03237628936767578,28.9663,0.9697,True
sample_000741,bz2,1048576,29599,0.028227806091308594,8.1398,4.8867,True
sample_000741,lzma,1048576,25400,0.02422332763671875,132.5136,4.9841,True
sample_000741,zstd,1048576,26753,0.025513648986816406,0.9853,0.7017,True
sample_000742,gzip,1048576,137264,0.1309051513671875,27.146,1.5523,True
sample_000742,bz2,1048576,104634,0.09978675842285156,101.3747,19.4859,True
sample_000742,lzma,1048576,100572,0.09591293334960938,379.5421,6.7262,True
sample_000742,zstd,1048576,172344,0.16436004638671875,2.6411,1.1734,True
sample_000743,gzip,1048576,331951,0.3165731430053711,36.7239,1.2287,True
sample_000743,bz2,1048576,316525,0.3018617630004883,144.0026,20.775,True
sample_000743,lzma,1048576,320376,0.30553436279296875,154.5834,10.7693,True
sample_000743,zstd,1048576,338139,0.32247447967529297,2.7043,1.3385,True
sample_000744,gzip,16384,16407,1.00140380859375,0.197,0.0061,True
sample_000744,bz2,16384,16855,1.02874755859375,2.0652,0.6292,True
sample_000744,lzma,16384,16444,1.003662109375,7.0167,0.0396,True
sample_000744,zstd,16384,16394,1.0006103515625,0.0159,0.001,True
sample_000745,gzip,16384,9654,0.5892333984375,0.4231,0.0521,True
sample_000745,bz2,16384,8451,0.51580810546875,1.2571,0.5009,True
sample_000745,lzma,16384,9776,0.5966796875,7.6854,0.4928,True
sample_000745,zstd,16384,8607,0.52532958984375,0.1265,0.0199,True
sample_000746,gzip,16384,73,0.00445556640625,0.028,0.0064,True
sample_000746,bz2,16384,67,0.00408935546875,1.9566,0.0803,True
sample_000746,lzma,16384,128,0.0078125,4.5941,0.0443,True
sample_000746,zstd,16384,26,0.0015869140625,0.0078,0.0033,True
sample_000747,gzip,16384,573,0.03497314453125,0.2896,0.0126,True
sample_000747,bz2,16384,832,0.05078125,0.3459,0.0789,True
sample_000747,lzma,16384,500,0.030517578125,6.3153,0.0784,True
sample_000747,zstd,16384,414,0.0252685546875,0.0136,0.0078,True
sample_000748,gzip,16384,2416,0.1474609375,0.3152,0.03,True
sample_000748,bz2,16384,1852,0.113037109375,1.468,0.2166,True
sample_000748,lzma,16384,2124,0.129638671875,8.0891,0.1997,True
sample_000748,zstd,16384,2713,0.16558837890625,0.0709,0.0315,True
sample_000749,gzip,16384,6670,0.4071044921875,0.2385,0.0473,True
sample_000749,bz2,16384,6709,0.40948486328125,2.6281,0.356,True
sample_000749,lzma,16384,6332,0.386474609375,6.6107,0.3217,True
sample_000749,zstd,16384,6630,0.4046630859375,0.0374,0.0132,True
sample_000750,gzip,65536,65574,1.000579833984375,1.1405,0.0136,True
sample_000750,bz2,65536,66193,1.0100250244140625,5.9898,2.4983,True
sample_000750,lzma,65536,65600,1.0009765625,16.6286,0.0977,True
sample_000750,zstd,65536,65546,1.000152587890625,0.0217,0.0021,True
sample_000751,gzip,65536,19789,0.3019561767578125,26.5187,0.1709,True
sample_000751,bz2,65536,17993,0.2745513916015625,4.133,1.4177,True
sample_000751,lzma,65536,18548,0.28302001953125,20.9614,0.8964,True
sample_000751,zstd,65536,21433,0.3270416259765625,0.3287,0.094,True
sample_000752,gzip,65536,191,0.0029144287109375,0.1026,0.0168,True
sample_000752,bz2,65536,106,0.001617431640625,6.235,0.4153,True
sample_000752,lzma,65536,160,0.00244140625,5.0709,0.1164,True
sample_000752,zstd,65536,34,0.000518798828125,0.0152,0.0114,True
sample_000753,gzip,65536,688,0.010498046875,0.7948,0.0178,True
sample_000753,bz2,65536,1277,0.0194854736328125,0.5431,0.2459,True
sample_000753,lzma,65536,636,0.00970458984375,5.5698,0.2,True
sample_000753,zstd,65536,473,0.0072174072265625,0.0205,0.0174,True
sample_000754,gzip,65536,27167,0.4145355224609375,3.7792,0.2025,True
sample_000754,bz2,65536,23010,0.351104736328125,3.8914,1.5259,True
sample_000754,lzma,65536,20996,0.32037353515625,17.6954,1.3227,True
sample_000754,zstd,65536,27420,0.41839599609375,0.3854,0.1138,True
sample_000755,gzip,65536,27534,0.420135498046875,1.3326,0.1261,True
sample_000755,bz2,65536,25304,0.3861083984375,8.5613,1.3104,True
sample_000755,lzma,65536,24604,0.37542724609375,11.9355,1.3196,True
sample_000755,zstd,65536,29190,0.445404052734375,0.172,0.0563,True
sample_000756,gzip,262144,262242,1.0003738403320312,5.234,0.1408,True
sample_000756,bz2,262144,263753,1.0061378479003906,21.0593,10.7734,True
sample_000756,lzma,262144,262216,1.000274658203125,50.7032,0.3274,True
sample_000756,zstd,262144,262159,1.0000572204589844,0.3092,0.0057,True
sample_000757,gzip,262144,112681,0.4298439025878906,45.4712,0.5837,True
sample_000757,bz2,262144,101807,0.3883628845214844,19.2575,10.0697,True
sample_000757,lzma,262144,107416,0.409759521484375,63.7402,4.5199,True
sample_000757,zstd,262144,117366,0.44771575927734375,2.013,0.5174,True
sample_000758,gzip,262144,568,0.002166748046875,0.3926,0.0615,True
sample_000758,bz2,262144,101,0.000385284423828125,26.1582,2.1516,True
sample_000758,lzma,262144,192,0.000732421875,6.8798,0.4821,True
sample_000758,zstd,262144,48,0.00018310546875,0.1927,0.0293,True
sample_000759,gzip,262144,8419,0.032115936279296875,12.9914,0.1786,True
sample_000759,bz2,262144,8449,0.032230377197265625,4.5505,1.6481,True
sample_000759,lzma,262144,6252,0.0238494873046875,40.5343,1.1235,True
sample_000759,zstd,262144,6041,0.023044586181640625,0.4577,0.2457,True
sample_000760,gzip,262144,34910,0.13317108154296875,8.0267,0.2073,True
sample_000760,bz2,262144,25623,0.09774398803710938,21.9802,3.853,True
sample_000760,lzma,262144,26356,0.1005401611328125,104.9238,2.8631,True
sample_000760,zstd,262144,43030,0.16414642333984375,1.5589,0.7453,True
sample_000761,gzip,262144,91563,0.3492851257324219,109.4625,1.0018,True
sample_000761,bz2,262144,90196,0.3440704345703125,84.9628,12.9061,True
sample_000761,lzma,262144,82396,0.3143157958984375,122.7928,9.5161,True
sample_000761,zstd,262144,96428,0.3678436279296875,1.8333,0.4967,True
sample_000762,gzip,1048576,1048914,1.0003223419189453,45.8681,1.3012,True
sample_000762,bz2,1048576,1054068,1.0052375793457031,167.0061,75.3301,True
sample_000762,lzma,1048576,1048688,1.0001068115234375,232.9211,2.1532,True
sample_000762,zstd,1048576,1048609,1.0000314712524414,1.3731,0.4292,True
sample_000763,gzip,1048576,300690,0.2867603302001953,784.9345,2.4975,True
sample_000763,bz2,1048576,286803,0.2735166549682617,89.3937,60.1646,True
sample_000763,lzma,1048576,287584,0.274261474609375,611.4107,13.7756,True
sample_000763,zstd,1048576,324703,0.3096609115600586,4.9587,1.4003,True
sample_000764,gzip,1048576,2631,0.0025091171264648438,1.4492,0.5983,True
sample_000764,bz2,1048576,347,0.00033092498779296875,237.9765,4.7683,True
sample_000764,lzma,1048576,320,0.00030517578125,15.9983,2.0208,True
sample_000764,zstd,1048576,138,0.0001316070556640625,0.3287,0.2942,True
sample_000765,gzip,1048576,9494,0.009054183959960938,24.2113,0.5816,True
sample_000765,bz2,1048576,11323,0.010798454284667969,10.0101,3.7114,True
sample_000765,lzma,1048576,7920,0.0075531005859375,60.9404,4.238,True
sample_000765,zstd,1048576,9421,0.008984565734863281,0.5857,0.7473,True
sample_000766,gzip,1048576,137230,0.1308727264404297,43.5544,2.1221,True
sample_000766,bz2,1048576,104639,0.0997915267944336,128.7171,27.4518,True
sample_000766,lzma,1048576,101160,0.09647369384765625,436.8207,7.5458,True
sample_000766,zstd,1048576,172559,0.1645650863647461,3.9335,1.552,True
sample_000767,gzip,1048576,364396,0.3475151062011719,26.8907,1.6086,True
sample_000767,bz2,1048576,350400,0.33416748046875,190.3809,25.0534,True
sample_000767,lzma,1048576,349568,0.3333740234375,189.723,15.18,True
sample_000767,zstd,1048576,357080,0.34053802490234375,2.354,0.8075,True
sample_000768,gzip,16384,16407,1.00140380859375,0.2057,0.01,True
sample_000768,bz2,16384,16834,1.0274658203125,2.4812,1.0792,True
sample_000768,lzma,16384,16444,1.003662109375,7.316,0.0407,True
sample_000768,zstd,16384,16394,1.0006103515625,0.0155,0.001,True
sample_000769,gzip,16384,5162,0.3150634765625,2.7643,0.0294,True
sample_000769,bz2,16384,4586,0.2799072265625,1.5564,0.3438,True
sample_000769,lzma,16384,4920,0.30029296875,9.2138,0.2586,True
sample_000769,zstd,16384,5518,0.3367919921875,0.148,0.0551,True
sample_000770,gzip,16384,94,0.0057373046875,0.0248,0.0063,True
sample_000770,bz2,16384,92,0.005615234375,2.3326,0.1382,True
sample_000770,lzma,16384,136,0.00830078125,5.4504,0.0627,True
sample_000770,zstd,16384,34,0.0020751953125,0.0105,0.0038,True
sample_000771,gzip,16384,194,0.0118408203125,0.1633,0.0146,True
sample_000771,bz2,16384,342,0.0208740234375,0.2737,0.1452,True
sample_000771,lzma,16384,224,0.013671875,5.5324,0.0832,True
sample_000771,zstd,16384,176,0.0107421875,0.0129,0.0061,True
sample_000772,gzip,16384,2415,0.14739990234375,0.2448,0.0308,True
sample_000772,bz2,16384,1859,0.11346435546875,1.8995,0.178,True
sample_000772,lzma,16384,2112,0.12890625,9.7907,0.1417,True
sample_000772,zstd,16384,2713,0.16558837890625,0.0809,0.0296,True
sample_000773,gzip,16384,5655,0.34515380859375,0.3003,0.027,True
sample_000773,bz2,16384,5664,0.345703125,3.3713,0.4549,True
sample_000773,lzma,16384,5172,0.315673828125,6.8563,0.3083,True
sample_000773,zstd,16384,5629,0.34356689453125,0.0412,0.0283,True
sample_000774,gzip,65536,65574,1.000579833984375,2.1893,0.0191,True
sample_000774,bz2,65536,66170,1.009674072265625,8.184,2.9,True
sample_000774,lzma,65536,65600,1.0009765625,18.2419,0.1506,True
sample_000774,zstd,65536,65546,1.000152587890625,0.0613,0.0032,True
sample_000775,gzip,65536,10361,0.1580963134765625,73.3283,0.0897,True
sample_000775,bz2,65536,10607,0.1618499755859375,4.5224,1.2317,True
sample_000775,lzma,65536,9480,0.1446533203125,39.6006,0.947,True
sample_000775,zstd,65536,12327,0.1880950927734375,0.3854,0.1433,True
sample_000776,gzip,65536,432,0.006591796875,0.0857,0.0146,True
sample_000776,bz2,65536,433,0.0066070556640625,10.1495,0.8519,True
sample_000776,lzma,65536,280,0.0042724609375,6.0537,0.2174,True
sample_000776,zstd,65536,148,0.00225830078125,0.0125,0.0023,True
sample_000777,gzip,65536,271,0.0041351318359375,0.3337,0.0241,True
sample_000777,bz2,65536,536,0.0081787109375,0.5269,0.1763,True
sample_000777,lzma,65536,312,0.0047607421875,5.081,0.2198,True
sample_000777,zstd,65536,216,0.0032958984375,0.0137,0.0121,True
sample_000778,gzip,65536,9030,0.137786865234375,1.5314,0.0657,True
sample_000778,bz2,65536,6678,0.101898193359375,5.8199,0.7967,True
sample_000778,lzma,65536,7332,0.11187744140625,22.0631,0.9854,True
sample_000778,zstd,65536,10742,0.163909912109375,0.5366,0.1937,True
sample_000779,gzip,65536,28846,0.440155029296875,1.1478,0.1337,True
sample_000779,bz2,65536,28093,0.4286651611328125,9.065,1.5074,True
sample_000779,lzma,65536,26544,0.405029296875,12.3915,1.4601,True
sample_000779,zstd,65536,32042,0.488922119140625,0.1376,0.0485,True
sample_000780,gzip,262144,262242,1.0003738403320312,5.3121,0.0433,True
sample_000780,bz2,262144,263716,1.0059967041015625,20.5908,10.0484,True
sample_000780,lzma,262144,262216,1.000274658203125,53.2141,0.309,True
sample_000780,zstd,262144,262159,1.0000572204589844,0.3162,0.0061,True
sample_000781,gzip,262144,76079,0.2902183532714844,156.1343,0.3935,True
sample_000781,bz2,262144,71780,0.2738189697265625,17.4941,6.5036,True
sample_000781,lzma,262144,73004,0.2784881591796875,91.5941,3.873,True
sample_000781,zstd,262144,86009,0.3280982971191406,1.5134,0.3378,True
sample_000782,gzip,262144,890,0.00339508056640625,0.5187,0.1004,True
sample_000782,bz2,262144,260,0.0009918212890625,41.1871,3.0249,True
sample_000782,lzma,262144,240,0.00091552734375,8.1206,0.5755,True
sample_000782,zstd,262144,98,0.00037384033203125,0.2903,0.0148,True
sample_000783,gzip,262144,2442,0.00931549072265625,4.1388,0.051,True
sample_000783,bz2,262144,3756,0.0143280029296875,2.335,0.7645,True
sample_000783,lzma,262144,2072,0.007904052734375,14.8831,0.7381,True
sample_000783,zstd,262144,1767,0.006740570068359375,0.3387,0.0809,True
sample_000784,gzip,262144,34678,0.13228607177734375,6.9414,0.3526,True
sample_000784,bz2,262144,21091,0.08045578002929688,22.5656,4.5428,True
sample_000784,lzma,262144,27644,0.1054534912109375,105.0417,1.6466,True
sample_000784,zstd,262144,42753,0.16308975219726562,0.9303,0.2724,True
sample_000785,gzip,262144,108198,0.41274261474609375,7.7128,0.561,True
sample_000785,bz2,262144,103247,0.3938560485839844,40.3951,6.3397,True
sample_000785,lzma,262144,101812,0.3883819580078125,38.8422,5.7692,True
sample_000785,zstd,262144,109410,0.41736602783203125,1.1753,0.2072,True
sample_000786,gzip,1048576,1048914,1.0003223419189453,24.3484,0.9792,True
sample_000786,bz2,1048576,1053576,1.0047683715820312,107.7776,62.6609,True
sample_000786,lzma,1048576,1048688,1.0001068115234375,220.4247,2.134,True
sample_000786,zstd,1048576,1048609,1.0000314712524414,0.7095,0.2934,True
sample_000787,gzip,1048576,300629,0.28670215606689453,721.1217,2.3255,True
sample_000787,bz2,1048576,286860,0.2735710144042969,84.5336,41.4611,True
sample_000787,lzma,1048576,286212,0.2729530334472656,544.9497,15.0494,True
sample_000787,zstd,1048576,325343,0.3102712631225586,5.9598,2.5326,True
sample_000788,gzip,1048576,2093,0.0019960403442382812,2.1956,0.9063,True
sample_000788,bz2,1048576,219,0.00020885467529296875,170.2926,5.4385,True
sample_000788,lzma,1048576,300,0.000286102294921875,16.2314,1.9441,True
sample_000788,zstd,1048576,120,0.00011444091796875,0.3202,0.558,True
sample_000789,gzip,1048576,129757,0.12374591827392578,31.4255,1.8998,True
sample_000789,bz2,1048576,88152,0.08406829833984375,13.3765,7.7002,True
sample_000789,lzma,1048576,85412,0.08145523071289062,350.0179,8.5759,True
sample_000789,zstd,1048576,87177,0.08313846588134766,1.8836,1.3321,True
sample_000790,gzip,1048576,395992,0.37764739990234375,92.3786,3.6813,True
sample_000790,bz2,1048576,342267,0.32641124725341797,69.4948,36.3203,True
sample_000790,lzma,1048576,293072,0.2794952392578125,415.1501,16.9585,True
sample_000790,zstd,1048576,437277,0.4170198440551758,8.9551,1.6402,True
sample_000791,gzip,1048576,357880,0.34130096435546875,166.0605,1.3748,True
sample_000791,bz2,1048576,348449,0.3323068618774414,167.0756,22.4269,True
sample_000791,lzma,1048576,333796,0.3183326721191406,178.8622,10.3558,True
sample_000791,zstd,1048576,365107,0.3481931686401367,4.677,1.1093,True
sample_000792,gzip,16384,16407,1.00140380859375,0.1549,0.0114,True
sample_000792,bz2,16384,16844,1.028076171875,2.9209,0.951,True
sample_000792,lzma,16384,16444,1.003662109375,8.7853,0.0587,True
sample_000792,zstd,16384,16394,1.0006103515625,0.0304,0.0028,True
sample_000793,gzip,16384,9642,0.5885009765625,0.4282,0.0585,True
sample_000793,bz2,16384,8420,0.513916015625,1.6376,0.4071,True
sample_000793,lzma,16384,9720,0.59326171875,7.4246,0.4221,True
sample_000793,zstd,16384,8607,0.52532958984375,0.0979,0.033,True
sample_000794,gzip,16384,57,0.00347900390625,0.03,0.0059,True
sample_000794,bz2,16384,53,0.00323486328125,1.4413,0.0883,True
sample_000794,lzma,16384,124,0.007568359375,4.2349,0.039,True
sample_000794,zstd,16384,22,0.0013427734375,0.0073,0.0035,True
sample_000795,gzip,16384,96,0.005859375,0.0576,0.0084,True
sample_000795,bz2,16384,154,0.0093994140625,0.1143,0.0528,True
sample_000795,lzma,16384,156,0.009521484375,4.2296,0.0533,True
sample_000795,zstd,16384,65,0.00396728515625,0.0078,0.0035,True
sample_000796,gzip,16384,2413,0.14727783203125,0.2448,0.0209,True
sample_000796,bz2,16384,1847,0.11273193359375,1.1816,0.2483,True
sample_000796,lzma,16384,2120,0.12939453125,7.7216,0.126,True
sample_000796,zstd,16384,2660,0.162353515625,0.0412,0.0159,True
sample_000797,gzip,16384,6752,0.412109375,0.2636,0.0549,True
sample_000797,bz2,16384,6804,0.415283203125,3.4381,0.4998,True
sample_000797,lzma,16384,6432,0.392578125,6.4814,0.4078,True
sample_000797,zstd,16384,6751,0.41204833984375,0.0573,0.0169,True
sample_000798,gzip,65536,65574,1.000579833984375,1.07,0.0157,True
sample_000798,bz2,65536,66167,1.0096282958984375,6.1708,2.7264,True
sample_000798,lzma,65536,65600,1.0009765625,15.2467,0.2522,True
sample_000798,zstd,65536,65546,1.000152587890625,0.0524,0.0021,True
sample_000799,gzip,65536,19770,0.301666259765625,32.1851,0.1121,True
sample_000799,bz2,65536,18033,0.2751617431640625,4.4388,1.9587,True
sample_000799,lzma,65536,18560,0.283203125,23.0203,0.9701,True
sample_000799,zstd,65536,21445,0.3272247314453125,0.3471,0.0802,True
sample_000800,gzip,65536,192,0.0029296875,0.1651,0.019,True
sample_000800,bz2,65536,106,0.001617431640625,6.9151,0.452,True
sample_000800,lzma,65536,160,0.00244140625,5.3506,0.1525,True
sample_000800,zstd,65536,34,0.000518798828125,0.029,0.0077,True
sample_000801,gzip,65536,640,0.009765625,0.7659,0.0189,True
sample_000801,bz2,65536,1229,0.0187530517578125,0.5928,0.2026,True
sample_000801,lzma,65536,596,0.00909423828125,6.469,0.2559,True
sample_000801,zstd,65536,437,0.0066680908203125,0.029,0.0218,True
sample_000802,gzip,65536,27082,0.413238525390625,4.032,0.1893,True
sample_000802,bz2,65536,22975,0.3505706787109375,4.5651,1.9503,True
sample_000802,lzma,65536,20912,0.319091796875,19.2449,1.5197,True
sample_000802,zstd,65536,27362,0.417510986328125,0.4353,0.1091,True
sample_000803,gzip,65536,21156,0.32281494140625,1.9854,0.1223,True
sample_000803,bz2,65536,19993,0.3050689697265625,8.2088,1.2865,True
sample_000803,lzma,65536,19192,0.2928466796875,13.8163,0.9849,True
sample_000803,zstd,65536,21303,0.3250579833984375,0.1254,0.0363,True
sample_000804,gzip,262144,262242,1.0003738403320312,5.7153,0.0503,True
sample_000804,bz2,262144,263764,1.0061798095703125,23.9449,12.104,True
sample_000804,lzma,262144,262216,1.000274658203125,55.422,0.327,True
sample_000804,zstd,262144,262159,1.0000572204589844,0.3078,0.0074,True
sample_000805,gzip,262144,150635,0.5746269226074219,17.4029,0.9696,True
sample_000805,bz2,262144,133374,0.5087814331054688,17.7973,7.9995,True
sample_000805,lzma,262144,143368,0.546905517578125,60.9532,6.6829,True
sample_000805,zstd,262144,149066,0.5686416625976562,2.4391,0.6608,True
sample_000806,gzip,262144,1101,0.004199981689453125,0.5062,0.0493,True
sample_000806,bz2,262144,479,0.001827239990234375,35.6606,2.2456,True
sample_000806,lzma,262144,312,0.001190185546875,6.9085,0.5138,True
sample_000806,zstd,262144,162,0.00061798095703125,0.2367,0.0059,True
sample_000807,gzip,262144,32339,0.12336349487304688,6.9167,0.1884,True
sample_000807,bz2,262144,23900,0.0911712646484375,4.6928,1.7322,True
sample_000807,lzma,262144,21440,0.081787109375,67.7492,1.9708,True
sample_000807,zstd,262144,20813,0.07939529418945312,0.6196,0.2921,True
sample_000808,gzip,262144,102405,0.3906440734863281,20.745,0.7045,True
sample_000808,bz2,262144,89035,0.3396415710449219,17.2183,7.519,True
sample_000808,lzma,262144,77768,0.296661376953125,71.5848,4.7148,True
sample_000808,zstd,262144,114695,0.4375267028808594,2.2699,0.468,True
sample_000809,gzip,262144,92955,0.3545951843261719,26.4017,0.3678,True
sample_000809,bz2,262144,88256,0.336669921875,33.497,4.6646,True
sample_000809,lzma,262144,85476,0.3260650634765625,39.1008,4.9494,True
sample_000809,zstd,262144,99684,0.3802642822265625,0.9552,0.2473,True
sample_000810,gzip,1048576,1048914,1.0003223419189453,22.385,0.8981,True
sample_000810,bz2,1048576,1053672,1.0048599243164062,102.2481,70.6787,True
sample_000810,lzma,1048576,1048688,1.0001068115234375,224.5571,1.747,True
sample_000810,zstd,1048576,1048609,1.0000314712524414,0.7127,0.343,True
sample_000811,gzip,1048576,600196,0.5723915100097656,72.7455,4.1658,True
sample_000811,bz2,1048576,533358,0.5086498260498047,91.8668,38.3416,True
sample_000811,lzma,1048576,563548,0.5374412536621094,415.7838,24.8894,True
sample_000811,zstd,1048576,542309,0.517186164855957,8.1407,1.4295,True
sample_000812,gzip,1048576,3764,0.003589630126953125,1.2807,0.5785,True
sample_000812,bz2,1048576,1055,0.0010061264038085938,300.9201,7.1513,True
sample_000812,lzma,1048576,420,0.000400543212890625,20.0638,2.4195,True
sample_000812,zstd,1048576,234,0.0002231597900390625,0.3702,0.3593,True
sample_000813,gzip,1048576,9547,0.009104728698730469,18.2285,0.6031,True
sample_000813,bz2,1048576,11375,0.010848045349121094,5.3973,3.2181,True
sample_000813,lzma,1048576,7984,0.0076141357421875,41.8111,3.6669,True
sample_000813,zstd,1048576,9524,0.009082794189453125,0.5447,0.4547,True
sample_000814,gzip,1048576,137074,0.1307239532470703,23.8436,1.202,True
sample_000814,bz2,1048576,80748,0.07700729370117188,90.0382,22.0521,True
sample_000814,lzma,1048576,102804,0.09804153442382812,411.0856,6.7456,True
sample_000814,zstd,1048576,169378,0.1615314483642578,2.8432,1.3502,True
sample_000815,gzip,1048576,395746,0.3774127960205078,63.8737,2.3241,True
sample_000815,bz2,1048576,380030,0.3624248504638672,156.6933,25.9337,True
sample_000815,lzma,1048576,366080,0.34912109375,199.6433,11.3899,True
sample_000815,zstd,1048576,395748,0.3774147033691406,4.8263,0.9742,True
sample_000816,gzip,16384,16407,1.00140380859375,0.1484,0.0051,True
sample_000816,bz2,16384,16836,1.027587890625,2.3331,0.5957,True
sample_000816,lzma,16384,16444,1.003662109375,7.4051,0.0713,True
sample_000816,zstd,16384,16394,1.0006103515625,0.0279,0.0019,True
sample_000817,gzip,16384,5151,0.31439208984375,2.7003,0.0401,True
sample_000817,bz2,16384,4580,0.279541015625,1.4118,0.4312,True
sample_000817,lzma,16384,4904,0.29931640625,8.337,0.2594,True
sample_000817,zstd,16384,5521,0.33697509765625,0.0896,0.0323,True
sample_000818,gzip,16384,175,0.01068115234375,0.0415,0.0154,True
sample_000818,bz2,16384,220,0.013427734375,2.0179,0.1966,True
sample_000818,lzma,16384,188,0.011474609375,4.4792,0.0527,True
sample_000818,zstd,16384,84,0.005126953125,0.01,0.0017,True
sample_000819,gzip,16384,554,0.0338134765625,0.3115,0.0098,True
sample_000819,bz2,16384,851,0.05194091796875,0.4348,0.0929,True
sample_000819,lzma,16384,496,0.0302734375,5.838,0.0838,True
sample_000819,zstd,16384,407,0.02484130859375,0.0148,0.0082,True
sample_000820,gzip,16384,7167,0.43743896484375,0.7203,0.0422,True
sample_000820,bz2,16384,6081,0.37115478515625,1.7001,0.5463,True
sample_000820,lzma,16384,5952,0.36328125,8.4013,0.5167,True
sample_000820,zstd,16384,7383,0.45062255859375,0.1912,0.0405,True
sample_000821,gzip,16384,6144,0.375,0.2307,0.0337,True
sample_000821,bz2,16384,6124,0.373779296875,2.5496,0.5138,True
sample_000821,lzma,16384,5688,0.34716796875,6.691,0.4535,True
sample_000821,zstd,16384,6179,0.37713623046875,0.0395,0.0135,True
sample_000822,gzip,65536,65574,1.000579833984375,1.313,0.0163,True
sample_000822,bz2,65536,66190,1.009979248046875,6.1236,3.3909,True
sample_000822,lzma,65536,65600,1.0009765625,17.116,0.1179,True
sample_000822,zstd,65536,65546,1.000152587890625,0.0495,0.0029,True
sample_000823,gzip,65536,10355,0.1580047607421875,59.5222,0.0688,True
sample_000823,bz2,65536,10644,0.16241455078125,4.3457,1.76,True
sample_000823,lzma,65536,9468,0.14447021484375,38.4733,1.15,True
sample_000823,zstd,65536,12314,0.187896728515625,0.3654,0.1674,True
sample_000824,gzip,65536,433,0.0066070556640625,0.1412,0.0302,True
sample_000824,bz2,65536,438,0.006683349609375,8.297,0.6417,True
sample_000824,lzma,65536,280,0.0042724609375,5.215,0.1897,True
sample_000824,zstd,65536,148,0.00225830078125,0.0126,0.0025,True
sample_000825,gzip,65536,8057,0.1229400634765625,1.7623,0.053,True
sample_000825,bz2,65536,7131,0.1088104248046875,2.0519,0.6187,True
sample_000825,lzma,65536,5460,0.08331298828125,20.9342,0.5651,True
sample_000825,zstd,65536,5212,0.07952880859375,0.0964,0.0692,True
sample_000826,gzip,65536,9061,0.1382598876953125,1.8825,0.0647,True
sample_000826,bz2,65536,6671,0.1017913818359375,4.9128,1.0124,True
sample_000826,lzma,65536,7380,0.11260986328125,24.1249,0.4838,True
sample_000826,zstd,65536,10841,0.1654205322265625,0.2224,0.0557,True
sample_000827,gzip,65536,25068,0.38250732421875,4.6017,0.1082,True
sample_000827,bz2,65536,23825,0.3635406494140625,9.8052,1.5524,True
sample_000827,lzma,65536,21784,0.3323974609375,18.2559,1.1885,True
sample_000827,zstd,65536,25223,0.3848724365234375,0.1564,0.0675,True
sample_000828,gzip,262144,262242,1.0003738403320312,4.3655,0.0395,True
sample_000828,bz2,262144,263758,1.0061569213867188,21.9806,12.2904,True
sample_000828,lzma,262144,262216,1.000274658203125,50.795,0.371,True
sample_000828,zstd,262144,262159,1.0000572204589844,0.355,0.006,True
sample_000829,gzip,262144,75975,0.2898216247558594,158.1906,0.4193,True
sample_000829,bz2,262144,71787,0.2738456726074219,20.6973,7.8004,True
sample_000829,lzma,262144,72924,0.2781829833984375,98.9514,3.1102,True
sample_000829,zstd,262144,85781,0.3272285461425781,1.8294,0.4306,True
sample_000830,gzip,262144,719,0.002742767333984375,0.5067,0.1283,True
sample_000830,bz2,262144,152,0.000579833984375,32.9756,2.4659,True
sample_000830,lzma,262144,208,0.00079345703125,7.2296,0.5071,True
sample_000830,zstd,262144,66,0.00025177001953125,0.2028,0.0175,True
sample_000831,gzip,262144,2485,0.009479522705078125,4.591,0.0791,True
sample_000831,bz2,262144,3852,0.0146942138671875,2.0498,0.8881,True
sample_000831,lzma,262144,2096,0.00799560546875,13.2041,0.6865,True
sample_000831,zstd,262144,1804,0.0068817138671875,0.3815,0.0795,True
sample_000832,gzip,262144,102554,0.39121246337890625,19.8613,0.9054,True
sample_000832,bz2,262144,89049,0.3396949768066406,17.9769,8.6636,True
sample_000832,lzma,262144,77892,0.2971343994140625,85.1406,6.2282,True
sample_000832,zstd,262144,114816,0.43798828125,2.1691,0.5505,True
sample_000833,gzip,262144,95260,0.3633880615234375,30.8852,0.3227,True
sample_000833,bz2,262144,90065,0.3435707092285156,42.8346,5.8663,True
sample_000833,lzma,262144,86508,0.3300018310546875,51.098,4.1433,True
sample_000833,zstd,262144,97041,0.3701820373535156,1.2416,0.2648,True
sample_000834,gzip,1048576,1048914,1.0003223419189453,26.3467,0.9914,True
sample_000834,bz2,1048576,1053532,1.0047264099121094,96.2803,54.662,True
sample_000834,lzma,1048576,1048688,1.0001068115234375,219.0109,1.5263,True
sample_000834,zstd,1048576,1048609,1.0000314712524414,0.653,0.2857,True
sample_000835,gzip,1048576,600320,0.572509765625,44.4899,3.525,True
sample_000835,bz2,1048576,533217,0.5085153579711914,75.5781,39.4942,True
sample_000835,lzma,1048576,564052,0.5379219055175781,412.4564,25.0966,True
sample_000835,zstd,1048576,543767,0.5185766220092773,12.5325,1.538,True
sample_000836,gzip,1048576,3176,0.00302886962890625,1.9871,0.9115,True
sample_000836,bz2,1048576,587,0.0005598068237304688,294.9157,5.071,True
sample_000836,lzma,1048576,352,0.000335693359375,15.7263,1.9036,True
sample_000836,zstd,1048576,170,0.0001621246337890625,0.3818,0.3511,True
sample_000837,gzip,1048576,130123,0.12409496307373047,31.0406,1.1031,True
sample_000837,bz2,1048576,88361,0.08426761627197266,12.7792,6.6996,True
sample_000837,lzma,1048576,85540,0.08157730102539062,332.4429,10.39,True
sample_000837,zstd,1048576,88958,0.08483695983886719,2.7106,1.9966,True
sample_000838,gzip,1048576,137382,0.13101768493652344,30.8219,1.3519,True
sample_000838,bz2,1048576,80589,0.07685565948486328,114.2982,29.5905,True
sample_000838,lzma,1048576,102804,0.09804153442382812,461.1056,6.818,True
sample_000838,zstd,1048576,169199,0.1613607406616211,3.1164,1.2304,True
sample_000839,gzip,1048576,363184,0.3463592529296875,22.7071,1.4388,True
sample_000839,bz2,1048576,345330,0.3293323516845703,166.3074,20.6771,True
sample_000839,lzma,1048576,344888,0.32891082763671875,154.9685,14.7989,True
sample_000839,zstd,1048576,353224,0.33686065673828125,2.5242,0.8184,True
sample_000840,gzip,16384,16407,1.00140380859375,0.1472,0.0044,True
sample_000840,bz2,16384,16842,1.0279541015625,2.0557,0.6612,True
sample_000840,lzma,16384,16444,1.003662109375,7.1711,0.0538,True
sample_000840,zstd,16384,16394,1.0006103515625,0.0237,0.0023,True
sample_000841,gzip,16384,5157,0.31475830078125,2.4505,0.0347,True
sample_000841,bz2,16384,4587,0.27996826171875,1.6136,0.4711,True
sample_000841,lzma,16384,4908,0.299560546875,10.3248,0.3395,True
sample_000841,zstd,16384,5559,0.33929443359375,0.2555,0.0975,True
sample_000842,gzip,16384,95,0.00579833984375,0.0556,0.0107,True
sample_000842,bz2,16384,94,0.0057373046875,3.609,0.1345,True
sample_000842,lzma,16384,136,0.00830078125,4.6902,0.0681,True
sample_000842,zstd,16384,34,0.0020751953125,0.0125,0.0046,True
sample_000843,gzip,16384,566,0.0345458984375,0.2365,0.0157,True
sample_000843,bz2,16384,868,0.052978515625,0.413,0.1044,True
sample_000843,lzma,16384,504,0.03076171875,7.0321,0.0742,True
sample_000843,zstd,16384,420,0.025634765625,0.0154,0.007,True
sample_000844,gzip,16384,2485,0.15167236328125,0.2137,0.0179,True
sample_000844,bz2,16384,1744,0.1064453125,1.0409,0.395,True
sample_000844,lzma,16384,2276,0.138916015625,8.1003,0.1417,True
sample_000844,zstd,16384,2764,0.168701171875,0.0455,0.0161,True
sample_000845,gzip,16384,6150,0.3753662109375,0.4353,0.0293,True
sample_000845,bz2,16384,6074,0.3707275390625,1.8745,1.1064,True
sample_000845,lzma,16384,5492,0.335205078125,7.7546,0.3179,True
sample_000845,zstd,16384,6145,0.37506103515625,0.0614,0.0207,True
sample_000846,gzip,65536,65574,1.000579833984375,1.0231,0.0129,True
sample_000846,bz2,65536,66198,1.010101318359375,10.1557,3.7007,True
sample_000846,lzma,65536,65600,1.0009765625,19.9339,0.2462,True
sample_000846,zstd,65536,65546,1.000152587890625,0.1072,0.0061,True
sample_000847,gzip,65536,38306,0.584503173828125,3.572,0.236,True
sample_000847,bz2,65536,33475,0.5107879638671875,4.9855,2.4793,True
sample_000847,lzma,65536,36872,0.5626220703125,20.2834,1.5668,True
sample_000847,zstd,65536,32809,0.5006256103515625,0.0653,0.0336,True
sample_000848,gzip,65536,431,0.0065765380859375,0.0952,0.0187,True
sample_000848,bz2,65536,435,0.0066375732421875,8.912,0.4546,True
sample_000848,lzma,65536,280,0.0042724609375,6.2109,0.2687,True
sample_000848,zstd,65536,148,0.00225830078125,0.0815,0.0062,True
sample_000849,gzip,65536,8046,0.122772216796875,2.5088,0.0529,True
sample_000849,bz2,65536,7092,0.10821533203125,1.4618,0.6506,True
sample_000849,lzma,65536,5464,0.0833740234375,19.5271,0.5171,True
sample_000849,zstd,65536,5218,0.079620361328125,0.1199,0.0748,True
sample_000850,gzip,65536,9120,0.13916015625,1.651,0.075,True
sample_000850,bz2,65536,5775,0.0881195068359375,4.075,1.0563,True
sample_000850,lzma,65536,7748,0.11822509765625,24.4375,1.0023,True
sample_000850,zstd,65536,10765,0.1642608642578125,0.3247,0.1396,True
sample_000851,gzip,65536,23923,0.3650360107421875,1.4532,0.1856,True
sample_000851,bz2,65536,21997,0.3356475830078125,9.0848,1.3873,True
sample_000851,lzma,65536,21424,0.326904296875,13.6951,1.4682,True
sample_000851,zstd,65536,24266,0.370269775390625,0.1629,0.0637,True
sample_000852,gzip,262144,262242,1.0003738403320312,5.3216,0.0397,True
sample_000852,bz2,262144,263760,1.00616455078125,23.8387,14.4183,True
sample_000852,lzma,262144,262216,1.000274658203125,58.0709,0.4595,True
sample_000852,zstd,262144,262159,1.0000572204589844,0.4341,0.077,True
sample_000853,gzip,262144,76004,0.2899322509765625,175.0641,0.467,True
sample_000853,bz2,262144,71771,0.2737846374511719,19.7802,8.159,True
sample_000853,lzma,262144,73004,0.2784881591796875,99.4872,3.645,True
sample_000853,zstd,262144,85767,0.3271751403808594,2.1652,0.5085,True
sample_000854,gzip,262144,716,0.0027313232421875,0.7069,0.0893,True
sample_000854,bz2,262144,152,0.000579833984375,34.5417,2.0081,True
sample_000854,lzma,262144,208,0.00079345703125,6.6082,0.3729,True
sample_000854,zstd,262144,66,0.00025177001953125,0.196,0.0164,True
sample_000855,gzip,262144,2501,0.009540557861328125,4.8002,0.0484,True
sample_000855,bz2,262144,3806,0.01451873779296875,2.3346,0.7508,True
sample_000855,lzma,262144,2104,0.008026123046875,12.1671,0.7729,True
sample_000855,zstd,262144,1804,0.0068817138671875,0.2537,0.1088,True
sample_000856,gzip,262144,34963,0.13337326049804688,6.5207,0.2046,True
sample_000856,bz2,262144,25601,0.09766006469726562,18.197,3.3242,True
sample_000856,lzma,262144,26396,0.1006927490234375,85.2916,1.8332,True
sample_000856,zstd,262144,43230,0.16490936279296875,0.9555,0.2258,True
sample_000857,gzip,262144,92897,0.3543739318847656,25.4222,0.3217,True
sample_000857,bz2,262144,88277,0.3367500305175781,33.1639,5.9185,True
sample_000857,lzma,262144,85964,0.3279266357421875,36.867,4.6218,True
sample_000857,zstd,262144,98091,0.3741874694824219,0.9777,0.2961,True
sample_000858,gzip,1048576,1048914,1.0003223419189453,21.214,1.0036,True
sample_000858,bz2,1048576,1053663,1.0048513412475586,96.4933,58.804,True
sample_000858,lzma,1048576,1048688,1.0001068115234375,228.9588,1.7045,True
sample_000858,zstd,1048576,1048609,1.0000314712524414,0.8108,0.3674,True
sample_000859,gzip,1048576,600204,0.5723991394042969,61.7859,3.4993,True
sample_000859,bz2,1048576,533297,0.5085916519165039,83.2081,46.4638,True
sample_000859,lzma,1048576,563740,0.5376243591308594,409.8806,22.9204,True
sample_000859,zstd,1048576,542796,0.5176506042480469,8.384,1.3754,True
sample_000860,gzip,1048576,2626,0.0025043487548828125,1.3348,0.7769,True
sample_000860,bz2,1048576,347,0.00033092498779296875,218.4547,5.2765,True
sample_000860,lzma,1048576,320,0.00030517578125,15.2172,2.0093,True
sample_000860,zstd,1048576,138,0.0001316070556640625,0.3394,0.3396,True
sample_000861,gzip,1048576,130362,0.12432289123535156,29.7695,1.0514,True
sample_000861,bz2,1048576,88568,0.08446502685546875,13.003,7.2787,True
sample_000861,lzma,1048576,85736,0.08176422119140625,303.3879,8.5849,True
sample_000861,zstd,1048576,89278,0.08514213562011719,2.3858,1.3935,True
sample_000862,gzip,1048576,137131,0.13077831268310547,26.3126,1.3529,True
sample_000862,bz2,1048576,104694,0.09984397888183594,95.1315,26.9317,True
sample_000862,lzma,1048576,101088,0.096405029296875,530.125,9.4109,True
sample_000862,zstd,1048576,172467,0.16447734832763672,3.6652,1.5585,True
sample_000863,gzip,1048576,329925,0.31464099884033203,185.4759,1.3361,True
sample_000863,bz2,1048576,317671,0.30295467376708984,214.1956,28.8567,True
sample_000863,lzma,1048576,308280,0.29399871826171875,256.7006,8.6981,True
sample_000863,zstd,1048576,328698,0.31347084045410156,3.0494,1.229,True
sample_000864,gzip,16384,16407,1.00140380859375,0.2965,0.0077,True
sample_000864,bz2,16384,16858,1.0289306640625,2.3556,0.6204,True
sample_000864,lzma,16384,16444,1.003662109375,7.3811,0.0474,True
sample_000864,zstd,16384,16394,1.0006103515625,0.0172,0.0012,True
sample_000865,gzip,16384,7536,0.4599609375,0.9945,0.0705,True
sample_000865,bz2,16384,6454,0.3939208984375,1.2204,0.4454,True
sample_000865,lzma,16384,7308,0.446044921875,7.2974,0.3419,True
sample_000865,zstd,16384,7376,0.4501953125,0.1286,0.032,True
sample_000866,gzip,16384,94,0.0057373046875,0.0846,0.0339,True
sample_000866,bz2,16384,89,0.00543212890625,1.6914,0.1375,True
sample_000866,lzma,16384,136,0.00830078125,4.7071,0.0462,True
sample_000866,zstd,16384,34,0.0020751953125,0.008,0.0026,True
sample_000867,gzip,16384,95,0.00579833984375,0.0847,0.0076,True
sample_000867,bz2,16384,153,0.00933837890625,0.1248,0.0668,True
sample_000867,lzma,16384,156,0.009521484375,4.8064,0.0795,True
sample_000867,zstd,16384,65,0.00396728515625,0.0087,0.0039,True
sample_000868,gzip,16384,2508,0.153076171875,0.2325,0.0267,True
sample_000868,bz2,16384,1735,0.10589599609375,1.0616,0.213,True
sample_000868,lzma,16384,2288,0.1396484375,9.4594,0.1589,True
sample_000868,zstd,16384,2836,0.173095703125,0.0475,0.0175,True
sample_000869,gzip,16384,6357,0.38800048828125,0.5487,0.0323,True
sample_000869,bz2,16384,6498,0.3966064453125,1.5713,0.3623,True
sample_000869,lzma,16384,5616,0.3427734375,7.1654,0.3936,True
sample_000869,zstd,16384,6336,0.38671875,0.0474,0.0196,True
sample_000870,gzip,65536,65574,1.000579833984375,1.4505,0.012,True
sample_000870,bz2,65536,66162,1.009552001953125,5.9733,2.4835,True
sample_000870,lzma,65536,65600,1.0009765625,15.4209,0.0998,True
sample_000870,zstd,65536,65546,1.000152587890625,0.0541,0.002,True
sample_000871,gzip,65536,38319,0.5847015380859375,4.1269,0.2124,True
sample_000871,bz2,65536,33493,0.5110626220703125,4.4816,1.7659,True
sample_000871,lzma,65536,36872,0.5626220703125,20.3186,1.8114,True
sample_000871,zstd,65536,32811,0.5006561279296875,0.2249,0.1011,True
sample_000872,gzip,65536,191,0.0029144287109375,0.1182,0.0274,True
sample_000872,bz2,65536,103,0.0015716552734375,8.5701,0.431,True
sample_000872,lzma,65536,160,0.00244140625,5.0874,0.1292,True
sample_000872,zstd,65536,34,0.000518798828125,0.0137,0.0086,True
sample_000873,gzip,65536,8045,0.1227569580078125,3.4669,0.121,True
sample_000873,bz2,65536,7035,0.1073455810546875,1.9595,1.2013,True
sample_000873,lzma,65536,5464,0.0833740234375,22.6057,0.5206,True
sample_000873,zstd,65536,5217,0.0796051025390625,0.0875,0.0655,True
sample_000874,gzip,65536,27120,0.413818359375,4.6737,0.1631,True
sample_000874,bz2,65536,22918,0.349700927734375,4.3497,1.5706,True
sample_000874,lzma,65536,20880,0.318603515625,22.2795,1.3497,True
sample_000874,zstd,65536,27367,0.4175872802734375,0.386,0.0741,True
sample_000875,gzip,65536,21560,0.3289794921875,1.8024,0.1018,True
sample_000875,bz2,65536,19970,0.304718017578125,11.3706,1.2492,True
sample_000875,lzma,65536,19472,0.297119140625,13.4577,1.0653,True
sample_000875,zstd,65536,21582,0.329315185546875,0.1169,0.0372,True
sample_000876,gzip,262144,262242,1.0003738403320312,5.7068,0.0629,True
sample_000876,bz2,262144,263746,1.0061111450195312,23.3632,11.8521,True
sample_000876,lzma,262144,262216,1.000274658203125,55.0363,0.3111,True
sample_000876,zstd,262144,262159,1.0000572204589844,0.3157,0.0057,True
sample_000877,gzip,262144,112825,0.4303932189941406,35.3281,0.6703,True
sample_000877,bz2,262144,101841,0.3884925842285156,18.7023,9.4761,True
sample_000877,lzma,262144,107560,0.410308837890625,74.5809,6.6149,True
sample_000877,zstd,262144,117089,0.4466590881347656,2.675,0.8067,True
sample_000878,gzip,262144,1101,0.004199981689453125,0.2991,0.0381,True
sample_000878,bz2,262144,487,0.001857757568359375,35.8724,2.2411,True
sample_000878,lzma,262144,312,0.001190185546875,6.6869,0.3843,True
sample_000878,zstd,262144,162,0.00061798095703125,0.1887,0.0059,True
sample_000879,gzip,262144,2433,0.009281158447265625,3.6793,0.0489,True
sample_000879,bz2,262144,3796,0.0144805908203125,2.0936,0.7761,True
sample_000879,lzma,262144,2064,0.00787353515625,11.8347,0.6792,True
sample_000879,zstd,262144,1769,0.006748199462890625,0.2585,0.0685,True
sample_000880,gzip,262144,34925,0.13322830200195312,6.4008,0.2963,True
sample_000880,bz2,262144,25533,0.09740066528320312,22.4014,5.7271,True
sample_000880,lzma,262144,26512,0.10113525390625,108.6555,1.8019,True
sample_000880,zstd,262144,43116,0.1644744873046875,0.7567,0.2141,True
sample_000881,gzip,262144,95450,0.36411285400390625,5.716,0.3801,True
sample_000881,bz2,262144,92754,0.35382843017578125,34.7075,4.6099,True
sample_000881,lzma,262144,89360,0.34088134765625,43.484,5.868,True
sample_000881,zstd,262144,95810,0.36548614501953125,1.0688,0.1899,True
sample_000882,gzip,1048576,1048914,1.0003223419189453,21.7433,0.8903,True
sample_000882,bz2,1048576,1053669,1.004857063293457,89.1913,57.5472,True
sample_000882,lzma,1048576,1048688,1.0001068115234375,215.15,1.6569,True
sample_000882,zstd,1048576,1048609,1.0000314712524414,0.6931,0.3096,True
sample_000883,gzip,1048576,446726,0.42603111267089844,171.4934,2.8095,True
sample_000883,bz2,1048576,407207,0.38834285736083984,73.4547,41.2059,True
sample_000883,lzma,1048576,427392,0.4075927734375,453.5546,18.1291,True
sample_000883,zstd,1048576,468020,0.4463386535644531,7.592,1.8512,True
sample_000884,gzip,1048576,3177,0.0030298233032226562,2.3407,0.5717,True
sample_000884,bz2,1048576,589,0.0005617141723632812,258.2417,4.973,True
sample_000884,lzma,1048576,352,0.000335693359375,14.7415,1.9607,True
sample_000884,zstd,1048576,170,0.0001621246337890625,0.3301,0.5071,True
sample_000885,gzip,1048576,9521,0.009079933166503906,21.3323,0.7419,True
sample_000885,bz2,1048576,11362,0.010835647583007812,6.2538,3.5762,True
sample_000885,lzma,1048576,7932,0.007564544677734375,40.321,3.2071,True
sample_000885,zstd,1048576,9458,0.009019851684570312,0.5584,0.4808,True
sample_000886,gzip,1048576,137062,0.13071250915527344,31.234,1.2596,True
sample_000886,bz2,1048576,104718,0.09986686706542969,94.19,27.8641,True
sample_000886,lzma,1048576,100184,0.09554290771484375,478.8938,7.3381,True
sample_000886,zstd,1048576,172332,0.16434860229492188,3.5852,1.1503,True
sample_000887,gzip,1048576,280874,0.26786231994628906,234.4107,0.9371,True
sample_000887,bz2,1048576,277608,0.26474761962890625,163.5817,22.0342,True
sample_000887,lzma,1048576,266088,0.25376129150390625,239.2067,6.7142,True
sample_000887,zstd,1048576,289204,0.2758064270019531,1.752,0.8011,True
sample_000888,gzip,16384,16407,1.00140380859375,0.2072,0.0094,True
sample_000888,bz2,16384,16858,1.0289306640625,2.3572,0.6693,True
sample_000888,lzma,16384,16444,1.003662109375,8.2267,0.0353,True
sample_000888,zstd,16384,16394,1.0006103515625,0.016,0.0011,True
sample_000889,gzip,16384,9621,0.58721923828125,0.3589,0.0527,True
sample_000889,bz2,16384,8437,0.51495361328125,1.519,0.4732,True
sample_000889,lzma,16384,9708,0.592529296875,9.1326,0.4827,True
sample_000889,zstd,16384,8608,0.525390625,0.1084,0.0235,True
sample_000890,gzip,16384,123,0.00750732421875,0.0467,0.0119,True
sample_000890,bz2,16384,142,0.0086669921875,1.9711,0.1474,True
sample_000890,lzma,16384,156,0.009521484375,4.8866,0.0438,True
sample_000890,zstd,16384,51,0.00311279296875,0.0077,0.0025,True
sample_000891,gzip,16384,94,0.0057373046875,0.05,0.0064,True
sample_000891,bz2,16384,150,0.0091552734375,0.1032,0.0553,True
sample_000891,lzma,16384,152,0.00927734375,5.642,0.0554,True
sample_000891,zstd,16384,64,0.00390625,0.0082,0.0041,True
sample_000892,gzip,16384,7120,0.4345703125,0.5132,0.044,True
sample_000892,bz2,16384,6083,0.37127685546875,1.1487,0.4428,True
sample_000892,lzma,16384,5912,0.36083984375,7.9116,0.3641,True
sample_000892,zstd,16384,7406,0.4520263671875,0.1167,0.0295,True
sample_000893,gzip,16384,6642,0.4053955078125,0.341,0.0474,True
sample_000893,bz2,16384,6330,0.3863525390625,2.5359,0.5416,True
sample_000893,lzma,16384,5952,0.36328125,6.6407,0.9523,True
sample_000893,zstd,16384,6579,0.40155029296875,0.055,0.0185,True
sample_000894,gzip,65536,65574,1.000579833984375,1.1337,0.0118,True
sample_000894,bz2,65536,66167,1.0096282958984375,6.1863,3.1532,True
sample_000894,lzma,65536,65600,1.0009765625,17.3111,0.0986,True
sample_000894,zstd,65536,65546,1.000152587890625,0.042,0.0057,True
sample_000895,gzip,65536,10352,0.157958984375,56.0674,0.0643,True
sample_000895,bz2,65536,10600,0.1617431640625,4.1026,1.5406,True
sample_000895,lzma,65536,9452,0.14422607421875,38.8174,0.5775,True
sample_000895,zstd,65536,12276,0.18731689453125,0.1986,0.0887,True
sample_000896,gzip,65536,104,0.0015869140625,0.1481,0.0287,True
sample_000896,bz2,65536,54,0.000823974609375,6.229,0.2709,True
sample_000896,lzma,65536,148,0.00225830078125,5.1533,0.1702,True
sample_000896,zstd,65536,22,0.000335693359375,0.0221,0.0179,True
sample_000897,gzip,65536,2133,0.0325469970703125,2.0959,0.0551,True
sample_000897,bz2,65536,2752,0.0419921875,0.8801,0.2761,True
sample_000897,lzma,65536,1648,0.025146484375,14.3904,0.2514,True
sample_000897,zstd,65536,1532,0.02337646484375,0.0387,0.0279,True
sample_000898,gzip,65536,9075,0.1384735107421875,2.3907,0.0722,True
sample_000898,bz2,65536,6683,0.1019744873046875,4.0839,1.5146,True
sample_000898,lzma,65536,7388,0.11273193359375,21.892,0.592,True
sample_000898,zstd,65536,10844,0.16546630859375,0.2152,0.0909,True
sample_000899,gzip,65536,21594,0.329498291015625,2.3283,0.1033,True
sample_000899,bz2,65536,20812,0.31756591796875,6.2743,1.5952,True
sample_000899,lzma,65536,19540,0.29815673828125,14.4135,1.5017,True
sample_000899,zstd,65536,22066,0.336700439453125,0.1854,0.0522,True
sample_000900,gzip,262144,262242,1.0003738403320312,5.2611,0.0434,True
sample_000900,bz2,262144,263723,1.0060234069824219,24.8417,11.7949,True
sample_000900,lzma,262144,262216,1.000274658203125,54.2235,0.338,True
sample_000900,zstd,262144,262159,1.0000572204589844,0.3091,0.0058,True
sample_000901,gzip,262144,39770,0.15171051025390625,287.4399,0.2295,True
sample_000901,bz2,262144,42113,0.16064834594726562,15.8691,6.1458,True
sample_000901,lzma,262144,36724,0.1400909423828125,150.5663,1.7559,True
sample_000901,zstd,262144,49048,0.187103271484375,0.8017,0.4074,True
sample_000902,gzip,262144,891,0.003398895263671875,0.4416,0.087,True
sample_000902,bz2,262144,266,0.00101470947265625,34.7055,3.3366,True
sample_000902,lzma,262144,240,0.00091552734375,6.7449,0.3769,True
sample_000902,zstd,262144,98,0.00037384033203125,0.2701,0.0097,True
sample_000903,gzip,262144,32363,0.12345504760742188,7.9646,0.2079,True
sample_000903,bz2,262144,23854,0.09099578857421875,4.452,1.6663,True
sample_000903,lzma,262144,21432,0.081756591796875,80.7045,1.9905,True
sample_000903,zstd,262144,20799,0.07934188842773438,0.5933,0.2396,True
sample_000904,gzip,262144,34886,0.13307952880859375,6.3997,0.2241,True
sample_000904,bz2,262144,25585,0.09759902954101562,18.7202,3.6158,True
sample_000904,lzma,262144,26384,0.10064697265625,83.1081,1.7372,True
sample_000904,zstd,262144,43029,0.16414260864257812,0.8658,0.2078,True
sample_000905,gzip,262144,94309,0.3597602844238281,12.3361,0.322,True
sample_000905,bz2,262144,89290,0.34061431884765625,39.0463,5.7841,True
sample_000905,lzma,262144,86028,0.3281707763671875,50.8117,3.5941,True
sample_000905,zstd,262144,92140,0.3514862060546875,0.8968,0.1999,True
sample_000906,gzip,1048576,1048914,1.0003223419189453,22.6773,0.972,True
sample_000906,bz2,1048576,1053611,1.0048017501831055,97.2517,53.4506,True
sample_000906,lzma,1048576,1048688,1.0001068115234375,224.5666,1.9533,True
sample_000906,zstd,1048576,1048609,1.0000314712524414,0.6678,0.3214,True
sample_000907,gzip,1048576,300721,0.2867898941040039,771.0658,2.1508,True
sample_000907,bz2,1048576,286647,0.27336788177490234,85.7813,41.3315,True
sample_000907,lzma,1048576,288296,0.27494049072265625,650.536,14.0304,True
sample_000907,zstd,1048576,326448,0.3113250732421875,6.8972,1.682,True
sample_000908,gzip,1048576,1574,0.0015010833740234375,2.5774,0.791,True
sample_000908,bz2,1048576,144,0.0001373291015625,144.1135,4.2809,True
sample_000908,lzma,1048576,292,0.000278472900390625,13.656,1.828,True
sample_000908,zstd,1048576,112,0.0001068115234375,0.3033,0.4094,True
sample_000909,gzip,1048576,9483,0.009043693542480469,19.9725,0.8618,True
sample_000909,bz2,1048576,11326,0.010801315307617188,6.1803,3.2379,True
sample_000909,lzma,1048576,7888,0.0075225830078125,43.2514,3.6376,True
sample_000909,zstd,1048576,9415,0.008978843688964844,0.6027,0.4377,True
sample_000910,gzip,1048576,137204,0.13084793090820312,25.0885,1.5029,True
sample_000910,bz2,1048576,80702,0.07696342468261719,96.3662,27.8578,True
sample_000910,lzma,1048576,102848,0.09808349609375,413.0092,6.8192,True
sample_000910,zstd,1048576,169078,0.16124534606933594,3.9088,1.5805,True
sample_000911,gzip,1048576,338908,0.3232078552246094,46.1447,1.4903,True
sample_000911,bz2,1048576,326142,0.3110332489013672,183.8223,20.576,True
sample_000911,lzma,1048576,323700,0.3087043762207031,181.1651,14.1732,True
sample_000911,zstd,1048576,342761,0.32688236236572266,3.2615,0.8679,True
sample_000912,gzip,16384,16407,1.00140380859375,0.1464,0.0041,True
sample_000912,bz2,16384,16844,1.028076171875,1.9104,0.6837,True
sample_000912,lzma,16384,16444,1.003662109375,6.744,0.0525,True
sample_000912,zstd,16384,16394,1.0006103515625,0.0499,0.0035,True
sample_000913,gzip,16384,5176,0.31591796875,2.5038,0.0291,True
sample_000913,bz2,16384,4582,0.2796630859375,1.3112,0.3301,True
sample_000913,lzma,16384,4912,0.2998046875,8.2858,0.2747,True
sample_000913,zstd,16384,5549,0.33868408203125,0.0974,0.0339,True
sample_000914,gzip,16384,73,0.00445556640625,0.0372,0.0061,True
sample_000914,bz2,16384,68,0.004150390625,1.5147,0.0983,True
sample_000914,lzma,16384,128,0.0078125,4.8638,0.0416,True
sample_000914,zstd,16384,26,0.0015869140625,0.0075,0.0033,True
sample_000915,gzip,16384,201,0.01226806640625,0.1454,0.0104,True
sample_000915,bz2,16384,365,0.02227783203125,0.1977,0.1081,True
sample_000915,lzma,16384,228,0.013916015625,5.2693,0.1454,True
sample_000915,zstd,16384,179,0.01092529296875,0.0209,0.0118,True
sample_000916,gzip,16384,2392,0.14599609375,0.235,0.0165,True
sample_000916,bz2,16384,1850,0.1129150390625,1.102,0.2354,True
sample_000916,lzma,16384,2132,0.130126953125,8.3598,0.3483,True
sample_000916,zstd,16384,2699,0.16473388671875,0.1001,0.0396,True
sample_000917,gzip,16384,6141,0.37481689453125,0.796,0.03,True
sample_000917,bz2,16384,6146,0.3751220703125,1.6309,0.3535,True
sample_000917,lzma,16384,5480,0.33447265625,7.0412,0.4908,True
sample_000917,zstd,16384,6111,0.37298583984375,0.0446,0.0153,True
sample_000918,gzip,65536,65574,1.000579833984375,0.993,0.0117,True
sample_000918,bz2,65536,66185,1.0099029541015625,6.0274,2.5726,True
sample_000918,lzma,65536,65600,1.0009765625,17.0832,0.1198,True
sample_000918,zstd,65536,65546,1.000152587890625,0.0618,0.0022,True
sample_000919,gzip,65536,10331,0.1576385498046875,60.1656,0.0611,True
sample_000919,bz2,65536,10582,0.161468505859375,4.2241,1.1958,True
sample_000919,lzma,65536,9456,0.144287109375,34.5341,0.4651,True
sample_000919,zstd,65536,12339,0.1882781982421875,0.2026,0.0755,True
sample_000920,gzip,65536,188,0.00286865234375,0.1285,0.0247,True
sample_000920,bz2,65536,96,0.00146484375,5.9937,0.4204,True
sample_000920,lzma,65536,160,0.00244140625,5.2583,0.1121,True
sample_000920,zstd,65536,34,0.000518798828125,0.0118,0.0079,True
sample_000921,gzip,65536,8149,0.1243438720703125,1.8289,0.0744,True
sample_000921,bz2,65536,7115,0.1085662841796875,1.7388,0.5431,True
sample_000921,lzma,65536,5508,0.08404541015625,24.6033,0.5353,True
sample_000921,zstd,65536,5257,0.0802154541015625,0.1144,0.0629,True
sample_000922,gzip,65536,9089,0.1386871337890625,1.6785,0.088,True
sample_000922,bz2,65536,6666,0.101715087890625,4.8405,0.7682,True
sample_000922,lzma,65536,7364,0.11236572265625,21.8415,0.5592,True
sample_000922,zstd,65536,10817,0.1650543212890625,0.1557,0.0681,True
sample_000923,gzip,65536,23206,0.354095458984375,1.4902,0.1145,True
sample_000923,bz2,65536,21330,0.325469970703125,8.2854,1.0657,True
sample_000923,lzma,65536,21224,0.3238525390625,11.8666,1.1621,True
sample_000923,zstd,65536,24075,0.3673553466796875,0.1355,0.057,True
sample_000924,gzip,262144,262242,1.0003738403320312,5.1056,0.0704,True
sample_000924,bz2,262144,263750,1.0061264038085938,23.2856,10.5583,True
sample_000924,lzma,262144,262216,1.000274658203125,54.8527,0.3082,True
sample_000924,zstd,262144,262159,1.0000572204589844,0.3219,0.0058,True
sample_000925,gzip,262144,75940,0.2896881103515625,183.5824,0.4351,True
sample_000925,bz2,262144,71748,0.2736968994140625,18.0629,7.2667,True
sample_000925,lzma,262144,72972,0.2783660888671875,101.2885,3.8617,True
sample_000925,zstd,262144,85784,0.327239990234375,1.5048,0.3602,True
sample_000926,gzip,262144,721,0.002750396728515625,0.3761,0.1159,True
sample_000926,bz2,262144,153,0.000583648681640625,32.9416,2.7276,True
sample_000926,lzma,262144,208,0.00079345703125,6.6513,0.4152,True
sample_000926,zstd,262144,66,0.00025177001953125,0.1954,0.0502,True
sample_000927,gzip,262144,2447,0.009334564208984375,4.6709,0.1285,True
sample_000927,bz2,262144,3750,0.01430511474609375,2.1217,0.8315,True
sample_000927,lzma,262144,2060,0.0078582763671875,13.1589,0.7731,True
sample_000927,zstd,262144,1789,0.006824493408203125,0.2658,0.0601,True
sample_000928,gzip,262144,34709,0.13240432739257812,5.5354,0.2446,True
sample_000928,bz2,262144,20978,0.08002471923828125,20.2255,4.3503,True
sample_000928,lzma,262144,27644,0.1054534912109375,92.433,1.6188,True
sample_000928,zstd,262144,42619,0.16257858276367188,1.8277,0.2982,True
sample_000929,gzip,262144,72804,0.2777252197265625,48.286,0.181,True
sample_000929,bz2,262144,70841,0.2702369689941406,37.1824,4.6479,True
sample_000929,lzma,262144,68384,0.2608642578125,68.1416,4.2051,True
sample_000929,zstd,262144,74076,0.2825775146484375,0.6063,0.1409,True
sample_000930,gzip,1048576,1048914,1.0003223419189453,22.3468,0.8983,True
sample_000930,bz2,1048576,1053713,1.004899024963379,127.8355,57.421,True
sample_000930,lzma,1048576,1048688,1.0001068115234375,220.74,2.2054,True
sample_000930,zstd,1048576,1048609,1.0000314712524414,0.6974,0.3012,True
sample_000931,gzip,1048576,446640,0.4259490966796875,175.7877,3.5552,True
sample_000931,bz2,1048576,407139,0.3882780075073242,84.5232,42.1272,True
sample_000931,lzma,1048576,427380,0.4075813293457031,477.0034,19.5186,True
sample_000931,zstd,1048576,468342,0.44664573669433594,9.0757,2.4259,True
sample_000932,gzip,1048576,2096,0.0019989013671875,1.4739,0.6514,True
sample_000932,bz2,1048576,229,0.00021839141845703125,159.6683,4.3544,True
sample_000932,lzma,1048576,300,0.000286102294921875,14.1988,1.9653,True
sample_000932,zstd,1048576,120,0.00011444091796875,0.4476,0.6197,True
sample_000933,gzip,1048576,9536,0.00909423828125,18.0855,0.6068,True
sample_000933,bz2,1048576,11315,0.010790824890136719,6.5962,3.095,True
sample_000933,lzma,1048576,7900,0.007534027099609375,48.2176,3.8001,True
sample_000933,zstd,1048576,9447,0.009009361267089844,0.5539,0.4055,True
sample_000934,gzip,1048576,136965,0.13062000274658203,26.0261,1.1913,True
sample_000934,bz2,1048576,104574,0.09972953796386719,96.2495,20.3583,True
sample_000934,lzma,1048576,100400,0.0957489013671875,393.4387,6.3411,True
sample_000934,zstd,1048576,172529,0.1645364761352539,2.5998,1.1199,True
sample_000935,gzip,1048576,280027,0.26705455780029297,275.5117,0.9584,True
sample_000935,bz2,1048576,274261,0.26155567169189453,199.2305,23.8921,True
sample_000935,lzma,1048576,267136,0.2547607421875,289.3989,5.2115,True
sample_000935,zstd,1048576,288951,0.27556514739990234,2.0495,0.9592,True
sample_000936,gzip,16384,16407,1.00140380859375,0.1684,0.0054,True
sample_000936,bz2,16384,16856,1.02880859375,2.2199,0.8555,True
sample_000936,lzma,16384,16444,1.003662109375,7.2197,0.0394,True
sample_000936,zstd,16384,16394,1.0006103515625,0.0165,0.0013,True
sample_000937,gzip,16384,5179,0.31610107421875,2.2385,0.039,True
sample_000937,bz2,16384,4585,0.27984619140625,1.3091,0.4898,True
sample_000937,lzma,16384,4916,0.300048828125,8.4034,0.3133,True
sample_000937,zstd,16384,5542,0.3382568359375,0.1041,0.0337,True
sample_000938,gzip,16384,59,0.00360107421875,0.0338,0.0069,True
sample_000938,bz2,16384,53,0.00323486328125,1.7807,0.0916,True
sample_000938,lzma,16384,124,0.007568359375,4.8699,0.0508,True
sample_000938,zstd,16384,22,0.0013427734375,0.0093,0.0043,True
sample_000939,gzip,16384,199,0.01214599609375,0.1664,0.0093,True
sample_000939,bz2,16384,353,0.02154541015625,0.1772,0.072,True
sample_000939,lzma,16384,232,0.01416015625,5.4922,0.0943,True
sample_000939,zstd,16384,185,0.01129150390625,0.0099,0.0055,True
sample_000940,gzip,16384,2418,0.1475830078125,0.2464,0.0293,True
sample_000940,bz2,16384,1854,0.1131591796875,1.4258,0.2742,True
sample_000940,lzma,16384,2112,0.12890625,8.7363,0.1417,True
sample_000940,zstd,16384,2711,0.16546630859375,0.0475,0.0191,True
sample_000941,gzip,16384,6508,0.397216796875,0.5703,0.0402,True
sample_000941,bz2,16384,6591,0.40228271484375,3.1971,0.4342,True
sample_000941,lzma,16384,5760,0.3515625,7.99,0.3519,True
sample_000941,zstd,16384,6463,0.39447021484375,0.0916,0.0264,True
sample_000942,gzip,65536,65574,1.000579833984375,1.2985,0.0123,True
sample_000942,bz2,65536,66179,1.0098114013671875,6.1644,2.9953,True
sample_000942,lzma,65536,65600,1.0009765625,15.8263,0.1056,True
sample_000942,zstd,65536,65546,1.000152587890625,0.0261,0.0024,True
sample_000943,gzip,65536,29320,0.4473876953125,8.1296,0.204,True
sample_000943,bz2,65536,25560,0.3900146484375,4.4767,2.1557,True
sample_000943,lzma,65536,27568,0.420654296875,17.4066,1.9383,True
sample_000943,zstd,65536,28251,0.4310760498046875,0.5423,0.0998,True
sample_000944,gzip,65536,104,0.0015869140625,0.0976,0.0235,True
sample_000944,bz2,65536,52,0.00079345703125,6.3148,0.2804,True
sample_000944,lzma,65536,148,0.00225830078125,5.2365,0.2012,True
sample_000944,zstd,65536,22,0.000335693359375,0.0134,0.013,True
sample_000945,gzip,65536,258,0.003936767578125,0.321,0.017,True
sample_000945,bz2,65536,495,0.0075531005859375,0.5078,0.1896,True
sample_000945,lzma,65536,300,0.00457763671875,5.7578,0.1948,True
sample_000945,zstd,65536,199,0.0030364990234375,0.0176,0.0155,True
sample_000946,gzip,65536,9013,0.1375274658203125,1.3619,0.0842,True
sample_000946,bz2,65536,5831,0.0889739990234375,4.74,1.0516,True
sample_000946,lzma,65536,7672,0.1170654296875,24.7713,0.5806,True
sample_000946,zstd,65536,10758,0.164154052734375,0.2187,0.1181,True
sample_000947,gzip,65536,24878,0.379608154296875,2.4635,0.1233,True
sample_000947,bz2,65536,23862,0.364105224609375,5.6613,1.5262,True
sample_000947,lzma,65536,22448,0.342529296875,15.2164,1.8416,True
sample_000947,zstd,65536,25801,0.3936920166015625,0.2429,0.0766,True
sample_000948,gzip,262144,262242,1.0003738403320312,5.9623,0.0488,True
sample_000948,bz2,262144,263753,1.0061378479003906,24.4637,12.8135,True
sample_000948,lzma,262144,262216,1.000274658203125,54.8831,0.4532,True
sample_000948,zstd,262144,262159,1.0000572204589844,0.411,0.0089,True
sample_000949,gzip,262144,39839,0.15197372436523438,308.8812,0.251,True
sample_000949,bz2,262144,42129,0.16070938110351562,18.2815,7.7277,True
sample_000949,lzma,262144,36288,0.138427734375,175.3265,2.0828,True
sample_000949,zstd,262144,49026,0.18701934814453125,0.9743,0.3836,True
sample_000950,gzip,262144,430,0.00164031982421875,0.51,0.0418,True
sample_000950,bz2,262144,72,0.000274658203125,24.6841,1.577,True
sample_000950,lzma,262144,180,0.0006866455078125,8.1603,0.5259,True
sample_000950,zstd,262144,40,0.000152587890625,0.1893,0.0891,True
sample_000951,gzip,262144,2446,0.00933074951171875,4.0992,0.0494,True
sample_000951,bz2,262144,3772,0.0143890380859375,2.3,0.744,True
sample_000951,lzma,262144,2068,0.0078887939453125,12.4592,0.775,True
sample_000951,zstd,262144,1779,0.006786346435546875,0.2407,0.066,True
sample_000952,gzip,262144,34790,0.13271331787109375,7.4207,0.2553,True
sample_000952,bz2,262144,21130,0.08060455322265625,23.4081,3.9768,True
sample_000952,lzma,262144,27716,0.1057281494140625,92.7706,2.0069,True
sample_000952,zstd,262144,42584,0.162445068359375,1.1565,0.4251,True
sample_000953,gzip,262144,100158,0.38207244873046875,10.3648,0.4058,True
sample_000953,bz2,262144,94491,0.3604545593261719,36.9,6.0429,True
sample_000953,lzma,262144,92772,0.3538970947265625,38.4032,5.7408,True
sample_000953,zstd,262144,107956,0.4118194580078125,1.2019,0.3713,True
sample_000954,gzip,1048576,1048914,1.0003223419189453,24.2127,1.0256,True
sample_000954,bz2,1048576,1053890,1.0050678253173828,105.6737,61.0868,True
sample_000954,lzma,1048576,1048688,1.0001068115234375,225.2359,2.3093,True
sample_000954,zstd,1048576,1048609,1.0000314712524414,0.9021,0.3688,True
sample_000955,gzip,1048576,300941,0.2869997024536133,999.2122,2.6303,True
sample_000955,bz2,1048576,286564,0.2732887268066406,94.4245,55.8724,True
sample_000955,lzma,1048576,287840,0.274505615234375,714.5727,26.02,True
sample_000955,zstd,1048576,325708,0.3106193542480469,10.0593,3.3213,True
sample_000956,gzip,1048576,1058,0.0010089874267578125,2.157,0.9083,True
sample_000956,bz2,1048576,104,9.918212890625e-05,187.1117,6.2766,True
sample_000956,lzma,1048576,288,0.000274658203125,20.3322,2.9714,True
sample_000956,zstd,1048576,108,0.000102996826171875,0.8138,0.6118,True
sample_000957,gzip,1048576,9522,0.009080886840820312,24.4827,0.8798,True
sample_000957,bz2,1048576,11346,0.010820388793945312,8.1831,4.4041,True
sample_000957,lzma,1048576,7936,0.007568359375,49.8092,4.0042,True
sample_000957,zstd,1048576,9481,0.009041786193847656,0.5574,0.6326,True
sample_000958,gzip,1048576,395888,0.3775482177734375,97.5701,3.6321,True
sample_000958,bz2,1048576,343051,0.32715892791748047,81.2366,43.1392,True
sample_000958,lzma,1048576,295512,0.28182220458984375,476.9752,22.3876,True
sample_000958,zstd,1048576,437220,0.4169654846191406,8.9825,2.2556,True
sample_000959,gzip,1048576,327760,0.3125762939453125,289.1364,1.4387,True
sample_000959,bz2,1048576,322459,0.30752086639404297,174.813,25.7449,True
sample_000959,lzma,1048576,303620,0.2895545959472656,234.0303,10.0418,True
sample_000959,zstd,1048576,350059,0.33384227752685547,2.8209,0.9831,True
sample_000960,gzip,16384,16407,1.00140380859375,0.1863,0.0055,True
sample_000960,bz2,16384,16863,1.02923583984375,2.4832,0.8585,True
sample_000960,lzma,16384,16444,1.003662109375,7.3972,0.1019,True
sample_000960,zstd,16384,16394,1.0006103515625,0.0321,0.0024,True
sample_000961,gzip,16384,2734,0.1668701171875,6.4798,0.022,True
sample_000961,bz2,16384,2729,0.16656494140625,1.8112,0.3484,True
sample_000961,lzma,16384,2576,0.1572265625,12.0168,0.156,True
sample_000961,zstd,16384,3117,0.19024658203125,0.0577,0.0244,True
sample_000962,gzip,16384,177,0.01080322265625,0.036,0.0116,True
sample_000962,bz2,16384,220,0.013427734375,2.3737,0.1952,True
sample_000962,lzma,16384,188,0.011474609375,5.1345,0.0571,True
sample_000962,zstd,16384,84,0.005126953125,0.0097,0.0018,True
sample_000963,gzip,16384,210,0.0128173828125,0.1438,0.0086,True
sample_000963,bz2,16384,362,0.0220947265625,0.2509,0.0845,True
sample_000963,lzma,16384,232,0.01416015625,5.2355,0.0776,True
sample_000963,zstd,16384,189,0.01153564453125,0.0167,0.0065,True
sample_000964,gzip,16384,7115,0.43426513671875,0.6634,0.0623,True
sample_000964,bz2,16384,6106,0.3726806640625,1.3844,0.4404,True
sample_000964,lzma,16384,5948,0.363037109375,8.212,0.493,True
sample_000964,zstd,16384,7369,0.44976806640625,0.1389,0.0345,True
sample_000965,gzip,16384,5291,0.32293701171875,0.5054,0.0353,True
sample_000965,bz2,16384,5807,0.35443115234375,3.3747,0.508,True
sample_000965,lzma,16384,4884,0.298095703125,8.9889,0.3567,True
sample_000965,zstd,16384,5203,0.31756591796875,0.0463,0.0147,True
sample_000966,gzip,65536,65574,1.000579833984375,1.5589,0.0141,True
sample_000966,bz2,65536,66167,1.0096282958984375,6.2698,2.9026,True
sample_000966,lzma,65536,65600,1.0009765625,19.3004,0.2186,True
sample_000966,zstd,65536,65546,1.000152587890625,0.0343,0.003,True
sample_000967,gzip,65536,19792,0.302001953125,33.9404,0.1668,True
sample_000967,bz2,65536,17968,0.274169921875,5.219,1.9642,True
sample_000967,lzma,65536,18568,0.2833251953125,25.3743,0.9576,True
sample_000967,zstd,65536,21434,0.327056884765625,0.3506,0.0958,True
sample_000968,gzip,65536,247,0.0037689208984375,0.1019,0.0246,True
sample_000968,bz2,65536,152,0.0023193359375,7.8705,0.5947,True
sample_000968,lzma,65536,176,0.002685546875,6.0316,0.1707,True
sample_000968,zstd,65536,52,0.00079345703125,0.0174,0.0066,True
sample_000969,gzip,65536,657,0.0100250244140625,1.2166,0.0239,True
sample_000969,bz2,65536,1238,0.018890380859375,0.7408,0.3097,True
sample_000969,lzma,65536,612,0.00933837890625,6.9268,0.2738,True
sample_000969,zstd,65536,447,0.0068206787109375,0.0555,0.0175,True
sample_000970,gzip,65536,9074,0.138458251953125,1.8922,0.0734,True
sample_000970,bz2,65536,6665,0.1016998291015625,5.1946,0.9384,True
sample_000970,lzma,65536,7368,0.1124267578125,24.2243,0.5684,True
sample_000970,zstd,65536,10773,0.1643829345703125,0.1962,0.0726,True
sample_000971,gzip,65536,26937,0.4110260009765625,1.1416,0.1167,True
sample_000971,bz2,65536,26048,0.3974609375,11.168,1.815,True
sample_000971,lzma,65536,24164,0.36871337890625,14.9452,1.4552,True
sample_000971,zstd,65536,27060,0.41290283203125,0.1315,0.0615,True
sample_000972,gzip,262144,262242,1.0003738403320312,5.2298,0.0454,True
sample_000972,bz2,262144,263772,1.0062103271484375,24.3083,12.3824,True
sample_000972,lzma,262144,262216,1.000274658203125,55.7695,0.507,True
sample_000972,zstd,262144,262159,1.0000572204589844,0.422,0.0082,True
sample_000973,gzip,262144,150602,0.5745010375976562,15.0604,1.1225,True
sample_000973,bz2,262144,133596,0.5096282958984375,20.1189,9.3853,True
sample_000973,lzma,262144,143412,0.5470733642578125,71.9639,7.1818,True
sample_000973,zstd,262144,149028,0.5684967041015625,3.1159,0.5449,True
sample_000974,gzip,262144,296,0.001129150390625,0.3943,0.0454,True
sample_000974,bz2,262144,55,0.000209808349609375,25.9989,1.426,True
sample_000974,lzma,262144,176,0.00067138671875,7.8072,0.4819,True
sample_000974,zstd,262144,36,0.0001373291015625,0.2264,0.0867,True
sample_000975,gzip,262144,868,0.0033111572265625,1.2527,0.0596,True
sample_000975,bz2,262144,1614,0.00615692138671875,1.871,0.7904,True
sample_000975,lzma,262144,788,0.0030059814453125,8.6536,0.7333,True
sample_000975,zstd,262144,545,0.002079010009765625,0.2115,0.0559,True
sample_000976,gzip,262144,34905,0.13315200805664062,7.7682,0.305,True
sample_000976,bz2,262144,25590,0.09761810302734375,22.4898,4.5183,True
sample_000976,lzma,262144,26368,0.1005859375,94.847,2.1802,True
sample_000976,zstd,262144,43055,0.16424179077148438,1.0724,0.3284,True
sample_000977,gzip,262144,85699,0.3269157409667969,53.9069,0.3683,True
sample_000977,bz2,262144,82359,0.3141746520996094,37.1091,5.7711,True
sample_000977,lzma,262144,78380,0.2989959716796875,59.7991,5.647,True
sample_000977,zstd,262144,92358,0.35231781005859375,0.8772,0.2453,True
sample_000978,gzip,1048576,1048914,1.0003223419189453,23.8793,0.9862,True
sample_000978,bz2,1048576,1053176,1.0043869018554688,105.7834,61.7296,True
sample_000978,lzma,1048576,1048688,1.0001068115234375,220.9982,1.7332,True
sample_000978,zstd,1048576,1048609,1.0000314712524414,0.8458,0.3056,True
sample_000979,gzip,1048576,157134,0.1498546600341797,1204.9477,1.2687,True
sample_000979,bz2,1048576,167986,0.1602039337158203,69.5544,43.0861,True
sample_000979,lzma,1048576,142896,0.1362762451171875,780.9841,7.5529,True
sample_000979,zstd,1048576,197236,0.18809890747070312,3.6649,1.5115,True
sample_000980,gzip,1048576,2094,0.0019969940185546875,1.7788,0.7921,True
sample_000980,bz2,1048576,227,0.00021648406982421875,181.4598,5.5983,True
sample_000980,lzma,1048576,300,0.000286102294921875,16.3255,2.3951,True
sample_000980,zstd,1048576,120,0.00011444091796875,0.4028,0.4267,True
sample_000981,gzip,1048576,9555,0.009112358093261719,21.0768,0.783,True
sample_000981,bz2,1048576,11401,0.010872840881347656,7.1934,4.2397,True
sample_000981,lzma,1048576,7956,0.007587432861328125,46.7923,3.7504,True
sample_000981,zstd,1048576,9472,0.009033203125,0.5716,0.531,True
sample_000982,gzip,1048576,396348,0.3779869079589844,97.3497,3.2563,True
sample_000982,bz2,1048576,342686,0.3268108367919922,78.7941,40.843,True
sample_000982,lzma,1048576,296152,0.28243255615234375,441.0983,22.2988,True
sample_000982,zstd,1048576,437652,0.4173774719238281,9.7572,2.5725,True
sample_000983,gzip,1048576,311644,0.2972068786621094,152.6096,1.2762,True
sample_000983,bz2,1048576,299195,0.28533458709716797,162.6975,22.3296,True
sample_000983,lzma,1048576,296592,0.2828521728515625,211.4431,8.4592,True
sample_000983,zstd,1048576,316428,0.3017692565917969,2.4875,0.9465,True
sample_000984,gzip,16384,16407,1.00140380859375,0.1975,0.0051,True
sample_000984,bz2,16384,16844,1.028076171875,2.2634,0.6898,True
sample_000984,lzma,16384,16444,1.003662109375,7.5169,0.0408,True
sample_000984,zstd,16384,16394,1.0006103515625,0.0169,0.0013,True
sample_000985,gzip,16384,7590,0.4632568359375,0.7926,0.0551,True
sample_000985,bz2,16384,6451,0.39373779296875,1.4191,0.4859,True
sample_000985,lzma,16384,7320,0.44677734375,7.4335,0.5057,True
sample_000985,zstd,16384,7381,0.45050048828125,0.1567,0.0486,True
sample_000986,gzip,16384,126,0.0076904296875,0.0419,0.0091,True
sample_000986,bz2,16384,140,0.008544921875,1.8739,0.1301,True
sample_000986,lzma,16384,156,0.009521484375,5.014,0.0594,True
sample_000986,zstd,16384,51,0.00311279296875,0.009,0.0028,True
sample_000987,gzip,16384,1952,0.119140625,0.3289,0.023,True
sample_000987,bz2,16384,2441,0.14898681640625,0.7795,0.2239,True
sample_000987,lzma,16384,1488,0.0908203125,7.9983,0.1333,True
sample_000987,zstd,16384,1343,0.08197021484375,0.0294,0.0179,True
sample_000988,gzip,16384,2510,0.1531982421875,0.2582,0.0215,True
sample_000988,bz2,16384,1750,0.1068115234375,1.4265,0.2114,True
sample_000988,lzma,16384,2276,0.138916015625,8.7639,0.1534,True
sample_000988,zstd,16384,2759,0.16839599609375,0.0472,0.0199,True
sample_000989,gzip,16384,4875,0.29754638671875,0.5122,0.0268,True
sample_000989,bz2,16384,5125,0.31280517578125,2.85,0.3392,True
sample_000989,lzma,16384,4560,0.2783203125,7.2962,0.2929,True
sample_000989,zstd,16384,4929,0.30084228515625,0.0368,0.0097,True
sample_000990,gzip,65536,65574,1.000579833984375,1.1021,0.0128,True
sample_000990,bz2,65536,66171,1.0096893310546875,6.4706,2.7787,True
sample_000990,lzma,65536,65600,1.0009765625,16.5481,0.1356,True
sample_000990,zstd,65536,65546,1.000152587890625,0.0289,0.0023,True
sample_000991,gzip,65536,38258,0.583770751953125,2.8238,0.3087,True
sample_000991,bz2,65536,33501,0.5111846923828125,4.9475,2.6358,True
sample_000991,lzma,65536,36864,0.5625,18.1691,1.7084,True
sample_000991,zstd,65536,32823,0.5008392333984375,0.0967,0.0484,True
sample_000992,gzip,65536,243,0.0037078857421875,0.0991,0.0194,True
sample_000992,bz2,65536,153,0.0023345947265625,7.9372,0.5113,True
sample_000992,lzma,65536,176,0.002685546875,5.5904,0.1274,True
sample_000992,zstd,65536,52,0.00079345703125,0.0138,0.0067,True
sample_000993,gzip,65536,2138,0.032623291015625,1.6082,0.0307,True
sample_000993,bz2,65536,2750,0.041961669921875,1.1649,0.3327,True
sample_000993,lzma,65536,1676,0.02557373046875,13.9082,0.3561,True
sample_000993,zstd,65536,1553,0.0236968994140625,0.0433,0.0276,True
sample_000994,gzip,65536,9090,0.138702392578125,1.6916,0.0641,True
sample_000994,bz2,65536,6672,0.101806640625,4.7729,1.0313,True
sample_000994,lzma,65536,7376,0.112548828125,24.5658,0.7156,True
sample_000994,zstd,65536,10777,0.1644439697265625,0.194,0.0602,True
sample_000995,gzip,65536,23954,0.365509033203125,1.1202,0.1414,True
sample_000995,bz2,65536,21999,0.3356781005859375,8.5734,1.3987,True
sample_000995,lzma,65536,21412,0.32672119140625,14.122,1.2457,True
sample_000995,zstd,65536,24372,0.37188720703125,0.1483,0.0526,True
sample_000996,gzip,262144,262242,1.0003738403320312,5.4694,0.0469,True
sample_000996,bz2,262144,263727,1.0060386657714844,22.6636,12.4168,True
sample_000996,lzma,262144,262216,1.000274658203125,52.9565,0.4306,True
sample_000996,zstd,262144,262159,1.0000572204589844,0.4269,0.0063,True
sample_000997,gzip,262144,39808,0.15185546875,299.6205,0.2524,True
sample_000997,bz2,262144,42105,0.16061782836914062,17.5073,6.9522,True
sample_000997,lzma,262144,36712,0.140045166015625,164.4219,2.2411,True
sample_000997,zstd,262144,49008,0.18695068359375,0.8715,0.3124,True
sample_000998,gzip,262144,295,0.001125335693359375,0.3442,0.0492,True
sample_000998,bz2,262144,51,0.000194549560546875,27.3413,1.2701,True
sample_000998,lzma,262144,176,0.00067138671875,7.4707,0.4625,True
sample_000998,zstd,262144,36,0.0001373291015625,0.1895,0.0562,True
sample_000999,gzip,262144,8522,0.03250885009765625,8.6021,0.1496,True
sample_000999,bz2,262144,8551,0.032619476318359375,2.8227,1.2287,True
sample_000999,lzma,262144,6344,0.024200439453125,40.5821,1.008,True
sample_000999,zstd,262144,6129,0.023380279541015625,0.3021,0.1292,True
sample_001000,gzip,262144,102520,0.391082763671875,22.616,0.6211,True
sample_001000,bz2,262144,89036,0.3396453857421875,17.3611,7.3628,True
sample_001000,lzma,262144,77852,0.2969818115234375,81.6098,5.806,True
sample_001000,zstd,262144,114696,0.437530517578125,2.2757,0.825,True
sample_001001,gzip,262144,85728,0.3270263671875,30.6823,0.3331,True
sample_001001,bz2,262144,82723,0.3155632019042969,37.7177,5.1306,True
sample_001001,lzma,262144,78740,0.3003692626953125,54.1143,4.7308,True
sample_001001,zstd,262144,91533,0.3491706848144531,0.9326,0.3058,True
sample_001002,gzip,1048576,1048914,1.0003223419189453,22.631,0.9896,True
sample_001002,bz2,1048576,1053639,1.0048284530639648,108.2393,65.1139,True
sample_001002,lzma,1048576,1048688,1.0001068115234375,218.8954,1.746,True
sample_001002,zstd,1048576,1048609,1.0000314712524414,0.9175,0.336,True
sample_001003,gzip,1048576,446706,0.4260120391845703,169.001,3.105,True
sample_001003,bz2,1048576,407281,0.3884134292602539,79.2927,49.9824,True
sample_001003,lzma,1048576,427940,0.4081153869628906,478.4637,18.7907,True
sample_001003,zstd,1048576,468587,0.44687938690185547,8.5144,2.0671,True
sample_001004,gzip,1048576,2628,0.002506256103515625,1.7528,0.8711,True
sample_001004,bz2,1048576,343,0.00032711029052734375,241.2702,5.7396,True
sample_001004,lzma,1048576,320,0.00030517578125,16.2883,2.0553,True
sample_001004,zstd,1048576,138,0.0001316070556640625,0.3591,0.437,True
sample_001005,gzip,1048576,9523,0.009081840515136719,19.8699,0.8443,True
sample_001005,bz2,1048576,11321,0.010796546936035156,6.8664,3.631,True
sample_001005,lzma,1048576,7920,0.0075531005859375,41.4671,3.3448,True
sample_001005,zstd,1048576,9473,0.009034156799316406,0.6918,0.4644,True
sample_001006,gzip,1048576,137335,0.13097286224365234,29.6049,1.6745,True
sample_001006,bz2,1048576,104763,0.09990978240966797,98.0211,31.6815,True
sample_001006,lzma,1048576,101104,0.0964202880859375,445.5963,7.5124,True
sample_001006,zstd,1048576,172197,0.16421985626220703,3.3818,1.6422,True
sample_001007,gzip,1048576,337360,0.3217315673828125,50.6528,1.2941,True
sample_001007,bz2,1048576,322771,0.3078184127807617,168.086,24.169,True
sample_001007,lzma,1048576,324680,0.30963897705078125,198.6246,13.5119,True
sample_001007,zstd,1048576,343265,0.3273630142211914,3.5863,1.2487,True
