sample_id,generator,seed,size,generation_parameters,file_size,entropy,unique_byte_count,most_common_byte_ratio,zero_byte_ratio,adjacent_repeat_ratio,average_run_length,max_run_length,duplicate_block_ratio,bigram_diversity,segment_entropy_mean,segment_entropy_std
sample_000000,random,20260983,16384,"{""distribution"":""uniform_bytes""}",16384,7.990238348463232,256,0.00537109375,0.00384521484375,0.004028566196667277,1.0040446133104548,2,0.0,0.8852469022767503,7.954927091319694,0.004513567193825438
sample_000001,small_alphabet,20260984,16384,"{""alphabet"":[112,145,204,253],""alphabet_size"":4,""distribution"":""uniform""}",16384,1.9998344098600929,4,0.2550048828125,0.0,0.24891655984862357,1.331383065171461,9,0.0,0.0009766221082829762,1.9996575609943061,0.0002736889902943656
sample_000002,repeated_pattern,20260985,16384,"{""pattern_hex"":""f36e508d4c2f37accc656d11838114a85571551b3248c81d9b32d37a4fd2c68caf066c2237466ce37f00899d5b91c26ef2c31172353e71711595ae59f2ce8bc5"",""pattern_length"":64}",16384,5.706954882778696,55,0.046875,0.015625,0.01562595373252762,1.0158730158730158,2,0.99609375,0.003906488433131905,5.706954882778696,0.0
sample_000003,long_runs,20260986,16384,"{""byte_distribution"":""uniform_without_adjacent_run_duplicates"",""max_run_length"":512,""min_run_length"":128}",16384,5.472700735632061,48,0.05560302734375,0.0,0.996887017029848,315.0769230769231,511,0.904296875,0.0060428492950009155,3.6267251550382342,0.07829661627294683
sample_000004,structured,20260987,16384,"{""format"":""csv"",""group_count"":16,""value_range"":[0,9999]}",16384,3.4049573468860403,25,0.2244873046875,0.0,0.0466947445522798,1.048978807862219,4,0.0,0.009827259964597448,3.388556423617662,0.036283870502803885
sample_000005,mixed,20260988,16384,"{""segments"":[{""generator"":""structured"",""parameters"":{""format"":""csv"",""group_count"":16,""value_range"":[0,9999]},""size"":3277},{""generator"":""random"",""parameters"":{""distribution"":""uniform_bytes""},""size"":3277},{""generator"":""repeated_pattern"",""parameters"":{""pattern_hex"":""26107230bb35fb719c4621d937d78a55273d2d74ec6d9c599a53b2e5ff6760896ad11b29bed05bb15cdd38e2bb7399343810ec047497685531bf8dc971cc397e440b75011ddd34697837aba64e219b28f64ab5b07234eb5c4d5f1ed63b0587ef2fb93742b87a3ef28e569a832cff8379e826d3c0851ce1c4c0564c7508301521"",""pattern_length"":128},""size"":3277},{""generator"":""small_alphabet"",""parameters"":{""alphabet"":[4,5,42,50,60,64,110,128,134,137,143,159,171,175,219,253],""alphabet_size"":16,""distribution"":""uniform""},""size"":3277},{""generator"":""long_runs"",""parameters"":{""byte_distribution"":""uniform_without_adjacent_run_duplicates"",""max_run_length"":512,""min_run_length"":128},""size"":3276}]}",16384,6.841167103565319,256,0.04852294921875,0.000732421875,0.21986205212720503,1.281802534814583,508,0.369140625,0.22883476774705488,5.720347779707963,1.3337686506748592
sample_000006,random,20260989,65536,"{""distribution"":""uniform_bytes""}",65536,7.997033041927276,256,0.0046844482421875,0.003753662109375,0.0036316472114137485,1.003644828325523,3,0.0,0.6343022812237735,7.954005487068725,0.003508159828975153
sample_000007,small_alphabet,20260990,65536,"{""alphabet"":[11,18,20,34,64,102,124,155,192,197,207,220,221,229,237,249],""alphabet_size"":16,""distribution"":""uniform""}",65536,3.999886496139624,16,0.06402587890625,0.0,0.0601205462729839,1.0639651925449705,5,0.0,0.003906309605554284,3.997511478068317,0.0008605281270736137
sample_000008,repeated_pattern,20260991,65536,"{""pattern_hex"":""20359a834e7af14b41c2465ca5189e87b1223bc781243c9f8fd10ed37681b1fef80d79e86667aa35f272a7a6c14ad698ca5e6db456d4b7d9512784483956b85c36a2f4d485ce9a5901e7879d18e84fcc805d2555233543c6fe943ca6b3be1287b8b273eac0a4d003ea17e77a6fe1d2e3a14384df84b7b006a521b758775f5e47"",""pattern_length"":128}",65536,6.570159765557392,102,0.0234375,0.0,0.0,1.0,1,0.998046875,0.001953154802777142,6.570159765557392,0.0
sample_000009,long_runs,20260992,65536,"{""byte_distribution"":""uniform_without_adjacent_run_duplicates"",""max_run_length"":128,""min_run_length"":32}",65536,7.702228294124275,241,0.0104827880859375,0.004150390625,0.9877622644388495,81.61394769613948,128,0.75390625,0.015838864728770885,5.359492923368346,0.09439878333328258
sample_000010,structured,20260993,65536,"{""format"":""csv"",""group_count"":16,""value_range"":[0,9999]}",65536,3.420807069718474,25,0.21405029296875,0.0,0.04570077058060578,1.047888585088182,4,0.0,0.002456702525368124,3.3864421906696096,0.02921421420927735
sample_000011,mixed,20260994,65536,"{""segments"":[{""generator"":""small_alphabet"",""parameters"":{""alphabet"":[147,225],""alphabet_size"":2,""distribution"":""uniform""},""size"":13108},{""generator"":""repeated_pattern"",""parameters"":{""pattern_hex"":""42921b7e"",""pattern_length"":4},""size"":13107},{""generator"":""long_runs"",""parameters"":{""byte_distribution"":""uniform_without_adjacent_run_duplicates"",""max_run_length"":32,""min_run_length"":8},""size"":13107},{""generator"":""structured"",""parameters"":{""format"":""log"",""group_count"":16,""value_range"":[0,9999]},""size"":13107},{""generator"":""random"",""parameters"":{""distribution"":""uniform_bytes""},""size"":13107}]}",65536,6.412035386511389,256,0.101898193359375,0.00238037109375,0.29451438162813764,1.4174543095057857,32,0.248046875,0.19459830624856947,4.6744864166132105,2.5967682805571264
sample_000012,random,20260995,262144,"{""distribution"":""uniform_bytes""}",262144,7.999302234855807,256,0.00420379638671875,0.0037841796875,0.003746047004879016,1.0037601182407854,3,0.0,0.9809417724609375,7.954947190005401,0.004093644669231819
sample_000013,small_alphabet,20260996,262144,"{""alphabet"":[20,33,77,116,126,168,195,222],""alphabet_size"":8,""distribution"":""uniform""}",262144,2.9999744294792907,8,0.1258087158203125,0.0,0.1253476156143784,1.1433107268246943,7,0.0,0.0009765625,2.9988913470782603,0.0006236395412515807
sample_000014,repeated_pattern,20260997,262144,"{""pattern_hex"":""12e2de72cc95b0b2"",""pattern_length"":8}",262144,3.0,8,0.125,0.0,0.0,1.0,1,0.99993896484375,0.0001220703125,3.0,0.0
sample_000015,long_runs,20260998,262144,"{""byte_distribution"":""uniform_without_adjacent_run_duplicates"",""max_run_length"":32,""min_run_length"":8}",262144,7.986418886813571,256,0.0053863525390625,0.00452423095703125,0.9501493459676589,20.058458948657126,32,0.29656982421875,0.184906005859375,6.932473755524156,0.06411081500423943
sample_000016,structured,20260999,262144,"{""format"":""jsonl"",""group_count"":16,""value_range"":[0,9999]}",262144,4.5666555701580265,31,0.1614532470703125,0.0,0.012744952182587366,1.0129094330436663,4,0.4150390625,0.00250244140625,4.548562185901295,0.010525329150454022
sample_000017,mixed,20261000,262144,"{""segments"":[{""generator"":""repeated_pattern"",""parameters"":{""pattern_hex"":""c3f6cc50e348c4469389aad382cbc6504ac6b6458be119d12f51868e9240a6d6"",""pattern_length"":32},""size"":52429},{""generator"":""random"",""parameters"":{""distribution"":""uniform_bytes""},""size"":52429},{""generator"":""long_runs"",""parameters"":{""byte_distribution"":""uniform_without_adjacent_run_duplicates"",""max_run_length"":2048,""min_run_length"":512},""size"":52429},{""generator"":""structured"",""parameters"":{""format"":""csv"",""group_count"":16,""value_range"":[0,9999]},""size"":52429},{""generator"":""small_alphabet"",""parameters"":{""alphabet"":[30,86,97,124,125,132,138,145,149,152,176,181,192,215,217,229],""alphabet_size"":16,""distribution"":""uniform""},""size"":52428}]}",262144,6.990566359251894,256,0.04376220703125,0.000804901123046875,0.22230614588220932,1.2858516294857456,2001,0.39501953125,0.5544891357421875,4.452928486955162,1.9771963612587806
sample_000018,random,20261001,1048576,"{""distribution"":""uniform_bytes""}",1048576,7.999846383247164,256,0.0040454864501953125,0.00395965576171875,0.003976825692010586,1.0039927001568356,3,0.0,1.0,7.95436934073174,0.0040884701909008675
sample_000019,small_alphabet,20261002,1048576,"{""alphabet"":[72,180,189,207],""alphabet_size"":4,""distribution"":""uniform""}",1048576,1.9999992154146404,4,0.2503957748413086,0.0,0.25025677705457405,1.3337895576362662,10,1.52587890625e-05,0.000244140625,1.9994058735251823,0.00045744664650978947
sample_000020,repeated_pattern,20261003,1048576,"{""pattern_hex"":""9cbf1b9c"",""pattern_length"":4}",1048576,1.5,3,0.5,0.0,0.24999928474358057,1.3333316379144822,2,0.9999847412109375,6.103515625e-05,1.5,0.0
sample_000021,long_runs,20261004,1048576,"{""byte_distribution"":""uniform_without_adjacent_run_duplicates"",""max_run_length"":128,""min_run_length"":32}",1048576,7.9832608012799335,256,0.00574493408203125,0.003911018371582031,0.9875831485587583,80.52960602104294,128,0.8114166259765625,0.1841278076171875,5.4185060605335815,0.08551163397213087
sample_000022,structured,20261005,1048576,"{""format"":""csv"",""group_count"":16,""value_range"":[0,9999]}",1048576,3.455938442382719,25,0.1987009048461914,0.0,0.04877381207829674,1.0512746219545575,5,0.0,0.0024566650390625,3.388194176536941,0.034399706412728194
sample_000023,mixed,20261006,1048576,"{""segments"":[{""generator"":""structured"",""parameters"":{""format"":""csv"",""group_count"":16,""value_range"":[0,9999]},""size"":209716},{""generator"":""small_alphabet"",""parameters"":{""alphabet"":[17,26,42,48,69,70,86,93,109,158,166,173,182,198,205,230],""alphabet_size"":16,""distribution"":""uniform""},""size"":209715},{""generator"":""repeated_pattern"",""parameters"":{""pattern_hex"":""b5fd782976aa506ef465eda48dd71e24db48bc6869f8473bda1332ac3ffd0b63"",""pattern_length"":32},""size"":209715},{""generator"":""random"",""parameters"":{""distribution"":""uniform_bytes""},""size"":209715},{""generator"":""long_runs"",""parameters"":{""byte_distribution"":""uniform_without_adjacent_run_duplicates"",""max_run_length"":512,""min_run_length"":128},""size"":209715}]}",1048576,7.162706186353053,256,0.04343605041503906,0.001800537109375,0.22245046849295472,1.2860913506353333,511,0.3869781494140625,0.9603118896484375,4.784291967590604,1.6762715761900189
sample_000024,random,20261007,16384,"{""distribution"":""uniform_bytes""}",16384,7.988764346245439,256,0.005615234375,0.00323486328125,0.003235060733687359,1.003245361582267,2,0.0,0.8828053470060429,7.952423646435182,0.005225539995200473
sample_000025,small_alphabet,20261008,16384,"{""alphabet"":[23,44,78,109,122,143,158,224],""alphabet_size"":8,""distribution"":""uniform""}",16384,2.9997046865911186,8,0.12738037109375,0.0,0.11926997497405847,1.1354123354123353,5,0.0,0.003906488433131905,2.998612677709994,0.0002508452188826492
sample_000026,repeated_pattern,20261009,16384,"{""pattern_hex"":""e68d66ee0b851dc85e8a21333a326ed6cdec107615569a2381d79555a9da7915cfe0573192ec31aaab9e12a661c8358920d10b76fe1400d3cec904ddc799a6ca48febbf072eb233b364b461850813376a89f1cee11f3a8ad0d27c0f8dd8c51caa91cb6aa5ca006425370b8424ffe7c578235084dbf2b80ec1605fdf8a5d99d89"",""pattern_length"":128}",16384,6.576057324168044,102,0.0234375,0.0078125,0.0,1.0,1,0.9921875,0.00781297686626381,6.576057324168044,0.0
sample_000027,long_runs,20261010,16384,"{""byte_distribution"":""uniform_without_adjacent_run_duplicates"",""max_run_length"":512,""min_run_length"":128}",16384,5.397406168738695,45,0.042724609375,0.0,0.9970090947933834,327.68,503,0.9091796875,0.005737654886162485,3.593553946751538,0.07444491949894044
sample_000028,structured,20261011,16384,"{""format"":""csv"",""group_count"":16,""value_range"":[0,9999]}",16384,3.3987609713063667,25,0.22491455078125,0.0,0.04468046145394616,1.04676718630207,4,0.0,0.009827259964597448,3.3822105694956015,0.037239460501293474
sample_000029,mixed,20261012,16384,"{""segments"":[{""generator"":""small_alphabet"",""parameters"":{""alphabet"":[35,113],""alphabet_size"":2,""distribution"":""uniform""},""size"":3277},{""generator"":""repeated_pattern"",""parameters"":{""pattern_hex"":""48fbe381a9ece68c"",""pattern_length"":8},""size"":3277},{""generator"":""structured"",""parameters"":{""format"":""log"",""group_count"":16,""value_range"":[0,9999]},""size"":3277},{""generator"":""random"",""parameters"":{""distribution"":""uniform_bytes""},""size"":3277},{""generator"":""long_runs"",""parameters"":{""byte_distribution"":""uniform_without_adjacent_run_duplicates"",""max_run_length"":2048,""min_run_length"":512},""size"":3276}]}",16384,5.765032127601422,256,0.11175537109375,0.0008544921875,0.30647622535555147,1.441872744873713,1818,0.4013671875,0.20679973142892022,4.3910301434626025,1.9348617336938472
sample_000030,random,20261013,65536,"{""distribution"":""uniform_bytes""}",65536,7.997090203095882,256,0.0045623779296875,0.0037689208984375,0.003799496452277409,1.0038139292661632,3,0.0,0.6315556572823682,7.953967841316375,0.004679307729524235
sample_000031,small_alphabet,20261014,65536,"{""alphabet"":[76,169,183,246],""alphabet_size"":4,""distribution"":""uniform""}",65536,1.999967602806724,4,0.252105712890625,0.0,0.24922560463874266,1.3319513037822897,8,0.0,0.00024414435034714275,1.9994421447085116,0.0005560103215791019
sample_000032,repeated_pattern,20261015,65536,"{""pattern_hex"":""96d8cc32cb0eb570"",""pattern_length"":8}",65536,3.0,8,0.125,0.0,0.0,1.0,1,0.999755859375,0.00012207217517357137,3.0,0.0
sample_000033,long_runs,20261016,65536,"{""byte_distribution"":""uniform_without_adjacent_run_duplicates"",""max_run_length"":128,""min_run_length"":32}",65536,7.72428338776821,244,0.0127410888671875,0.001708984375,0.9875028610666057,79.9219512195122,128,0.75390625,0.016098268101014723,5.420055695174769,0.11556704447989997
sample_000034,structured,20261017,65536,"{""format"":""csv"",""group_count"":16,""value_range"":[0,9999]}",65536,3.4199275400041222,25,0.2138824462890625,0.0,0.04554818036163882,1.047721059615354,4,0.0,0.002456702525368124,3.3868124374829818,0.028226384004772828
sample_000035,mixed,20261018,65536,"{""segments"":[{""generator"":""long_runs"",""parameters"":{""byte_distribution"":""uniform_without_adjacent_run_duplicates"",""max_run_length"":32,""min_run_length"":8},""size"":13108},{""generator"":""structured"",""parameters"":{""format"":""csv"",""group_count"":16,""value_range"":[0,9999]},""size"":13107},{""generator"":""random"",""parameters"":{""distribution"":""uniform_bytes""},""size"":13107},{""generator"":""repeated_pattern"",""parameters"":{""pattern_hex"":""ede86d562499c9d4a0cc67d8a7c9902427837a27d32e8a8617993257f69020937ae543d668b1399b6dd62621b804c78470626cf11775713e712c3a394a5e2665"",""pattern_length"":64},""size"":13107},{""generator"":""small_alphabet"",""parameters"":{""alphabet"":[1,165,186,210],""alphabet_size"":4,""distribution"":""uniform""},""size"":13107}]}",65536,6.887811834111434,256,0.0521392822265625,0.00189208984375,0.24852368963149463,1.3307072224816747,32,0.218017578125,0.19468986037994965,5.3379360606839725,2.111947694668174
sample_000036,random,20261019,262144,"{""distribution"":""uniform_bytes""}",262144,7.99929177193559,256,0.004222869873046875,0.0037689208984375,0.003940597307576399,1.0039561718962433,3,0.0,0.981201171875,7.95491552116647,0.004016546363867543
sample_000037,small_alphabet,20261020,262144,"{""alphabet"":[16,31,33,41,46,75,104,108,109,113,126,160,165,218,246,253],""alphabet_size"":16,""distribution"":""uniform""}",262144,3.99996713389141,16,0.06325531005859375,0.0,0.06228279984588564,1.066419328199433,5,0.0,0.00390625,3.9973117200384816,0.0008397868420860875
sample_000038,repeated_pattern,20261021,262144,"{""pattern_hex"":""f9e2e0f68580866296fc9094ca880edad0fa99f8a50ac50261f6e0fa4c679461bba18567039c6a50544b5fa32299a2a46ec7b33bcad45a7bfcf626662659da67"",""pattern_length"":64}",262144,5.538909765557392,50,0.046875,0.0,0.0,1.0,1,0.999755859375,0.0009765625,5.538909765557392,0.0
sample_000039,long_runs,20261022,262144,"{""byte_distribution"":""uniform_without_adjacent_run_duplicates"",""max_run_length"":512,""min_run_length"":128}",262144,7.724365197985001,246,0.016895294189453125,0.001758575439453125,0.9967918273614019,311.3349168646081,512,0.93670654296875,0.0165252685546875,3.6331949526921883,0.18120942509477944
sample_000040,structured,20261023,262144,"{""format"":""csv"",""group_count"":16,""value_range"":[0,9999]}",262144,3.4193476736230917,25,0.20494461059570312,0.0,0.04796618639444883,1.050382658172056,5,0.0,0.0024566650390625,3.3720736718824402,0.04030046334246431
sample_000041,mixed,20261024,262144,"{""segments"":[{""generator"":""long_runs"",""parameters"":{""byte_distribution"":""uniform_without_adjacent_run_duplicates"",""max_run_length"":512,""min_run_length"":128},""size"":52429},{""generator"":""random"",""parameters"":{""distribution"":""uniform_bytes""},""size"":52429},{""generator"":""repeated_pattern"",""parameters"":{""pattern_hex"":""f1885376cde927fe"",""pattern_length"":8},""size"":52429},{""generator"":""small_alphabet"",""parameters"":{""alphabet"":[12,35,66,73,95,100,114,134,137,139,145,182,192,203,205,213],""alphabet_size"":16,""distribution"":""uniform""},""size"":52429},{""generator"":""structured"",""parameters"":{""format"":""csv"",""group_count"":16,""value_range"":[0,9999]},""size"":52428}]}",262144,6.832401172321096,256,0.044994354248046875,0.001922607421875,0.2219704512422609,1.2852968287277649,512,0.382568359375,0.5548095703125,4.431239995640646,1.7836780840902622
sample_000042,random,20261025,1048576,"{""distribution"":""uniform_bytes""}",1048576,7.999832722570921,256,0.004040718078613281,0.004038810729980469,0.003849986886965644,1.0038648628725209,3,0.0,1.0,7.954977852450569,0.0039463263753732585
sample_000043,small_alphabet,20261026,1048576,"{""alphabet"":[68,116],""alphabet_size"":2,""distribution"":""uniform""}",1048576,0.999999033098604,2,0.5005788803100586,0.0,0.4998049734163031,1.9992182927131534,20,0.367889404296875,6.103515625e-05,0.9998388068219162,0.00022680385755011336
sample_000044,repeated_pattern,20261027,1048576,"{""pattern_hex"":""1758c60ce95fe5ce"",""pattern_length"":8}",1048576,3.0,8,0.125,0.0,0.0,1.0,1,0.9999847412109375,0.0001220703125,3.0,0.0
sample_000045,long_runs,20261028,1048576,"{""byte_distribution"":""uniform_without_adjacent_run_duplicates"",""max_run_length"":32,""min_run_length"":8}",1048576,7.995902418518214,256,0.0047206878662109375,0.004141807556152344,0.9498815058531817,19.952353769456177,32,0.3125152587890625,0.5548553466796875,6.9310542579405725,0.05851777585281769
sample_000046,structured,20261029,1048576,"{""format"":""log"",""group_count"":16,""value_range"":[0,9999]}",1048576,4.788597482040038,35,0.08776378631591797,0.0,0.016631142264501825,1.0169123986434392,4,0.6231842041015625,0.00262451171875,4.786648525642013,0.008363290134924295
sample_000047,mixed,20261030,1048576,"{""segments"":[{""generator"":""random"",""parameters"":{""distribution"":""uniform_bytes""},""size"":209716},{""generator"":""long_runs"",""parameters"":{""byte_distribution"":""uniform_without_adjacent_run_duplicates"",""max_run_length"":32,""min_run_length"":8},""size"":209715},{""generator"":""repeated_pattern"",""parameters"":{""pattern_hex"":""c079718b587174894a8b431af2e52577983be13572898e2302447f506f9bb0c5e5d9674947815c467f5817d0cfe1a064213037e61a294e987eab02c34a768747"",""pattern_length"":64},""size"":209715},{""generator"":""small_alphabet"",""parameters"":{""alphabet"":[19,57,71,102,159,170,181,214],""alphabet_size"":8,""distribution"":""uniform""},""size"":209715},{""generator"":""structured"",""parameters"":{""format"":""csv"",""group_count"":16,""value_range"":[0,9999]},""size"":209715}]}",1048576,7.067503247894192,256,0.04279136657714844,0.0013675689697265625,0.22581884939083996,1.2916869921703695,32,0.2580108642578125,0.9650115966796875,5.385085833217591,1.9346050856530999
sample_000048,random,20261031,16384,"{""distribution"":""uniform_bytes""}",16384,7.9885955904706485,256,0.00543212890625,0.00323486328125,0.003906488433131905,1.003921568627451,3,0.0,0.883537813587255,7.951983141608226,0.003327519424084432
sample_000049,small_alphabet,20261032,16384,"{""alphabet"":[42,58,76,239],""alphabet_size"":4,""distribution"":""uniform""}",16384,1.9999001139901753,4,0.25482177734375,0.0,0.2506866874198865,1.3345279791480003,8,0.0,0.0009766221082829762,1.99955796047204,0.0002620868614244846
sample_000050,repeated_pattern,20261033,16384,"{""pattern_hex"":""94862fda110a60908c5b6cc79194c8508bb12d96667b12f52b052c45614849f5f9bee7f8293ee7dfe3217427ae8b2a711ec7e116c24d05fc3c38acab12b76e4a1e2d9c6e98116fda733bfea51c5dd4ca2d53e28fb3a27d98653b9c14bebef2d731753153fb288d263c716b4789d83bbd900fdd41b5acad7056fe4b15a9c17d81"",""pattern_length"":128}",16384,6.560432324168044,101,0.0234375,0.0,0.00781297686626381,1.0078740157480315,2,0.9921875,0.00781297686626381,6.560432324168044,0.0
sample_000051,long_runs,20261034,16384,"{""byte_distribution"":""uniform_without_adjacent_run_duplicates"",""max_run_length"":32,""min_run_length"":8}",16384,7.69528202166016,242,0.01226806640625,0.0025634765625,0.9504364280046389,20.152521525215253,32,0.15625,0.06409082585607032,6.910570635744035,0.06547261393363835
sample_000052,structured,20261035,16384,"{""format"":""csv"",""group_count"":16,""value_range"":[0,9999]}",16384,3.398159452117532,25,0.2247314453125,0.0,0.047427211133492034,1.0497853527263408,4,0.0,0.009827259964597448,3.378736505197294,0.03883209643060142
sample_000053,mixed,20261036,16384,"{""segments"":[{""generator"":""structured"",""parameters"":{""format"":""jsonl"",""group_count"":16,""value_range"":[0,9999]},""size"":3277},{""generator"":""random"",""parameters"":{""distribution"":""uniform_bytes""},""size"":3277},{""generator"":""repeated_pattern"",""parameters"":{""pattern_hex"":""5a545dbc52d4f005633c9d4cfb85273bbb930d8ce18c2002e4a4bada9d0015692da46c6c2dab0f1d4c06fd5ed86a64e14afa7669d0b3351eb94283da0144196c0fae981c5fc5fca8deac20c1aa68e5297aa05b399a1adeda6bfacfdd695442836aef185fbeee47d9c22fa4e4ba99bee9af428bc8efaf76ce0f5a553262646718"",""pattern_length"":128},""size"":3277},{""generator"":""long_runs"",""parameters"":{""byte_distribution"":""uniform_without_adjacent_run_duplicates"",""max_run_length"":32,""min_run_length"":8},""size"":3277},{""generator"":""small_alphabet"",""parameters"":{""alphabet"":[89,177],""alphabet_size"":2,""distribution"":""uniform""},""size"":3276}]}",16384,6.880385856040224,256,0.10382080078125,0.00384521484375,0.2909113105047916,1.41022551213634,32,0.2314453125,0.22822437892937802,5.76068390755736,1.975829126848374
sample_000054,random,20261037,65536,"{""distribution"":""uniform_bytes""}",65536,7.996821792414191,256,0.0045928955078125,0.0038299560546875,0.004364080262455177,1.004383141762452,3,0.0,0.6311284046692607,7.953479941473005,0.003252157767806141
sample_000055,small_alphabet,20261038,65536,"{""alphabet"":[10,80,89,116,170,209,217,243],""alphabet_size"":8,""distribution"":""uniform""}",65536,2.999939643690193,8,0.1265869140625,0.0,0.12375066758220798,1.1412252289903528,6,0.0,0.000976577401388571,2.9988325803624303,0.0005546224803931728
sample_000056,repeated_pattern,20261039,65536,"{""pattern_hex"":""2ee600a3ffee84fe2dc9c12ab96dc7db0993b6dd4f0da858d04033e68a11268ed4611a454d50ace948909ed81fd64bea06a705061231cd6ccdee72049d03a99c"",""pattern_length"":64}",65536,5.875,60,0.03125,0.015625,0.0,1.0,1,0.9990234375,0.000976577401388571,5.875,0.0
sample_000057,long_runs,20261040,65536,"{""byte_distribution"":""uniform_without_adjacent_run_duplicates"",""max_run_length"":32,""min_run_length"":8}",65536,7.949929647953698,256,0.0077972412109375,0.005462646484375,0.9501640344853894,20.059993878175696,32,0.24560546875,0.05253681239032578,6.924176029942984,0.054953553438427206
sample_000058,structured,20261041,65536,"{""format"":""log"",""group_count"":16,""value_range"":[0,9999]}",65536,4.788796416290721,35,0.0876617431640625,0.0,0.016693369954985885,1.0169765060054001,4,0.340087890625,0.0026245517662317848,4.786723597332953,0.007101985004972796
sample_000059,mixed,20261042,65536,"{""segments"":[{""generator"":""long_runs"",""parameters"":{""byte_distribution"":""uniform_without_adjacent_run_duplicates"",""max_run_length"":2048,""min_run_length"":512},""size"":13108},{""generator"":""repeated_pattern"",""parameters"":{""pattern_hex"":""945fada2308fd04b"",""pattern_length"":8},""size"":13107},{""generator"":""small_alphabet"",""parameters"":{""alphabet"":[146,232],""alphabet_size"":2,""distribution"":""uniform""},""size"":13107},{""generator"":""random"",""parameters"":{""distribution"":""uniform_bytes""},""size"":13107},{""generator"":""structured"",""parameters"":{""format"":""csv"",""group_count"":16,""value_range"":[0,9999]},""size"":13107}]}",65536,5.856276298556461,256,0.1009521484375,0.0007171630859375,0.310078583962768,1.4494304987282982,1969,0.39501953125,0.18361181048294806,3.664990386428464,2.2001047346796083
sample_000060,random,20261043,262144,"{""distribution"":""uniform_bytes""}",262144,7.999276452680174,256,0.00424957275390625,0.003971099853515625,0.00386811778304208,1.0038831233485237,3,0.0,0.98089599609375,7.954229963678584,0.004111371247326692
sample_000061,small_alphabet,20261044,262144,"{""alphabet"":[10,99,119,204],""alphabet_size"":4,""distribution"":""uniform""}",262144,1.9999944314353348,4,0.2510223388671875,0.0,0.2505273839087826,1.3342698630834224,10,0.0,0.000244140625,1.999382229427125,0.00045224534886309785
sample_000062,repeated_pattern,20261045,262144,"{""pattern_hex"":""f01584b448bd3d51459a933fecbc3d7c8b5cc61e4b76dbd83d235afb1ba595a5eee100035a003d1a123b39a6109d2be97092b3ddbb8e46ee48916b6272a45971dd00c847ec4bda19cd58c226f0d204618c1599420dbee404e2fc61605bcc6c31a1202041372d2cf08fffb3630a5b3a72da3d069cf8b68becc45bf50f000560c4"",""pattern_length"":128}",262144,6.485357007961506,99,0.0390625,0.03125,0.007812529802436075,1.0078740157480315,2,0.99951171875,0.001953125,6.485357007961506,0.0
sample_000063,long_runs,20261046,262144,"{""byte_distribution"":""uniform_without_adjacent_run_duplicates"",""max_run_length"":32,""min_run_length"":8}",262144,7.984643274220265,256,0.005573272705078125,0.004741668701171875,0.9500768664431245,20.029339853300733,32,0.2943115234375,0.184173583984375,6.928349629866892,0.05930164447829698
sample_000064,structured,20261047,262144,"{""format"":""log"",""group_count"":16,""value_range"":[0,9999]}",262144,4.788416974625653,35,0.08772659301757812,0.0,0.016578737559271084,1.0168581602650137,4,0.5242919921875,0.00262451171875,4.786258561591059,0.007063840849630444
sample_000065,mixed,20261048,262144,"{""segments"":[{""generator"":""structured"",""parameters"":{""format"":""log"",""group_count"":16,""value_range"":[0,9999]},""size"":52429},{""generator"":""repeated_pattern"",""parameters"":{""pattern_hex"":""33906d4513c731c15e2c994b2119a256b6e885adb33e942e754591cd6e5bb09bc2336a03a36a5706b2d4067ddbcea64cb0dbac7c1ded9151e8fee9e4dd17e038"",""pattern_length"":64},""size"":52429},{""generator"":""random"",""parameters"":{""distribution"":""uniform_bytes""},""size"":52429},{""generator"":""long_runs"",""parameters"":{""byte_distribution"":""uniform_without_adjacent_run_duplicates"",""max_run_length"":2048,""min_run_length"":512},""size"":52429},{""generator"":""small_alphabet"",""parameters"":{""alphabet"":[4,168],""alphabet_size"":2,""distribution"":""uniform""},""size"":52428}]}",262144,6.723887615080769,256,0.10087966918945312,0.000812530517578125,0.30456277680502625,1.4379419105345437,2007,0.46063232421875,0.5544281005859375,4.298781815229946,2.529945639857865
sample_000066,random,20261049,1048576,"{""distribution"":""uniform_bytes""}",1048576,7.999795819265271,256,0.004179954528808594,0.0039882659912109375,0.003953937486588942,1.0039696293672147,3,0.0,0.9999847412109375,7.954218292049121,0.004178641016960457
sample_000067,small_alphabet,20261050,1048576,"{""alphabet"":[118,126],""alphabet_size"":2,""distribution"":""uniform""}",1048576,0.9999997747110082,2,0.500279426574707,0.0,0.5002789500035763,2.0011145123245218,21,0.3704376220703125,6.103515625e-05,0.9998158977877237,0.0002831614959510804
sample_000068,repeated_pattern,20261051,1048576,"{""pattern_hex"":""49d06ca4d4ae815320f57c5b9c4228a8f32910ec4a2781c962c4d4066d011b08b944fbfc89e64319130806bb17d5e3c6517eb31ecfc21193cc73fd10441fab0ff9a7177b711ed231c0dce0f5fe95906df284c0b3dc45933bbc455f00bb39b2a15b46e26fc1bd2c732b8bd7040a80616c625ceff1cfb845eb755190bf2fdbccf3"",""pattern_length"":128}",1048576,6.587852441389348,102,0.0234375,0.0078125,0.0,1.0,1,0.9998779296875,0.001953125,6.587852441389348,0.0
sample_000069,long_runs,20261052,1048576,"{""byte_distribution"":""uniform_without_adjacent_run_duplicates"",""max_run_length"":512,""min_run_length"":128}",1048576,7.940132919910738,256,0.007927894592285156,0.0023651123046875,0.9968643158572348,318.81301307388264,512,0.9489593505859375,0.0529632568359375,3.6086413884019093,0.15631686948047868
sample_000070,structured,20261053,1048576,"{""format"":""csv"",""group_count"":16,""value_range"":[0,9999]}",1048576,3.455651683580359,25,0.19866085052490234,0.0,0.0489120949860525,1.0514274713021714,5,0.0,0.0024566650390625,3.3882371205201545,0.03358729037891073
sample_000071,mixed,20261054,1048576,"{""segments"":[{""generator"":""long_runs"",""parameters"":{""byte_distribution"":""uniform_without_adjacent_run_duplicates"",""max_run_length"":512,""min_run_length"":128},""size"":209716},{""generator"":""structured"",""parameters"":{""format"":""jsonl"",""group_count"":16,""value_range"":[0,9999]},""size"":209715},{""generator"":""random"",""parameters"":{""distribution"":""uniform_bytes""},""size"":209715},{""generator"":""small_alphabet"",""parameters"":{""alphabet"":[24,143,153,169],""alphabet_size"":4,""distribution"":""uniform""},""size"":209715},{""generator"":""repeated_pattern"",""parameters"":{""pattern_hex"":""3253cdb90b8045c84ac98f65cea5713286e4e3cbe0dd1b44771c74f506772ebc9b8ced3330fc00a45a5e0484699746c649156949257835a9e3a4352447420241"",""pattern_length"":64},""size"":209715}]}",1048576,7.027037590815571,256,0.055324554443359375,0.004197120666503906,0.2526171232386811,1.3380018578822184,512,0.46783447265625,0.959869384765625,4.787038669205838,2.001918248081248
sample_000072,random,20261055,16384,"{""distribution"":""uniform_bytes""}",16384,7.988832893145304,256,0.005126953125,0.00372314453125,0.003723371787828847,1.0037370581388225,2,0.0,0.8857352133308918,7.954206254918176,0.0032431654318599385
sample_000073,small_alphabet,20261056,16384,"{""alphabet"":[14,20,150,157,165,167,189,198],""alphabet_size"":8,""distribution"":""uniform""}",16384,2.9996778272192013,8,0.12896728515625,0.0,0.1269608740767869,1.145413870246085,5,0.0,0.003906488433131905,2.9989417488646355,0.0004116424788654348
sample_000074,repeated_pattern,20261057,16384,"{""pattern_hex"":""8423cca3a45fe5672be643ba337ecf25"",""pattern_length"":16}",16384,4.0,16,0.0625,0.0,0.0,1.0,1,0.9990234375,0.0009766221082829762,4.0,0.0
sample_000075,long_runs,20261058,16384,"{""byte_distribution"":""uniform_without_adjacent_run_duplicates"",""max_run_length"":32,""min_run_length"":8}",16384,7.696722587701781,244,0.01129150390625,0.0,0.9508637001770127,20.327543424317618,32,0.1298828125,0.06360251480192883,6.878713188039899,0.05968346057896142
sample_000076,structured,20261059,16384,"{""format"":""csv"",""group_count"":16,""value_range"":[0,9999]}",16384,3.4008660080709556,25,0.2242431640625,0.0,0.046633705670512116,1.048911651728553,4,0.0,0.009827259964597448,3.384973823832709,0.03596279920740388
sample_000077,mixed,20261060,16384,"{""segments"":[{""generator"":""structured"",""parameters"":{""format"":""log"",""group_count"":16,""value_range"":[0,9999]},""size"":3277},{""generator"":""long_runs"",""parameters"":{""byte_distribution"":""uniform_without_adjacent_run_duplicates"",""max_run_length"":2048,""min_run_length"":512},""size"":3277},{""generator"":""random"",""parameters"":{""distribution"":""uniform_bytes""},""size"":3277},{""generator"":""small_alphabet"",""parameters"":{""alphabet"":[3,232],""alphabet_size"":2,""distribution"":""uniform""},""size"":3277},{""generator"":""repeated_pattern"",""parameters"":{""pattern_hex"":""bc84658a300f4f06fee7ac15309814c958a619ca443bd8e1961aec1b2132a7fb6b974af295341e5f22a0990620c161d58c6ab72fd033517e4400c483e97ac19d"",""pattern_length"":64},""size"":3276}]}",16384,6.1616960652620545,256,0.1151123046875,0.0037841796875,0.3033632423853995,1.4354301734711759,1873,0.4052734375,0.21015686992614296,4.9712223037483785,0.4091814428067162
sample_000078,random,20261061,65536,"{""distribution"":""uniform_bytes""}",65536,7.997244047054265,256,0.004547119140625,0.0040130615234375,0.0040588998245212485,1.0040753791941168,3,0.0,0.6318760967421988,7.9553286085895625,0.0037380584733081985
sample_000079,small_alphabet,20261062,65536,"{""alphabet"":[18,57,150,217,226,230,231,254],""alphabet_size"":8,""distribution"":""uniform""}",65536,2.9999286857635563,8,0.1263275146484375,0.0,0.12425421530479897,1.1418814141097346,7,0.0,0.000976577401388571,2.998930227587845,0.00046400844178834356
sample_000080,repeated_pattern,20261063,65536,"{""pattern_hex"":""e7ff435ae139b5959667d9d478290571e50bf0e45636c575fd720725e9159e0153668f8d012cbb1e59c3eeb63cfd05934963a30470703f70e871aab45e1ef72b"",""pattern_length"":64}",65536,5.769454882778696,57,0.046875,0.0,0.015625238422217136,1.0158730158730158,2,0.9990234375,0.000976577401388571,5.769454882778696,0.0
sample_000081,long_runs,20261064,65536,"{""byte_distribution"":""uniform_without_adjacent_run_duplicates"",""max_run_length"":32,""min_run_length"":8}",65536,7.940070912055859,256,0.0071868896484375,0.00506591796875,0.949782558937972,19.907654921020654,32,0.241455078125,0.052857251850156405,6.958654165684966,0.04511260180305624
sample_000082,structured,20261065,65536,"{""format"":""csv"",""group_count"":16,""value_range"":[0,9999]}",65536,3.419047896853655,25,0.2139129638671875,0.0,0.046677347981994355,1.0489620180226322,4,0.0,0.002456702525368124,3.386584993872361,0.028811225867866892
sample_000083,mixed,20261066,65536,"{""segments"":[{""generator"":""structured"",""parameters"":{""format"":""csv"",""group_count"":16,""value_range"":[0,9999]},""size"":13108},{""generator"":""random"",""parameters"":{""distribution"":""uniform_bytes""},""size"":13107},{""generator"":""long_runs"",""parameters"":{""byte_distribution"":""uniform_without_adjacent_run_duplicates"",""max_run_length"":128,""min_run_length"":32},""size"":13107},{""generator"":""repeated_pattern"",""parameters"":{""pattern_hex"":""3de5c6eb"",""pattern_length"":4},""size"":13107},{""generator"":""small_alphabet"",""parameters"":{""alphabet"":[25,111],""alphabet_size"":2,""distribution"":""uniform""},""size"":13107}]}",65536,6.132302276200205,256,0.101531982421875,0.000946044921875,0.3062638284885939,1.4414604640932585,128,0.33203125,0.1868467231250477,4.089265131791254,2.4281983847111435
sample_000084,random,20261067,262144,"{""distribution"":""uniform_bytes""}",262144,7.999320036690345,256,0.00421142578125,0.00402069091796875,0.003913894324853229,1.0039292580365964,3,0.0,0.9817657470703125,7.955411666295265,0.004434507216670849
sample_000085,small_alphabet,20261068,262144,"{""alphabet"":[49,59,71,130,138,141,142,175],""alphabet_size"":8,""distribution"":""uniform""}",262144,2.99998320633397,8,0.125701904296875,0.0,0.124275681593634,1.1419112586358606,7,0.0,0.0009765625,2.9988859359243043,0.0005419799067522665
sample_000086,repeated_pattern,20261069,262144,"{""pattern_hex"":""fbdc9911"",""pattern_length"":4}",262144,2.0,4,0.25,0.0,0.0,1.0,1,0.99993896484375,6.103515625e-05,2.0,0.0
sample_000087,long_runs,20261070,262144,"{""byte_distribution"":""uniform_without_adjacent_run_duplicates"",""max_run_length"":128,""min_run_length"":32}",262144,7.929347998438958,256,0.00780487060546875,0.002017974853515625,0.9875754836100906,80.46163290362185,128,0.79736328125,0.052520751953125,5.420908611860502,0.09467308742595197
sample_000088,structured,20261071,262144,"{""format"":""csv"",""group_count"":16,""value_range"":[0,9999]}",262144,3.419263647353898,25,0.20490646362304688,0.0,0.04804629534261834,1.050471049773792,5,0.0,0.0024566650390625,3.3723152141655155,0.040810830570648104
sample_000089,mixed,20261072,262144,"{""segments"":[{""generator"":""small_alphabet"",""parameters"":{""alphabet"":[22,45,51,91,112,197,204,222],""alphabet_size"":8,""distribution"":""uniform""},""size"":52429},{""generator"":""long_runs"",""parameters"":{""byte_distribution"":""uniform_without_adjacent_run_duplicates"",""max_run_length"":32,""min_run_length"":8},""size"":52429},{""generator"":""repeated_pattern"",""parameters"":{""pattern_hex"":""25049eccb578a77fb7293222472af67bf4c7fc75ffa731eb6b6985bfd569806f4a72117fbf7c4f3672caa7be20cea71c437192edf8b1171b77e285dab7b01ed5"",""pattern_length"":64},""size"":52429},{""generator"":""random"",""parameters"":{""distribution"":""uniform_bytes""},""size"":52429},{""generator"":""structured"",""parameters"":{""format"":""log"",""group_count"":16,""value_range"":[0,9999]},""size"":52428}]}",262144,7.200207452863934,256,0.036212921142578125,0.001277923583984375,0.219365003070843,1.281007041668499,32,0.30694580078125,0.57171630859375,5.698614727641333,1.7012996774064573
sample_000090,random,20261073,1048576,"{""distribution"":""uniform_bytes""}",1048576,7.999816244068849,256,0.0040740966796875,0.00385284423828125,0.003880504494194502,1.0038956177411926,3,0.0,1.0,7.954463719680632,0.003988914353319033
sample_000091,small_alphabet,20261074,1048576,"{""alphabet"":[47,79,84,252],""alphabet_size"":4,""distribution"":""uniform""}",1048576,1.9999965159281987,4,0.25076770782470703,0.0,0.24984955773311399,1.333065510621798,11,0.0,0.000244140625,1.9994434640442358,0.000461840402926872
sample_000092,repeated_pattern,20261075,1048576,"{""pattern_hex"":""45351e4cb33194d8"",""pattern_length"":8}",1048576,3.0,8,0.125,0.0,0.0,1.0,1,0.9999847412109375,0.0001220703125,3.0,0.0
sample_000093,long_runs,20261076,1048576,"{""byte_distribution"":""uniform_without_adjacent_run_duplicates"",""max_run_length"":512,""min_run_length"":128}",1048576,7.935512578414236,256,0.007248878479003906,0.005832672119140625,0.996891972438786,321.64907975460125,512,0.9494781494140625,0.0524749755859375,3.6064571457411057,0.14580615599559815
sample_000094,structured,20261077,1048576,"{""format"":""jsonl"",""group_count"":16,""value_range"":[0,9999]}",1048576,4.5790874021668735,31,0.1592578887939453,0.0,0.013840688553513102,1.014034928239382,5,0.450286865234375,0.00250244140625,4.556193722130876,0.011717097161249091
sample_000095,mixed,20261078,1048576,"{""segments"":[{""generator"":""random"",""parameters"":{""distribution"":""uniform_bytes""},""size"":209716},{""generator"":""repeated_pattern"",""parameters"":{""pattern_hex"":""2e35f5ecb519cee37ec28f1cb736f9ea5117b6ef058c2c0d37d09ec9f3073f15"",""pattern_length"":32},""size"":209715},{""generator"":""small_alphabet"",""parameters"":{""alphabet"":[12,17,26,31,49,92,101,207],""alphabet_size"":8,""distribution"":""uniform""},""size"":209715},{""generator"":""structured"",""parameters"":{""format"":""jsonl"",""group_count"":16,""value_range"":[0,9999]},""size"":209715},{""generator"":""long_runs"",""parameters"":{""byte_distribution"":""uniform_without_adjacent_run_duplicates"",""max_run_length"":2048,""min_run_length"":512},""size"":209715}]}",1048576,7.075339888444228,256,0.038227081298828125,0.002269744873046875,0.22812674343752234,1.2955491198070594,2048,0.4767913818359375,0.9608306884765625,4.486523726479741,2.06270900596219
sample_000096,random,20261079,16384,"{""distribution"":""uniform_bytes""}",16384,7.988642949295636,256,0.00531005859375,0.0037841796875,0.003357138497222731,1.0033682405536162,2,0.0,0.8820118415430629,7.952429305531254,0.004770922862824147
sample_000097,small_alphabet,20261080,16384,"{""alphabet"":[17,39,200,205],""alphabet_size"":4,""distribution"":""uniform""}",16384,1.9998389656364082,4,0.25579833984375,0.0,0.24507111029725936,1.3246018271485165,9,0.0,0.0009766221082829762,1.9991343584988797,0.0004323585388286562
sample_000098,repeated_pattern,20261081,16384,"{""pattern_hex"":""a5bf2ad7f6d4862e7f9c66de5ee2f8aee8f4e637f356cc9f554fa5b7ee1ff8cc"",""pattern_length"":32}",16384,4.8125,29,0.0625,0.0,0.0,1.0,1,0.998046875,0.0019532442165659525,4.8125,0.0
sample_000099,long_runs,20261082,16384,"{""byte_distribution"":""uniform_without_adjacent_run_duplicates"",""max_run_length"":32,""min_run_length"":8}",16384,7.729193620628032,248,0.01129150390625,0.00390625,0.9502533113593359,20.07843137254902,32,0.126953125,0.0645791369102118,6.917509807924025,0.03084460393651255
sample_000100,structured,20261083,16384,"{""format"":""csv"",""group_count"":16,""value_range"":[0,9999]}",16384,3.4037193579387033,25,0.22418212890625,0.0,0.04779344442409815,1.0501890904429203,4,0.0,0.009827259964597448,3.3875937618892067,0.030697268948832998
sample_000101,mixed,20261084,16384,"{""segments"":[{""generator"":""long_runs"",""parameters"":{""byte_distribution"":""uniform_without_adjacent_run_duplicates"",""max_run_length"":32,""min_run_length"":8},""size"":3277},{""generator"":""repeated_pattern"",""parameters"":{""pattern_hex"":""279ca6e0449ef464"",""pattern_length"":8},""size"":3277},{""generator"":""random"",""parameters"":{""distribution"":""uniform_bytes""},""size"":3277},{""generator"":""small_alphabet"",""parameters"":{""alphabet"":[22,75,84,178,202,217,231,239],""alphabet_size"":8,""distribution"":""uniform""},""size"":3277},{""generator"":""structured"",""parameters"":{""format"":""jsonl"",""group_count"":16,""value_range"":[0,9999]},""size"":3276}]}",16384,6.806407253327127,256,0.0343017578125,0.00128173828125,0.2177867301471037,1.2784019975031211,32,0.2412109375,0.2252334737227614,5.804419941790122,0.5942776389465365
sample_000102,random,20261085,65536,"{""distribution"":""uniform_bytes""}",65536,7.9973380791730015,256,0.0046539306640625,0.00421142578125,0.004287785152971695,1.0043061834342195,2,0.0,0.6309147783627069,7.954632647854506,0.004974823383467033
sample_000103,small_alphabet,20261086,65536,"{""alphabet"":[36,57,63,64,124,200,229,239],""alphabet_size"":8,""distribution"":""uniform""}",65536,2.999958416719199,8,0.1259307861328125,0.0,0.12513923857480735,1.1430365396354758,5,0.0,0.000976577401388571,2.9990952502515875,0.0003730748393411602
sample_000104,repeated_pattern,20261087,65536,"{""pattern_hex"":""1e981253520b59349cb0ddc23dc246a9af1e86bef6cfd8819073260502509d26cba479c96c8936c03ba5dc612e04c14cd2860643dc94e74c86d06a6f6e85463aa73143d10f2448f4eeba6757ab0fcdb737c429e22b371bc801e34c549fad6f3df028586f24b57a25622025c4a65aff8cc66e5de5f6f31812c94b54631c676d8f"",""pattern_length"":128}",65536,6.607307324168044,104,0.0234375,0.0,0.0,1.0,1,0.998046875,0.001953154802777142,6.607307324168044,0.0
sample_000105,long_runs,20261088,65536,"{""byte_distribution"":""uniform_without_adjacent_run_duplicates"",""max_run_length"":128,""min_run_length"":32}",65536,7.721205903550066,244,0.01226806640625,0.0030975341796875,0.9876096742198825,80.61008610086101,128,0.7529296875,0.01602197299153124,5.420266730616805,0.08865256646875573
sample_000106,structured,20261089,65536,"{""format"":""jsonl"",""group_count"":16,""value_range"":[0,9999]}",65536,4.548103801575122,31,0.1634521484375,0.0,0.012039368276493477,1.0121858927826772,4,0.35986328125,0.0025024795910582134,4.536607219034264,0.00869414038559143
sample_000107,mixed,20261090,65536,"{""segments"":[{""generator"":""long_runs"",""parameters"":{""byte_distribution"":""uniform_without_adjacent_run_duplicates"",""max_run_length"":32,""min_run_length"":8},""size"":13108},{""generator"":""small_alphabet"",""parameters"":{""alphabet"":[36,37,128,133],""alphabet_size"":4,""distribution"":""uniform""},""size"":13107},{""generator"":""structured"",""parameters"":{""format"":""log"",""group_count"":16,""value_range"":[0,9999]},""size"":13107},{""generator"":""random"",""parameters"":{""distribution"":""uniform_bytes""},""size"":13107},{""generator"":""repeated_pattern"",""parameters"":{""pattern_hex"":""65b75e81bf3f828605b5c8fb90b418f73090a2abab9a640d298e46f190b9ae0a5cd2328b85885c4dbce8018977bf32bba47324d1b349ea4822d7e54fb1fc5bbb6812db649e48c4fde6a9d6eeed3cf7ab303d1ef498804d7bf2fcc1bf79c82b6b8d90e84dbbb013d812baba3d6f13d695888551e1794fb04780647231b6a445ae"",""pattern_length"":128},""size"":13107}]}",65536,7.113224451606299,256,0.0566864013671875,0.001495361328125,0.24707408255130847,1.3281452658884565,32,0.24755859375,0.19707026779583428,5.759695632925811,1.9043376439207504
sample_000108,random,20261091,262144,"{""distribution"":""uniform_bytes""}",262144,7.999326057185714,256,0.00421905517578125,0.004032135009765625,0.0038757472066772714,1.0038908121687449,3,0.0,0.9817047119140625,7.953913154213284,0.0038986476622323526
sample_000109,small_alphabet,20261092,262144,"{""alphabet"":[7,197],""alphabet_size"":2,""distribution"":""uniform""}",262144,0.9999993439381525,2,0.5004768371582031,0.0,0.500688555483076,2.002750359074657,17,0.11358642578125,6.103515625e-05,0.9998237137549295,0.000260310092515824
sample_000110,repeated_pattern,20261093,262144,"{""pattern_hex"":""b5c04c7bf5c6e97c1e2ad67d4e0315d266dd961b30e918cb7561a7cdc25588c90244848c56ec9f579b66ce8a0beff409f997ccc23ce3c33834dc8bf4d727895d"",""pattern_length"":64}",262144,5.875,60,0.03125,0.0,0.0,1.0,1,0.999755859375,0.0009765625,5.875,0.0
sample_000111,long_runs,20261094,262144,"{""byte_distribution"":""uniform_without_adjacent_run_duplicates"",""max_run_length"":32,""min_run_length"":8}",262144,7.9836680378636435,256,0.0055694580078125,0.003971099853515625,0.9498403543104336,19.93490494296578,32,0.29510498046875,0.185821533203125,6.92461251817774,0.061247713672643075
sample_000112,structured,20261095,262144,"{""format"":""csv"",""group_count"":16,""value_range"":[0,9999]}",262144,3.4181499075961628,25,0.20476150512695312,0.0,0.04767245358449396,1.0500586828601985,5,0.0,0.0024566650390625,3.370807117461258,0.038990427054076744
sample_000113,mixed,20261096,262144,"{""segments"":[{""generator"":""structured"",""parameters"":{""format"":""jsonl"",""group_count"":16,""value_range"":[0,9999]},""size"":52429},{""generator"":""long_runs"",""parameters"":{""byte_distribution"":""uniform_without_adjacent_run_duplicates"",""max_run_length"":2048,""min_run_length"":512},""size"":52429},{""generator"":""random"",""parameters"":{""distribution"":""uniform_bytes""},""size"":52429},{""generator"":""repeated_pattern"",""parameters"":{""pattern_hex"":""fa9ee74b4de5a8e2301a0b47e7cb1b2422373ffa9a050aefb7c4aa4a362445672b87e8cc822a98ede581c78f8eff8f2fd070442e664c06be97e1cba9727ef8c4"",""pattern_length"":64},""size"":52429},{""generator"":""small_alphabet"",""parameters"":{""alphabet"":[95,222],""alphabet_size"":2,""distribution"":""uniform""},""size"":52428}]}",262144,6.6868753596541515,256,0.10088729858398438,0.004673004150390625,0.302102287682677,1.4328723694998633,2045,0.46875,0.5546112060546875,4.252261417081658,2.5100195911024064
sample_000114,random,20261097,1048576,"{""distribution"":""uniform_bytes""}",1048576,7.999842103831084,256,0.004046440124511719,0.003925323486328125,0.003818515604510884,1.003833148887774,3,0.0,1.0,7.954580076125766,0.003998809778080851
sample_000115,small_alphabet,20261098,1048576,"{""alphabet"":[15,61,78,114,132,137,187,195],""alphabet_size"":8,""distribution"":""uniform""}",1048576,2.99999561328628,8,0.1256732940673828,0.0,0.1251374484419331,1.1430365396354758,8,0.0,0.0009765625,2.9988272598180017,0.0006195677000925097
sample_000116,repeated_pattern,20261099,1048576,"{""pattern_hex"":""4f5d7baa39525bc8b8e7ce2aa68e5cbe717c9716ba509526d93ba82f470d72b0a3c9cdf0750998651c413c87827494cedd56c476f9099224d09d25c738216e0f"",""pattern_length"":64}",1048576,5.9375,62,0.03125,0.0,0.0,1.0,1,0.99993896484375,0.0009765625,5.9375,0.0
sample_000117,long_runs,20261100,1048576,"{""byte_distribution"":""uniform_without_adjacent_run_duplicates"",""max_run_length"":512,""min_run_length"":128}",1048576,7.940445840313177,256,0.007174491882324219,0.0032806396484375,0.9968633621820089,318.7161094224924,512,0.9493408203125,0.05303955078125,3.60928141115166,0.14565645091507265
sample_000118,structured,20261101,1048576,"{""format"":""log"",""group_count"":16,""value_range"":[0,9999]}",1048576,4.789393520767757,35,0.0876922607421875,0.0,0.016541496793267052,1.0168197038296949,4,0.6242218017578125,0.00262451171875,4.787450089686538,0.0076756334213164
sample_000119,mixed,20261102,1048576,"{""segments"":[{""generator"":""repeated_pattern"",""parameters"":{""pattern_hex"":""77b5256a"",""pattern_length"":4},""size"":209716},{""generator"":""long_runs"",""parameters"":{""byte_distribution"":""uniform_without_adjacent_run_duplicates"",""max_run_length"":32,""min_run_length"":8},""size"":209715},{""generator"":""small_alphabet"",""parameters"":{""alphabet"":[2,36,39,66,68,119,127,128,137,186,193,211,218,224,233,235],""alphabet_size"":16,""distribution"":""uniform""},""size"":209715},{""generator"":""random"",""parameters"":{""distribution"":""uniform_bytes""},""size"":209715},{""generator"":""structured"",""parameters"":{""format"":""log"",""group_count"":16,""value_range"":[0,9999]},""size"":209715}]}",1048576,6.913734351612384,256,0.06414031982421875,0.0014696121215820312,0.20667668025653863,1.2605197990046402,32,0.3595123291015625,0.9653167724609375,5.141953786971347,2.111281649911652
sample_000120,random,20261103,16384,"{""distribution"":""uniform_bytes""}",16384,7.9868487396050885,256,0.005859375,0.0042724609375,0.003174021851919673,1.003183933382317,2,0.0,0.8817066471342245,7.9523356924611495,0.002740099545879183
sample_000121,small_alphabet,20261104,16384,"{""alphabet"":[10,165,189,255],""alphabet_size"":4,""distribution"":""uniform""}",16384,1.9999304600914434,4,0.251708984375,0.0,0.24928279313922969,1.3320325203252033,8,0.0,0.0009766221082829762,1.9993281938299203,0.00025922096165210257
sample_000122,repeated_pattern,20261105,16384,"{""pattern_hex"":""f267ddcc190272ae"",""pattern_length"":8}",16384,3.0,8,0.125,0.0,0.0,1.0,1,0.9990234375,0.0004883110541414881,3.0,0.0
sample_000123,long_runs,20261106,16384,"{""byte_distribution"":""uniform_without_adjacent_run_duplicates"",""max_run_length"":32,""min_run_length"":8}",16384,7.703538556337808,244,0.01519775390625,0.000732421875,0.9500091558322652,19.98048780487805,32,0.1298828125,0.06470121467374718,6.897151015482268,0.04675276732570692
sample_000124,structured,20261107,16384,"{""format"":""log"",""group_count"":16,""value_range"":[0,9999]}",16384,4.785608093931034,35,0.087646484375,0.0,0.01715192577671977,1.0174501645656089,3,0.1474609375,0.010498687664041995,4.784696858470784,0.00498904248502516
sample_000125,mixed,20261108,16384,"{""segments"":[{""generator"":""structured"",""parameters"":{""format"":""csv"",""group_count"":16,""value_range"":[0,9999]},""size"":3277},{""generator"":""small_alphabet"",""parameters"":{""alphabet"":[14,18,57,59,60,66,67,92,113,117,138,139,173,188,218,243],""alphabet_size"":16,""distribution"":""uniform""},""size"":3277},{""generator"":""random"",""parameters"":{""distribution"":""uniform_bytes""},""size"":3277},{""generator"":""long_runs"",""parameters"":{""byte_distribution"":""uniform_without_adjacent_run_duplicates"",""max_run_length"":512,""min_run_length"":128},""size"":3277},{""generator"":""repeated_pattern"",""parameters"":{""pattern_hex"":""f732ebff48ee6fa4"",""pattern_length"":8},""size"":3276}]}",16384,6.249904230599946,256,0.04742431640625,0.001220703125,0.21894646890068975,1.2803000703289833,492,0.37890625,0.22151010193493256,4.884705810749478,1.2278689836853922
sample_000126,random,20261109,65536,"{""distribution"":""uniform_bytes""}",65536,7.997033597766982,256,0.004547119140625,0.003753662109375,0.004165712977798123,1.0041830746364708,3,0.0,0.6318608377203021,7.954594391391365,0.0028406447240258994
sample_000127,small_alphabet,20261110,65536,"{""alphabet"":[89,92,117,163,167,191,206,241],""alphabet_size"":8,""distribution"":""uniform""}",65536,2.9999563156241242,8,0.126251220703125,0.0,0.12515449759670405,1.1430564760874873,5,0.0,0.000976577401388571,2.998593454015618,0.0007680102857595039
sample_000128,repeated_pattern,20261111,65536,"{""pattern_hex"":""bf0545e2f171f4f7bd5d9344457b6c58ab8513283473517510155d5046bb1acd"",""pattern_length"":32}",65536,4.875,30,0.0625,0.0,0.0,1.0,1,0.99951171875,0.0004882887006942855,4.875,0.0
sample_000129,long_runs,20261112,65536,"{""byte_distribution"":""uniform_without_adjacent_run_duplicates"",""max_run_length"":128,""min_run_length"":32}",65536,7.734671168595264,244,0.0108795166015625,0.002410888671875,0.9875028610666057,79.9219512195122,128,0.753662109375,0.016189822232394905,5.430386593866091,0.07900209668217992
sample_000130,structured,20261113,65536,"{""format"":""jsonl"",""group_count"":16,""value_range"":[0,9999]}",65536,4.549683661197484,31,0.1634063720703125,0.0,0.012481879911497674,1.0126394511573287,4,0.3525390625,0.0025024795910582134,4.53864069512927,0.00976823924704926
sample_000131,mixed,20261114,65536,"{""segments"":[{""generator"":""structured"",""parameters"":{""format"":""log"",""group_count"":16,""value_range"":[0,9999]},""size"":13108},{""generator"":""long_runs"",""parameters"":{""byte_distribution"":""uniform_without_adjacent_run_duplicates"",""max_run_length"":2048,""min_run_length"":512},""size"":13107},{""generator"":""repeated_pattern"",""parameters"":{""pattern_hex"":""e69bb073cb1efa242ae146ef49d8d414"",""pattern_length"":16},""size"":13107},{""generator"":""small_alphabet"",""parameters"":{""alphabet"":[11,26,34,52,53,58,62,72,85,90,129,151,167,174,224,225],""alphabet_size"":16,""distribution"":""uniform""},""size"":13107},{""generator"":""random"",""parameters"":{""distribution"":""uniform_bytes""},""size"":13107}]}",65536,6.73785304100717,256,0.040313720703125,0.000762939453125,0.2162508583199817,1.2759130908807725,2034,0.416259765625,0.18730449378194858,4.700119824364435,1.8273607089373296
sample_000132,random,20261115,262144,"{""distribution"":""uniform_bytes""}",262144,7.999307314184362,256,0.004253387451171875,0.003963470458984375,0.004066482797557058,1.0040830709596367,3,0.0,0.9810943603515625,7.954627429496888,0.004025043773137788
sample_000133,small_alphabet,20261116,262144,"{""alphabet"":[109,164,172,207],""alphabet_size"":4,""distribution"":""uniform""}",262144,1.9999928458331895,4,0.2510185241699219,0.0,0.25012683916793504,1.3335571664758998,10,0.0,0.000244140625,1.999334667863128,0.0005305623146669626
sample_000134,repeated_pattern,20261117,262144,"{""pattern_hex"":""7e393f066111baf8"",""pattern_length"":8}",262144,3.0,8,0.125,0.0,0.0,1.0,1,0.99993896484375,0.0001220703125,3.0,0.0
sample_000135,long_runs,20261118,262144,"{""byte_distribution"":""uniform_without_adjacent_run_duplicates"",""max_run_length"":128,""min_run_length"":32}",262144,7.942034981431543,256,0.00774383544921875,0.003643035888671875,0.9875754836100906,80.46163290362185,128,0.798828125,0.05242919921875,5.405167154920775,0.09710366727225647
sample_000136,structured,20261119,262144,"{""format"":""csv"",""group_count"":16,""value_range"":[0,9999]}",262144,3.4185930964616436,25,0.20479202270507812,0.0,0.04758852992450685,1.0499661551894708,5,0.0,0.0024566650390625,3.3710747924629048,0.04001340870805302
sample_000137,mixed,20261120,262144,"{""segments"":[{""generator"":""repeated_pattern"",""parameters"":{""pattern_hex"":""9dd29923972ce16a6ba02b1badc87aec719fb1f5a9a1a46c70cd482290fc36dc2be552203c4c0f4f0703b037dfbd00e576618e77ca140e5e03c02eda4c05a554f5a61f2854513a95f96745a8a7700a8c3bcf834cbf739a16a3df8e4cd917b30d272ec01d8ad71eb7cefb8e5832e29a9362c744e8d29059c8e764c166aa1e575e"",""pattern_length"":128},""size"":52429},{""generator"":""random"",""parameters"":{""distribution"":""uniform_bytes""},""size"":52429},{""generator"":""small_alphabet"",""parameters"":{""alphabet"":[16,27,82,99,128,130,167,168,171,200,202,204,205,206,235,249],""alphabet_size"":16,""distribution"":""uniform""},""size"":52429},{""generator"":""structured"",""parameters"":{""format"":""log"",""group_count"":16,""value_range"":[0,9999]},""size"":52429},{""generator"":""long_runs"",""parameters"":{""byte_distribution"":""uniform_without_adjacent_run_duplicates"",""max_run_length"":128,""min_run_length"":32},""size"":52428}]}",262144,7.43389527525379,256,0.022220611572265625,0.00334930419921875,0.21414266259255443,1.2724942720671042,128,0.40533447265625,0.5607147216796875,5.801988571593935,1.3802440637640165
sample_000138,random,20261121,1048576,"{""distribution"":""uniform_bytes""}",1048576,7.999838314017531,256,0.004070281982421875,0.0038356781005859375,0.0039205588536823785,1.0039359863662258,3,0.0,1.0,7.9546982391597,0.003994876562215847
sample_000139,small_alphabet,20261122,1048576,"{""alphabet"":[18,31,196,198],""alphabet_size"":4,""distribution"":""uniform""}",1048576,1.9999991048237153,4,0.2503395080566406,0.0,0.25024819397754094,1.333774288578072,13,0.0,0.000244140625,1.9994578560772143,0.00045756695810453594
sample_000140,repeated_pattern,20261123,1048576,"{""pattern_hex"":""625bc1e5a7dffaf632e7aca7e7dc6d7e8104f0288f88632cdcb015d076767b8f3217bc169e9b118a819f67da7a469e60fa6e7d6394ba67bc6300962fdec08707"",""pattern_length"":64}",1048576,5.581954882778696,51,0.046875,0.015625,0.015625014901175405,1.0158730158730158,2,0.99993896484375,0.0009765625,5.581954882778696,0.0
sample_000141,long_runs,20261124,1048576,"{""byte_distribution"":""uniform_without_adjacent_run_duplicates"",""max_run_length"":128,""min_run_length"":32}",1048576,7.985092830281686,256,0.00557708740234375,0.0035247802734375,0.9874315141978399,79.55811836115326,128,0.8089141845703125,0.1858367919921875,5.432776450599449,0.08451949859037279
sample_000142,structured,20261125,1048576,"{""format"":""jsonl"",""group_count"":16,""value_range"":[0,9999]}",1048576,4.5788772819425665,31,0.159271240234375,0.0,0.013996137615335098,1.014194796401973,5,0.449798583984375,0.00250244140625,4.5560504803459585,0.011552390416539928
sample_000143,mixed,20261126,1048576,"{""segments"":[{""generator"":""small_alphabet"",""parameters"":{""alphabet"":[53,65,115,126,150,166,176,208],""alphabet_size"":8,""distribution"":""uniform""},""size"":209716},{""generator"":""repeated_pattern"",""parameters"":{""pattern_hex"":""db692d5efc10e512a27bc00d42a5dec43b01cecf87cf9aee21234dbcba09e923dd308337910144250fa60f5ba6977f06e2ab4396a01626d56162d38cf17fb8187888739ec28799a8e9a8e743eeeab0ac93bafe4ebfc62d4c07ec2f1fb26b7a266e7f26d8cde8ea1f72346a052c4b1ddf2c7290d744bcaf6423ec696da1eca089"",""pattern_length"":128},""size"":209715},{""generator"":""random"",""parameters"":{""distribution"":""uniform_bytes""},""size"":209715},{""generator"":""structured"",""parameters"":{""format"":""log"",""group_count"":16,""value_range"":[0,9999]},""size"":209715},{""generator"":""long_runs"",""parameters"":{""byte_distribution"":""uniform_without_adjacent_run_duplicates"",""max_run_length"":128,""min_run_length"":32},""size"":209715}]}",1048576,7.318834306236211,256,0.029585838317871094,0.0015077590942382812,0.22639773025296236,1.292653550810485,128,0.4591522216796875,0.961334228515625,5.549774930723346,1.6669182004267316
sample_000144,random,20261127,16384,"{""distribution"":""uniform_bytes""}",16384,7.989416661196916,256,0.005126953125,0.00372314453125,0.003418177378990417,1.0034296913277805,2,0.0,0.8843923579320027,7.95545349777576,0.00200951047047649
sample_000145,small_alphabet,20261128,16384,"{""alphabet"":[7,23,29,48,49,58,63,97,119,137,183,184,199,201,247,253],""alphabet_size"":16,""distribution"":""uniform""}",16384,3.9993994388173495,16,0.0654296875,0.0,0.06201550387596899,1.0661114003123373,4,0.0,0.01562595373252762,3.9978223381840086,0.0006100862174928431
sample_000146,repeated_pattern,20261129,16384,"{""pattern_hex"":""18bec66c"",""pattern_length"":4}",16384,2.0,4,0.25,0.0,0.0,1.0,1,0.9990234375,0.00024415552707074406,2.0,0.0
sample_000147,long_runs,20261130,16384,"{""byte_distribution"":""uniform_without_adjacent_run_duplicates"",""max_run_length"":128,""min_run_length"":32}",16384,6.97620258167692,146,0.019775390625,0.007080078125,0.987364951474089,78.76923076923077,128,0.6650390625,0.021546725263993163,5.502049257827376,0.02845581055902256
sample_000148,structured,20261131,16384,"{""format"":""csv"",""group_count"":16,""value_range"":[0,9999]}",16384,3.399650498082124,25,0.22467041015625,0.0,0.047732405542330464,1.0501217792590694,4,0.0,0.009827259964597448,3.38206994449758,0.03830262522766112
sample_000149,mixed,20261132,16384,"{""segments"":[{""generator"":""structured"",""parameters"":{""format"":""log"",""group_count"":16,""value_range"":[0,9999]},""size"":3277},{""generator"":""small_alphabet"",""parameters"":{""alphabet"":[55,56,72,77,99,104,117,157,159,166,187,193,230,234,248,254],""alphabet_size"":16,""distribution"":""uniform""},""size"":3277},{""generator"":""long_runs"",""parameters"":{""byte_distribution"":""uniform_without_adjacent_run_duplicates"",""max_run_length"":2048,""min_run_length"":512},""size"":3277},{""generator"":""random"",""parameters"":{""distribution"":""uniform_bytes""},""size"":3277},{""generator"":""repeated_pattern"",""parameters"":{""pattern_hex"":""3863d15cf09ed90e4fa5cea5178eb469"",""pattern_length"":16},""size"":3276}]}",16384,6.310738684429052,256,0.12030029296875,0.00054931640625,0.2152841359946286,1.2743252702807808,1962,0.4013671875,0.2204724409448819,5.028577650361193,1.0303898772563793
sample_000150,random,20261133,65536,"{""distribution"":""uniform_bytes""}",65536,7.997116909964076,256,0.004638671875,0.003875732421875,0.0037079423208972303,1.0037216853261453,3,0.0,0.6303349355306325,7.955760096979438,0.004028388874378724
sample_000151,small_alphabet,20261134,65536,"{""alphabet"":[14,81,83,99,102,121,174,254],""alphabet_size"":8,""distribution"":""uniform""}",65536,2.999919895822896,8,0.1268768310546875,0.0,0.12463569085221637,1.142379026635058,10,0.0,0.000976577401388571,2.999016993939344,0.0006048644982748334
sample_000152,repeated_pattern,20261135,65536,"{""pattern_hex"":""d5406b32c9b4d1bf92612a76efdd9bf553baeeb14dc5222aa552b64dd74f51a2"",""pattern_length"":32}",65536,4.875,30,0.0625,0.0,0.0,1.0,1,0.99951171875,0.0004882887006942855,4.875,0.0
sample_000153,long_runs,20261136,65536,"{""byte_distribution"":""uniform_without_adjacent_run_duplicates"",""max_run_length"":128,""min_run_length"":32}",65536,7.718887204047444,241,0.0111541748046875,0.0036468505859375,0.987685969329366,81.10891089108911,128,0.754638671875,0.015960936903944456,5.389347002680194,0.08655790984473577
sample_000154,structured,20261137,65536,"{""format"":""jsonl"",""group_count"":16,""value_range"":[0,9999]}",65536,4.5480566946882925,31,0.1635589599609375,0.0,0.012741283283741512,1.0129055192346332,4,0.34521484375,0.0025024795910582134,4.536535880005244,0.010164619135776098
sample_000155,mixed,20261138,65536,"{""segments"":[{""generator"":""small_alphabet"",""parameters"":{""alphabet"":[40,64,67,75,77,88,102,114,148,151,161,186,192,227,233,242],""alphabet_size"":16,""distribution"":""uniform""},""size"":13108},{""generator"":""random"",""parameters"":{""distribution"":""uniform_bytes""},""size"":13107},{""generator"":""long_runs"",""parameters"":{""byte_distribution"":""uniform_without_adjacent_run_duplicates"",""max_run_length"":128,""min_run_length"":32},""size"":13107},{""generator"":""repeated_pattern"",""parameters"":{""pattern_hex"":""4f58e716f07ae44d675bbdda5eab09d5"",""pattern_length"":16},""size"":13107},{""generator"":""structured"",""parameters"":{""format"":""jsonl"",""group_count"":16,""value_range"":[0,9999]},""size"":13107}]}",65536,7.045302724055697,256,0.0357513427734375,0.0012359619140625,0.21228351262684061,1.2694870602820394,127,0.38330078125,0.1902037079423209,5.2916391843423956,1.425588396852858
sample_000156,random,20261139,262144,"{""distribution"":""uniform_bytes""}",262144,7.999334646778277,256,0.004261016845703125,0.004058837890625,0.0037880088348725693,1.0038023978464568,3,0.0,0.982208251953125,7.9539707136502615,0.0044523484091351165
sample_000157,small_alphabet,20261140,262144,"{""alphabet"":[32,197],""alphabet_size"":2,""distribution"":""uniform""}",262144,0.9999997445452856,2,0.5002975463867188,0.0,0.5004711169094731,2.001878593956426,17,0.115234375,6.103515625e-05,0.9997998619071329,0.00030608206352025346
sample_000158,repeated_pattern,20261141,262144,"{""pattern_hex"":""9c4ae62f3e876f6bd20e0f977ee43725"",""pattern_length"":16}",262144,4.0,16,0.0625,0.0,0.0,1.0,1,0.99993896484375,0.000244140625,4.0,0.0
sample_000159,long_runs,20261142,262144,"{""byte_distribution"":""uniform_without_adjacent_run_duplicates"",""max_run_length"":128,""min_run_length"":32}",262144,7.934042263360063,256,0.00789642333984375,0.005535125732421875,0.987430524561022,79.53398058252426,128,0.79498291015625,0.053070068359375,5.443648424927957,0.10308880189284414
sample_000160,structured,20261143,262144,"{""format"":""log"",""group_count"":16,""value_range"":[0,9999]}",262144,4.789511135127448,35,0.0877838134765625,0.0,0.016414704951114467,1.0166885793958291,4,0.5220947265625,0.00262451171875,4.787501641607187,0.008678925154954697
sample_000161,mixed,20261144,262144,"{""segments"":[{""generator"":""small_alphabet"",""parameters"":{""alphabet"":[55,67,90,107,147,175,194,239],""alphabet_size"":8,""distribution"":""uniform""},""size"":52429},{""generator"":""random"",""parameters"":{""distribution"":""uniform_bytes""},""size"":52429},{""generator"":""structured"",""parameters"":{""format"":""jsonl"",""group_count"":16,""value_range"":[0,9999]},""size"":52429},{""generator"":""long_runs"",""parameters"":{""byte_distribution"":""uniform_without_adjacent_run_duplicates"",""max_run_length"":32,""min_run_length"":8},""size"":52429},{""generator"":""repeated_pattern"",""parameters"":{""pattern_hex"":""e0ae7bcc642d449f66ddb0d552705a2e"",""pattern_length"":16},""size"":52428}]}",262144,7.00178247960859,256,0.038753509521484375,0.001331329345703125,0.21788108017379826,1.2785765846616073,32,0.31195068359375,0.571441650390625,5.315944029134073,1.8239387610620148
sample_000162,random,20261145,1048576,"{""distribution"":""uniform_bytes""}",1048576,7.999816615930909,256,0.004076957702636719,0.00385284423828125,0.0038576162887728584,1.0038725514130264,3,0.0,1.0,7.954457787711067,0.003889296446882854
sample_000163,small_alphabet,20261146,1048576,"{""alphabet"":[33,118,125,130,165,175,206,232],""alphabet_size"":8,""distribution"":""uniform""}",1048576,2.9999954480693356,8,0.1253976821899414,0.0,0.12489998331068354,1.1427263682025786,8,0.0,0.0009765625,2.998794406516127,0.000598815974525569
sample_000164,repeated_pattern,20261147,1048576,"{""pattern_hex"":""2f516aaf52d5c748d22eb9a8acd6028ffa1c4463f9b6925c745478bf060c1c9fab2dadd04c8f5a67dc4cf200b5961efb08f786780ff4604143b760be1d3a78e00644d2a32eaa48a7bdd484826cc597b6a429d971e0431da43c53c8741b6bc04f48b998cf7110e9358efe98ab88fea215173a084b6bd027ac29b36fe20347b664"",""pattern_length"":128}",1048576,6.513557324168044,98,0.0234375,0.0078125,0.0,1.0,1,0.9998779296875,0.001953125,6.513557324168044,0.0
sample_000165,long_runs,20261148,1048576,"{""byte_distribution"":""uniform_without_adjacent_run_duplicates"",""max_run_length"":32,""min_run_length"":8}",1048576,7.995954404990468,256,0.004703521728515625,0.0038442611694335938,0.9499206065374437,19.967931750233276,32,0.3132171630859375,0.55657958984375,6.934910047788223,0.06656326476294619
sample_000166,structured,20261149,1048576,"{""format"":""jsonl"",""group_count"":16,""value_range"":[0,9999]}",1048576,4.57964535881335,31,0.15922164916992188,0.0,0.013843549579190807,1.0140378701429318,5,0.4502716064453125,0.00250244140625,4.556781438695624,0.012078445587699492
sample_000167,mixed,20261150,1048576,"{""segments"":[{""generator"":""small_alphabet"",""parameters"":{""alphabet"":[50,83,106,119,130,135,158,229],""alphabet_size"":8,""distribution"":""uniform""},""size"":209716},{""generator"":""repeated_pattern"",""parameters"":{""pattern_hex"":""db1d7058b1c991fef276c6c04bf621ecc0dd467644040b6d59eb0335bd7266069a089440d10470bfc1c515f918ffca7bf7b8893ad3fdc45e772d0309ef9ca6702667de722cff46f14aab1f13179ff431cf999cccf763b15b5d194ed3bc96b89899f039711fdc269a1348056abd91e0d064c8efa60083d7969aeb29fbbb754355"",""pattern_length"":128},""size"":209715},{""generator"":""long_runs"",""parameters"":{""byte_distribution"":""uniform_without_adjacent_run_duplicates"",""max_run_length"":32,""min_run_length"":8},""size"":209715},{""generator"":""structured"",""parameters"":{""format"":""log"",""group_count"":16,""value_range"":[0,9999]},""size"":209715},{""generator"":""random"",""parameters"":{""distribution"":""uniform_bytes""},""size"":209715}]}",1048576,7.32343941402442,256,0.03929710388183594,0.0032520294189453125,0.2191345397324941,1.2806299974230486,32,0.3571929931640625,0.964141845703125,5.8585394790959855,1.7504942150506537
sample_000168,random,20261151,16384,"{""distribution"":""uniform_bytes""}",16384,7.989508145260906,256,0.00518798828125,0.0037841796875,0.003967527314899591,1.0039830871989706,2,0.0,0.8852469022767503,7.954716647208162,0.004708047802811591
sample_000169,small_alphabet,20261152,16384,"{""alphabet"":[26,28,36,46,81,125,211,241],""alphabet_size"":8,""distribution"":""uniform""}",16384,2.9994580718758543,8,0.13079833984375,0.0,0.12567905755966552,1.1437347294938918,5,0.0,0.003906488433131905,2.9985143874258706,0.00048027847795422296
sample_000170,repeated_pattern,20261153,16384,"{""pattern_hex"":""9b3c1e69"",""pattern_length"":4}",16384,2.0,4,0.25,0.0,0.0,1.0,1,0.9990234375,0.00024415552707074406,2.0,0.0
sample_000171,long_runs,20261154,16384,"{""byte_distribution"":""uniform_without_adjacent_run_duplicates"",""max_run_length"":32,""min_run_length"":8}",16384,7.751592300820247,249,0.0120849609375,0.004638671875,0.9493987670145883,19.73975903614458,32,0.1162109375,0.0654947201367271,6.958137927811786,0.03645133026790697
sample_000172,structured,20261155,16384,"{""format"":""jsonl"",""group_count"":16,""value_range"":[0,9999]}",16384,4.53429981423382,31,0.16522216796875,0.0,0.011353232008789599,1.0114828991233487,4,0.2451171875,0.010010376609900506,4.530934754902702,0.009635417277595665
sample_000173,mixed,20261156,16384,"{""segments"":[{""generator"":""random"",""parameters"":{""distribution"":""uniform_bytes""},""size"":3277},{""generator"":""small_alphabet"",""parameters"":{""alphabet"":[23,26,32,52,60,99,114,136,138,141,174,194,201,232,241,254],""alphabet_size"":16,""distribution"":""uniform""},""size"":3277},{""generator"":""repeated_pattern"",""parameters"":{""pattern_hex"":""adf4959440406a140c0cfa21584501834a83edf8f154f995011f23ee3bfd0e57"",""pattern_length"":32},""size"":3277},{""generator"":""long_runs"",""parameters"":{""byte_distribution"":""uniform_without_adjacent_run_duplicates"",""max_run_length"":2048,""min_run_length"":512},""size"":3277},{""generator"":""structured"",""parameters"":{""format"":""csv"",""group_count"":16,""value_range"":[0,9999]},""size"":3276}]}",16384,6.331351765639961,256,0.0869140625,0.00091552734375,0.23402307269730818,1.3054980079681275,1413,0.3916015625,0.22212049075260942,4.99181917611428,1.6976954845612873
sample_000174,random,20261157,65536,"{""distribution"":""uniform_bytes""}",65536,7.997612460382388,256,0.004425048828125,0.0040740966796875,0.003936827649347677,1.0039523269708017,3,0.0,0.6314793621728847,7.955569475351728,0.004276326071478357
sample_000175,small_alphabet,20261158,65536,"{""alphabet"":[138,219],""alphabet_size"":2,""distribution"":""uniform""}",65536,0.999992733720802,2,0.5015869140625,0.0,0.49704737926298925,1.9882288696074268,17,0.029541015625,6.103608758678569e-05,0.9998294793598632,0.00025154719009105994
sample_000176,repeated_pattern,20261159,65536,"{""pattern_hex"":""3f13bdbbc03fc25d18bc22ab25d4a1a1"",""pattern_length"":16}",65536,3.75,14,0.125,0.0,0.06250095368886854,1.0666666666666667,2,0.999755859375,0.00024414435034714275,3.75,0.0
sample_000177,long_runs,20261160,65536,"{""byte_distribution"":""uniform_without_adjacent_run_duplicates"",""max_run_length"":512,""min_run_length"":128}",65536,6.973181113993924,146,0.0267181396484375,0.0031890869140625,0.9968871595330739,319.6878048780488,511,0.918212890625,0.005340657663843748,3.635876876561605,0.1433798100468025
sample_000178,structured,20261161,65536,"{""format"":""csv"",""group_count"":16,""value_range"":[0,9999]}",65536,3.417808876562542,25,0.213653564453125,0.0,0.04565499351491569,1.0478383218214378,4,0.0,0.002456702525368124,3.3846191444502116,0.028655909088203292
sample_000179,mixed,20261162,65536,"{""segments"":[{""generator"":""random"",""parameters"":{""distribution"":""uniform_bytes""},""size"":13108},{""generator"":""structured"",""parameters"":{""format"":""log"",""group_count"":16,""value_range"":[0,9999]},""size"":13107},{""generator"":""small_alphabet"",""parameters"":{""alphabet"":[33,47,69,112,173,193,251,252],""alphabet_size"":8,""distribution"":""uniform""},""size"":13107},{""generator"":""repeated_pattern"",""parameters"":{""pattern_hex"":""3ff66291fb758ea867687be5001d9d5c"",""pattern_length"":16},""size"":13107},{""generator"":""long_runs"",""parameters"":{""byte_distribution"":""uniform_without_adjacent_run_duplicates"",""max_run_length"":128,""min_run_length"":32},""size"":13107}]}",65536,6.956492465822479,256,0.0421905517578125,0.01318359375,0.22571145189593347,1.2915024436386568,128,0.3603515625,0.18812848096437018,5.196485454391726,1.5442941983080698
sample_000180,random,20261163,262144,"{""distribution"":""uniform_bytes""}",262144,7.99929918455606,256,0.00426483154296875,0.003887176513671875,0.0038185265294133353,1.003833148887774,3,0.0,0.9824676513671875,7.954443451889239,0.0042479061769992625
sample_000181,small_alphabet,20261164,262144,"{""alphabet"":[19,22,25,33,74,78,100,105,136,157,174,178,191,222,235,255],""alphabet_size"":16,""distribution"":""uniform""}",262144,3.999945976910835,16,0.06342315673828125,0.0,0.06190895808776126,1.0659943476404448,5,0.0,0.00390625,3.99716732840512,0.0009502694483486633
sample_000182,repeated_pattern,20261165,262144,"{""pattern_hex"":""a85a78b915ca2aade29cced7b25253b33d57735b89a3692b22cd1d4707fb13ffbf296481ce238f8d197dfbbae719882e2954f8ad6707233641c56cb2d4b86fa425263a000cd0a18129ad133670aba6111207a3602af9be1e58ef8662642a5352fb41bf83ed1aa98395c4cce7e73f170c117aee4b686b0c4726c63cc08db569db"",""pattern_length"":128}",262144,6.443092089725435,95,0.0234375,0.0078125,0.007812529802436075,1.0078740157480315,2,0.99951171875,0.001953125,6.443092089725435,0.0
sample_000183,long_runs,20261166,262144,"{""byte_distribution"":""uniform_without_adjacent_run_duplicates"",""max_run_length"":32,""min_run_length"":8}",262144,7.983730433010174,256,0.005718231201171875,0.0035400390625,0.9502599726103691,20.103067484662578,32,0.29742431640625,0.1839599609375,6.930826943305337,0.05829148774619047
sample_000184,structured,20261167,262144,"{""format"":""jsonl"",""group_count"":16,""value_range"":[0,9999]}",262144,4.5661691036812755,31,0.16143798828125,0.0,0.012706805064411408,1.0128702963143272,4,0.413330078125,0.00250244140625,4.548642325933436,0.010930386607417113
sample_000185,mixed,20261168,262144,"{""segments"":[{""generator"":""structured"",""parameters"":{""format"":""csv"",""group_count"":16,""value_range"":[0,9999]},""size"":52429},{""generator"":""repeated_pattern"",""parameters"":{""pattern_hex"":""b34cca03"",""pattern_length"":4},""size"":52429},{""generator"":""long_runs"",""parameters"":{""byte_distribution"":""uniform_without_adjacent_run_duplicates"",""max_run_length"":512,""min_run_length"":128},""size"":52429},{""generator"":""small_alphabet"",""parameters"":{""alphabet"":[20,55,62,74,128,164,239,252],""alphabet_size"":8,""distribution"":""uniform""},""size"":52429},{""generator"":""random"",""parameters"":{""distribution"":""uniform_bytes""},""size"":52428}]}",262144,6.495955661840087,256,0.05205535888671875,0.0022125244140625,0.23402494058586343,1.3055240144225981,512,0.3831787109375,0.5536346435546875,4.024637637485139,2.0473945191308482
sample_000186,random,20261169,1048576,"{""distribution"":""uniform_bytes""}",1048576,7.999842544247175,256,0.00405120849609375,0.003935813903808594,0.003853801587869251,1.003868707128052,3,0.0,1.0,7.95460709620635,0.004108933051626153
sample_000187,small_alphabet,20261170,1048576,"{""alphabet"":[1,8,32,44,109,113,117,123,158,159,161,201,206,211,216,246],""alphabet_size"":16,""distribution"":""uniform""}",1048576,3.9999934892113114,16,0.06275367736816406,0.0,0.0624361633645662,1.0665939719684632,6,0.0,0.00390625,3.9973946917769463,0.0009267042019284749
sample_000188,repeated_pattern,20261171,1048576,"{""pattern_hex"":""49d24093"",""pattern_length"":4}",1048576,2.0,4,0.25,0.0,0.0,1.0,1,0.9999847412109375,6.103515625e-05,2.0,0.0
sample_000189,long_runs,20261172,1048576,"{""byte_distribution"":""uniform_without_adjacent_run_duplicates"",""max_run_length"":512,""min_run_length"":128}",1048576,7.946352514423235,256,0.007305145263671875,0.0027561187744140625,0.9968996018405932,322.44034440344404,512,0.9500732421875,0.052459716796875,3.610859461221968,0.13612613795757378
sample_000190,structured,20261173,1048576,"{""format"":""log"",""group_count"":16,""value_range"":[0,9999]}",1048576,4.789151681172719,35,0.08774375915527344,0.0,0.016647354743342155,1.0169291644037552,4,0.62408447265625,0.00262451171875,4.78719042048077,0.008230560230114677
sample_000191,mixed,20261174,1048576,"{""segments"":[{""generator"":""repeated_pattern"",""parameters"":{""pattern_hex"":""4ea91afb1a544386"",""pattern_length"":8},""size"":209716},{""generator"":""random"",""parameters"":{""distribution"":""uniform_bytes""},""size"":209715},{""generator"":""long_runs"",""parameters"":{""byte_distribution"":""uniform_without_adjacent_run_duplicates"",""max_run_length"":2048,""min_run_length"":512},""size"":209715},{""generator"":""structured"",""parameters"":{""format"":""log"",""group_count"":16,""value_range"":[0,9999]},""size"":209715},{""generator"":""small_alphabet"",""parameters"":{""alphabet"":[26,84,104,245],""alphabet_size"":4,""distribution"":""uniform""},""size"":209715}]}",1048576,6.467404561161858,256,0.10057353973388672,0.002109527587890625,0.2538282907755764,1.3401736667612452,2048,0.49603271484375,0.9595947265625,3.8630008203652064,2.300842410867155
sample_000192,random,20261175,16384,"{""distribution"":""uniform_bytes""}",16384,7.988584245408672,256,0.00543212890625,0.003662109375,0.003479216260758103,1.003491149629448,2,0.0,0.8872611853750839,7.952458364972891,0.004043426798437196
sample_000193,small_alphabet,20261176,16384,"{""alphabet"":[60,171],""alphabet_size"":2,""distribution"":""uniform""}",16384,0.9999458140376718,2,0.50433349609375,0.0,0.5014954526033083,2.0058765915768855,13,0.0107421875,0.00024415552707074406,0.9996574092206956,0.00027295296697072357
sample_000194,repeated_pattern,20261177,16384,"{""pattern_hex"":""676e99a0c915406e08fec07b0f558568c8edc25806026bcc67f07d9a41c991baa2391e34aacdfa84d0924a8a3c3add34f47b1faabcfa03ea41081f2c6da4bb7389d048dd4b272c092663b1a9b141924d6c44e1fd86747f2c9c36d6b9637bd567e4a96ffdbe2e4ca8e87ed2914b887f83e6ae9f599612dfc0d83eae8346e8e111"",""pattern_length"":128}",16384,6.507659765557392,98,0.0234375,0.0,0.0,1.0,1,0.9921875,0.00781297686626381,6.507659765557392,0.0
sample_000195,long_runs,20261178,16384,"{""byte_distribution"":""uniform_without_adjacent_run_duplicates"",""max_run_length"":2048,""min_run_length"":512}",16384,3.5788742361326165,13,0.11614990234375,0.0,0.9992675334187877,1260.3076923076924,1903,0.9755859375,0.0015259720441921504,1.7728564561307456,0.2581343927138512
sample_000196,structured,20261179,16384,"{""format"":""jsonl"",""group_count"":16,""value_range"":[0,9999]}",16384,4.532834627289613,31,0.16522216796875,0.0,0.01086492095464811,1.0109835863260521,3,0.2451171875,0.010010376609900506,4.528132344403662,0.012489971191474186
sample_000197,mixed,20261180,16384,"{""segments"":[{""generator"":""structured"",""parameters"":{""format"":""csv"",""group_count"":16,""value_range"":[0,9999]},""size"":3277},{""generator"":""small_alphabet"",""parameters"":{""alphabet"":[96,201],""alphabet_size"":2,""distribution"":""uniform""},""size"":3277},{""generator"":""repeated_pattern"",""parameters"":{""pattern_hex"":""9fb156f985a01ca48fd0a751b485cd52"",""pattern_length"":16},""size"":3277},{""generator"":""long_runs"",""parameters"":{""byte_distribution"":""uniform_without_adjacent_run_duplicates"",""max_run_length"":512,""min_run_length"":128},""size"":3277},{""generator"":""random"",""parameters"":{""distribution"":""uniform_bytes""},""size"":3276}]}",16384,6.035420337227797,256,0.1041259765625,0.0009765625,0.3094060916804004,1.4479893946089262,501,0.3798828125,0.20747115912836478,4.585493697406429,1.6325906714264018
sample_000198,random,20261181,65536,"{""distribution"":""uniform_bytes""}",65536,7.9970013741094945,256,0.00469970703125,0.0038299560546875,0.004318303196765088,1.004336965350252,2,0.0,0.6309758144502937,7.9550388791157305,0.004630828815379504
sample_000199,small_alphabet,20261182,65536,"{""alphabet"":[12,63,174,228],""alphabet_size"":4,""distribution"":""uniform""}",65536,1.9999772563261997,4,0.25164794921875,0.0,0.2477759975585565,1.329384559211327,8,0.0,0.00024414435034714275,1.9993816990384687,0.0006745106441490645
sample_000200,repeated_pattern,20261183,65536,"{""pattern_hex"":""a4a8a7ae"",""pattern_length"":4}",65536,2.0,4,0.25,0.0,0.0,1.0,1,0.999755859375,6.103608758678569e-05,2.0,0.0
sample_000201,long_runs,20261184,65536,"{""byte_distribution"":""uniform_without_adjacent_run_duplicates"",""max_run_length"":512,""min_run_length"":128}",65536,7.001996167165298,147,0.023162841796875,0.0,0.996932936598764,324.43564356435644,512,0.918701171875,0.005310139620050355,3.5653167413915106,0.1171600467656357
sample_000202,structured,20261185,65536,"{""format"":""log"",""group_count"":16,""value_range"":[0,9999]}",65536,4.788992860508352,35,0.0877227783203125,0.0,0.016617074845502403,1.0168976057845982,3,0.334716796875,0.0026245517662317848,4.787245350521192,0.006129218607110756
sample_000203,mixed,20261186,65536,"{""segments"":[{""generator"":""structured"",""parameters"":{""format"":""jsonl"",""group_count"":16,""value_range"":[0,9999]},""size"":13108},{""generator"":""long_runs"",""parameters"":{""byte_distribution"":""uniform_without_adjacent_run_duplicates"",""max_run_length"":32,""min_run_length"":8},""size"":13107},{""generator"":""small_alphabet"",""parameters"":{""alphabet"":[6,11,58,84,112,123,155,246],""alphabet_size"":8,""distribution"":""uniform""},""size"":13107},{""generator"":""random"",""parameters"":{""distribution"":""uniform_bytes""},""size"":13107},{""generator"":""repeated_pattern"",""parameters"":{""pattern_hex"":""be97081ede6ac7e897a35f7011d2768dcc8ee1e59a227f35763eede62c7f5b9b7e7b1c32d70576613b7761b19145a64441ed81ceba8f457754cc30e7051c5a23"",""pattern_length"":64},""size"":13107}]}",65536,7.1116935182375,256,0.0424346923828125,0.001617431640625,0.2171358815899901,1.2773554749931781,32,0.262939453125,0.19589532310978866,5.7468183566058135,1.5523723628528134
sample_000204,random,20261187,262144,"{""distribution"":""uniform_bytes""}",262144,7.999368067822541,256,0.004276275634765625,0.003841400146484375,0.003944412019393995,1.0039600168511356,3,0.0,0.9819488525390625,7.954468220618954,0.003906688740332164
sample_000205,small_alphabet,20261188,262144,"{""alphabet"":[27,38,58,87,94,98,222,240],""alphabet_size"":8,""distribution"":""uniform""}",262144,2.999980899617851,8,0.12621688842773438,0.0,0.12442064064270264,1.1421003102018055,6,0.0,0.0009765625,2.9987444753495165,0.0006284076081868355
sample_000206,repeated_pattern,20261189,262144,"{""pattern_hex"":""74829e4fddef24ed8a471651c96b7436c599cdfbd9a4cd9aaf55df875503b0ee790cce910274b31e592b805385f4d80e6c9880dea74d63d6f0ba7182c9a13121aecd5121807e422ca21f79b64f28b6590a7e5a8822fef5500ff5f023a269c9056add724f5c238b7f0ed9b9f1c883762b9fc879bc9bbed6c6631eda2077b5c5a4"",""pattern_length"":128}",262144,6.448989648336087,95,0.0234375,0.0,0.0,1.0,1,0.99951171875,0.001953125,6.448989648336087,0.0
sample_000207,long_runs,20261190,262144,"{""byte_distribution"":""uniform_without_adjacent_run_duplicates"",""max_run_length"":512,""min_run_length"":128}",262144,7.721814146938338,244,0.011600494384765625,0.00360107421875,0.9968452333268483,316.5990338164251,512,0.9378662109375,0.016265869140625,3.640069413836879,0.13247610673486707
sample_000208,structured,20261191,262144,"{""format"":""jsonl"",""group_count"":16,""value_range"":[0,9999]}",262144,4.566226099112303,31,0.16143417358398438,0.0,0.012718249199864196,1.0128820370155713,4,0.4144287109375,0.00250244140625,4.548213396995791,0.012088977999316687
sample_000209,mixed,20261192,262144,"{""segments"":[{""generator"":""structured"",""parameters"":{""format"":""jsonl"",""group_count"":16,""value_range"":[0,9999]},""size"":52429},{""generator"":""long_runs"",""parameters"":{""byte_distribution"":""uniform_without_adjacent_run_duplicates"",""max_run_length"":2048,""min_run_length"":512},""size"":52429},{""generator"":""repeated_pattern"",""parameters"":{""pattern_hex"":""1fa9460f"",""pattern_length"":4},""size"":52429},{""generator"":""random"",""parameters"":{""distribution"":""uniform_bytes""},""size"":52429},{""generator"":""small_alphabet"",""parameters"":{""alphabet"":[79,109],""alphabet_size"":2,""distribution"":""uniform""},""size"":52428}]}",262144,6.118855542682178,256,0.10750961303710938,0.00078582763671875,0.3027927505216618,1.4342913732635185,2025,0.4659423828125,0.5511627197265625,3.507303273099654,2.4957280960814874
sample_000210,random,20261193,1048576,"{""distribution"":""uniform_bytes""}",1048576,7.999811513124065,256,0.004111289978027344,0.0038137435913085938,0.004013065350594855,1.0040292310756362,3,0.0,1.0,7.954799575390922,0.004164081871353157
sample_000211,small_alphabet,20261194,1048576,"{""alphabet"":[28,54,76,78,91,101,104,105,112,143,150,190,198,216,220,255],""alphabet_size"":16,""distribution"":""uniform""}",1048576,3.999990007956682,16,0.06299591064453125,0.0,0.06222254011396419,1.0663510049006897,5,0.0,0.00390625,3.9974459386214174,0.0009440142906076012
sample_000212,repeated_pattern,20261195,1048576,"{""pattern_hex"":""9f8d73df7095bdb2c3cbe6dec7dcfa74"",""pattern_length"":16}",1048576,4.0,16,0.0625,0.0,0.0,1.0,1,0.9999847412109375,0.000244140625,4.0,0.0
sample_000213,long_runs,20261196,1048576,"{""byte_distribution"":""uniform_without_adjacent_run_duplicates"",""max_run_length"":512,""min_run_length"":128}",1048576,7.9303098633466975,256,0.006747245788574219,0.0035371780395507812,0.9968862503874305,321.0581751377832,512,0.9492950439453125,0.0524139404296875,3.6066766904694774,0.15609219897651688
sample_000214,structured,20261197,1048576,"{""format"":""log"",""group_count"":16,""value_range"":[0,9999]}",1048576,4.789433577396093,35,0.08767318725585938,0.0,0.0165138402117159,1.0167911099043887,4,0.6238861083984375,0.00262451171875,4.787488712638616,0.007896349517614516
sample_000215,mixed,20261198,1048576,"{""segments"":[{""generator"":""structured"",""parameters"":{""format"":""log"",""group_count"":16,""value_range"":[0,9999]},""size"":209716},{""generator"":""repeated_pattern"",""parameters"":{""pattern_hex"":""43c2b4f6"",""pattern_length"":4},""size"":209715},{""generator"":""small_alphabet"",""parameters"":{""alphabet"":[3,24,65,110,125,126,161,198],""alphabet_size"":8,""distribution"":""uniform""},""size"":209715},{""generator"":""long_runs"",""parameters"":{""byte_distribution"":""uniform_without_adjacent_run_duplicates"",""max_run_length"":32,""min_run_length"":8},""size"":209715},{""generator"":""random"",""parameters"":{""distribution"":""uniform_bytes""},""size"":209715}]}",1048576,6.787243891202551,256,0.051586151123046875,0.0019969940185546875,0.21921941682759935,1.2807692119778968,32,0.357025146484375,0.966339111328125,4.943763082225181,2.248191768085624
sample_000216,random,20261199,16384,"{""distribution"":""uniform_bytes""}",16384,7.988861736552269,256,0.00518798828125,0.00384521484375,0.003967527314899591,1.0039830871989706,2,0.0,0.8835988524690228,7.952778572449022,0.003496680091378403
sample_000217,small_alphabet,20261200,16384,"{""alphabet"":[7,84,133,196],""alphabet_size"":4,""distribution"":""uniform""}",16384,1.9998999837400335,4,0.254638671875,0.0,0.2534944759812,1.339547052571335,8,0.0,0.0009766221082829762,1.9993200262081419,0.0009144671788221107
sample_000218,repeated_pattern,20261201,16384,"{""pattern_hex"":""92951be7fc7f9af7"",""pattern_length"":8}",16384,3.0,8,0.125,0.0,0.0,1.0,1,0.9990234375,0.0004883110541414881,3.0,0.0
sample_000219,long_runs,20261202,16384,"{""byte_distribution"":""uniform_without_adjacent_run_duplicates"",""max_run_length"":128,""min_run_length"":32}",16384,6.96094416593382,144,0.02069091796875,0.0,0.9873039125923213,78.39234449760765,128,0.671875,0.02142464750045779,5.450473427424152,0.048534364087519086
sample_000220,structured,20261203,16384,"{""format"":""jsonl"",""group_count"":16,""value_range"":[0,9999]}",16384,4.537966110873582,31,0.16497802734375,0.0,0.010681804309345053,1.0107964710963044,3,0.2587890625,0.010010376609900506,4.533974164973438,0.012459482149839005
sample_000221,mixed,20261204,16384,"{""segments"":[{""generator"":""repeated_pattern"",""parameters"":{""pattern_hex"":""90191ac5b6a4212c"",""pattern_length"":8},""size"":3277},{""generator"":""structured"",""parameters"":{""format"":""jsonl"",""group_count"":16,""value_range"":[0,9999]},""size"":3277},{""generator"":""small_alphabet"",""parameters"":{""alphabet"":[16,29,56,61,131,187,192,236],""alphabet_size"":8,""distribution"":""uniform""},""size"":3277},{""generator"":""random"",""parameters"":{""distribution"":""uniform_bytes""},""size"":3277},{""generator"":""long_runs"",""parameters"":{""byte_distribution"":""uniform_without_adjacent_run_duplicates"",""max_run_length"":128,""min_run_length"":32},""size"":3276}]}",16384,6.607638953214232,256,0.03851318359375,0.0074462890625,0.22633217359457974,1.2925213000946671,128,0.3505859375,0.2125373863150827,5.459796386136474,1.1241121719288723
sample_000222,random,20261205,65536,"{""distribution"":""uniform_bytes""}",65536,7.997106695472139,256,0.0045166015625,0.0037384033203125,0.003997863736934462,1.0040138493121304,2,0.0,0.6307011520561532,7.954205542940042,0.004269816518362799
sample_000223,small_alphabet,20261206,65536,"{""alphabet"":[138,162],""alphabet_size"":2,""distribution"":""uniform""}",65536,0.9999958072470163,2,0.5012054443359375,0.0,0.4986037994964523,1.9944004869141814,18,0.02685546875,6.103608758678569e-05,0.99983107026692,0.0003317160470541646
sample_000224,repeated_pattern,20261207,65536,"{""pattern_hex"":""f523cfc947b2231a"",""pattern_length"":8}",65536,2.75,7,0.25,0.0,0.0,1.0,1,0.999755859375,0.00012207217517357137,2.75,0.0
sample_000225,long_runs,20261208,65536,"{""byte_distribution"":""uniform_without_adjacent_run_duplicates"",""max_run_length"":128,""min_run_length"":32}",65536,7.729322380251509,241,0.01202392578125,0.004364013671875,0.9873807888914321,79.14975845410628,128,0.750244140625,0.016159304188601512,5.440710978545446,0.09756941981356128
sample_000226,structured,20261209,65536,"{""format"":""csv"",""group_count"":16,""value_range"":[0,9999]}",65536,3.4213877976561693,25,0.214111328125,0.0,0.04533455405508507,1.0474866139215215,4,0.0,0.002456702525368124,3.387389936683859,0.02658697557479863
sample_000227,mixed,20261210,65536,"{""segments"":[{""generator"":""random"",""parameters"":{""distribution"":""uniform_bytes""},""size"":13108},{""generator"":""long_runs"",""parameters"":{""byte_distribution"":""uniform_without_adjacent_run_duplicates"",""max_run_length"":128,""min_run_length"":32},""size"":13107},{""generator"":""small_alphabet"",""parameters"":{""alphabet"":[109,129],""alphabet_size"":2,""distribution"":""uniform""},""size"":13107},{""generator"":""repeated_pattern"",""parameters"":{""pattern_hex"":""d7027664007d1d327aaaff98c899a23a20bfbdf2f7a647bd093fe1b1115a6210f413828fd90f24f647e4cc0fb3366f2fbf8c1ffa6ece193f53de7969d02cd7ad411837f74623f03033c7209e1ee79aa553c5679712fc9b72f86cc4ab51f015eb16d4cb784a1d20ee821ba2fa90c793ecbbc1119193346b2bb66fe810f589c502"",""pattern_length"":128},""size"":13107},{""generator"":""structured"",""parameters"":{""format"":""log"",""group_count"":16,""value_range"":[0,9999]},""size"":13107}]}",65536,6.916139938918028,256,0.1020965576171875,0.0036773681640625,0.3015030136568246,1.4316359743976232,128,0.35693359375,0.18786907759212634,5.291946204114143,2.10672430612725
sample_000228,random,20261211,262144,"{""distribution"":""uniform_bytes""}",262144,7.999309134364091,256,0.004276275634765625,0.0037689208984375,0.0039177090366708245,1.0039331027853415,3,0.0,0.980712890625,7.954564236526012,0.004181568029583612
sample_000229,small_alphabet,20261212,262144,"{""alphabet"":[6,42,50,66,80,145,155,249],""alphabet_size"":8,""distribution"":""uniform""}",262144,2.99997623531417,8,0.12650680541992188,0.0,0.12421464620455247,1.1418316766993928,7,0.0,0.0009765625,2.9987239636968988,0.000713888603273416
sample_000230,repeated_pattern,20261213,262144,"{""pattern_hex"":""e3efc35ad2c2394995f6e5e0c9396086"",""pattern_length"":16}",262144,3.875,15,0.125,0.0,0.0,1.0,1,0.99993896484375,0.000244140625,3.875,0.0
sample_000231,long_runs,20261214,262144,"{""byte_distribution"":""uniform_without_adjacent_run_duplicates"",""max_run_length"":32,""min_run_length"":8}",262144,7.983673304946145,256,0.005535125732421875,0.0043792724609375,0.9499090191231503,19.9622296679866,32,0.2939453125,0.1860809326171875,6.935335699748087,0.05099640775589011
sample_000232,structured,20261215,262144,"{""format"":""csv"",""group_count"":16,""value_range"":[0,9999]}",262144,3.420013447232722,25,0.2048187255859375,0.0,0.0480806277489767,1.0505089364430553,5,0.0,0.0024566650390625,3.372087357003901,0.039291391183828954
sample_000233,mixed,20261216,262144,"{""segments"":[{""generator"":""repeated_pattern"",""parameters"":{""pattern_hex"":""ad858728b626fc9dca502340fcdbd50f48d6c39a0986e7e4058226ab0a7af90c"",""pattern_length"":32},""size"":52429},{""generator"":""small_alphabet"",""parameters"":{""alphabet"":[16,27,56,67,70,75,98,157,160,176,210,213,220,223,224,248],""alphabet_size"":16,""distribution"":""uniform""},""size"":52429},{""generator"":""structured"",""parameters"":{""format"":""jsonl"",""group_count"":16,""value_range"":[0,9999]},""size"":52429},{""generator"":""long_runs"",""parameters"":{""byte_distribution"":""uniform_without_adjacent_run_duplicates"",""max_run_length"":128,""min_run_length"":32},""size"":52429},{""generator"":""random"",""parameters"":{""distribution"":""uniform_bytes""},""size"":52428}]}",262144,7.301754274281542,256,0.0361328125,0.0015716552734375,0.21281132816821352,1.2703421739994283,128,0.414794921875,0.560699462890625,5.387050978941083,1.3653350683085463
sample_000234,random,20261217,1048576,"{""distribution"":""uniform_bytes""}",1048576,7.999850152570616,256,0.004054069519042969,0.003907203674316406,0.004007343299239444,1.0040234628590907,4,0.0,1.0,7.95471299075418,0.004123465930649729
sample_000235,small_alphabet,20261218,1048576,"{""alphabet"":[7,8,17,65,77,102,130,137,142,146,147,198,211,228,239,248],""alphabet_size"":16,""distribution"":""uniform""}",1048576,3.999992529860607,16,0.06276512145996094,0.0,0.06284052166034856,1.0670541771863358,6,0.0,0.00390625,3.997333647709369,0.0010236970880109085
sample_000236,repeated_pattern,20261219,1048576,"{""pattern_hex"":""f4945258c32b6adc6c360598c70feeb53f7dff869ba8da82f43c4c51c4df858a49af0f2858cb91afae6c849e4f43c2e204c04b2d85a97e342145705f98258279"",""pattern_length"":64}",1048576,5.75,56,0.03125,0.0,0.0,1.0,1,0.99993896484375,0.0009765625,5.75,0.0
sample_000237,long_runs,20261220,1048576,"{""byte_distribution"":""uniform_without_adjacent_run_duplicates"",""max_run_length"":32,""min_run_length"":8}",1048576,7.995930632777977,256,0.004679679870605469,0.0037517547607421875,0.949877691152278,19.95083526770425,32,0.314178466796875,0.553802490234375,6.939020976722508,0.06101926285200393
sample_000238,structured,20261221,1048576,"{""format"":""jsonl"",""group_count"":16,""value_range"":[0,9999]}",1048576,4.579358838671949,31,0.15925216674804688,0.0,0.013671888038528479,1.0138613861386139,5,0.448272705078125,0.00250244140625,4.5563450252254745,0.011638335303387495
sample_000239,mixed,20261222,1048576,"{""segments"":[{""generator"":""structured"",""parameters"":{""format"":""csv"",""group_count"":16,""value_range"":[0,9999]},""size"":209716},{""generator"":""repeated_pattern"",""parameters"":{""pattern_hex"":""264bd6cc3e5c1beb9f579836692ae33125a5d6b7547a3881913be17a12f910c7b9ee3c23aac8fd42d2f3182dbbc03e04d2f310f2af2e56c1795547408b263e83"",""pattern_length"":64},""size"":209715},{""generator"":""random"",""parameters"":{""distribution"":""uniform_bytes""},""size"":209715},{""generator"":""small_alphabet"",""parameters"":{""alphabet"":[5,20,22,31,42,78,79,85,141,170,171,183,199,200,239,254],""alphabet_size"":16,""distribution"":""uniform""},""size"":209715},{""generator"":""long_runs"",""parameters"":{""byte_distribution"":""uniform_without_adjacent_run_duplicates"",""max_run_length"":2048,""min_run_length"":512},""size"":209715}]}",1048576,7.111764099993233,256,0.044030189514160156,0.0007524490356445312,0.22314951243354075,1.2872486302874955,2029,0.3959197998046875,0.9606781005859375,4.577449260997049,2.119346461283963
sample_000240,random,20261223,16384,"{""distribution"":""uniform_bytes""}",16384,7.98853670414816,256,0.005126953125,0.00341796875,0.004028566196667277,1.0040446133104548,2,0.0,0.8808521027894769,7.954564064114564,0.002913331823082845
sample_000241,small_alphabet,20261224,16384,"{""alphabet"":[201,252],""alphabet_size"":2,""distribution"":""uniform""}",16384,0.9999947975185579,2,0.5013427734375,0.0,0.497283769761338,1.989073691878111,13,0.00390625,0.00024415552707074406,0.999891389716797,4.71495584716976e-05
sample_000242,repeated_pattern,20261225,16384,"{""pattern_hex"":""f76f9beee09f2bff9f08eefe5f85f5e39e2bc5bf409afd168ede3c4294a770c3"",""pattern_length"":32}",16384,4.8125,29,0.0625,0.0,0.0,1.0,1,0.998046875,0.0019532442165659525,4.8125,0.0
sample_000243,long_runs,20261226,16384,"{""byte_distribution"":""uniform_without_adjacent_run_duplicates"",""max_run_length"":128,""min_run_length"":32}",16384,7.003638893060151,146,0.0216064453125,0.0064697265625,0.9876091070011598,80.31372549019608,128,0.673828125,0.021241530855154733,5.43998535189629,0.08280811141738278
sample_000244,structured,20261227,16384,"{""format"":""log"",""group_count"":16,""value_range"":[0,9999]}",16384,4.794944475579683,35,0.08782958984375,0.0,0.016419459195507538,1.0166925224945702,3,0.1396484375,0.010498687664041995,4.793421404448656,0.004531601756283861
sample_000245,mixed,20261228,16384,"{""segments"":[{""generator"":""small_alphabet"",""parameters"":{""alphabet"":[15,23,65,71,74,109,110,114,121,123,127,136,189,212,217,247],""alphabet_size"":16,""distribution"":""uniform""},""size"":3277},{""generator"":""random"",""parameters"":{""distribution"":""uniform_bytes""},""size"":3277},{""generator"":""repeated_pattern"",""parameters"":{""pattern_hex"":""b621272c927ef05a"",""pattern_length"":8},""size"":3277},{""generator"":""structured"",""parameters"":{""format"":""csv"",""group_count"":16,""value_range"":[0,9999]},""size"":3277},{""generator"":""long_runs"",""parameters"":{""byte_distribution"":""uniform_without_adjacent_run_duplicates"",""max_run_length"":128,""min_run_length"":32},""size"":3276}]}",16384,6.5997060350612395,256,0.07281494140625,0.000732421875,0.2195568577183666,1.2813013216548057,128,0.326171875,0.22395165720564,5.427359055483489,0.9759536283136357
sample_000246,random,20261229,65536,"{""distribution"":""uniform_bytes""}",65536,7.997087653812408,256,0.0045013427734375,0.0039825439453125,0.00413519493400473,1.0041523021527619,3,0.0,0.6308995193408102,7.956520324138028,0.004166231070120482
sample_000247,small_alphabet,20261230,65536,"{""alphabet"":[84,99,127,234],""alphabet_size"":4,""distribution"":""uniform""}",65536,1.9999959227065187,4,0.251007080078125,0.0,0.251117723353933,1.3353165304916563,9,0.0,0.00024414435034714275,1.9994411442066526,0.00041686081431686775
sample_000248,repeated_pattern,20261231,65536,"{""pattern_hex"":""27bb1b45dc3499b857b7e5f2efeefbfb"",""pattern_length"":16}",65536,3.875,15,0.125,0.0,0.06250095368886854,1.0666666666666667,2,0.999755859375,0.00024414435034714275,3.875,0.0
sample_000249,long_runs,20261232,65536,"{""byte_distribution"":""uniform_without_adjacent_run_duplicates"",""max_run_length"":2048,""min_run_length"":512}",65536,5.297642523791295,43,0.054595947265625,0.0,0.9993133440146487,1424.695652173913,2044,0.97998046875,0.0013427939269092851,1.6547087406742143,0.26470438469725854
sample_000250,structured,20261233,65536,"{""format"":""jsonl"",""group_count"":16,""value_range"":[0,9999]}",65536,4.547342730901412,31,0.1636199951171875,0.0,0.013000686655985352,1.0131717271659142,4,0.353759765625,0.0025024795910582134,4.535897921029612,0.010865356810086105
sample_000251,mixed,20261234,65536,"{""segments"":[{""generator"":""small_alphabet"",""parameters"":{""alphabet"":[21,34,172,206],""alphabet_size"":4,""distribution"":""uniform""},""size"":13108},{""generator"":""repeated_pattern"",""parameters"":{""pattern_hex"":""56e96b45d0c933a8f651d80b5a1666ef0cfa733e9ceea273399512e23f8b00dae7508c90bb4c7e2ce3ab491e6473dadf0a65b86056e771c44258b319c99373fa29f9b7e2f4cc0a1de46774bbfa69a0422dfb2ee9f030768c396ad9c579240b7abfd05dd8d017084680ee8cddf5d330d603c30a2a5a98483682e6cf2cbc3566a5"",""pattern_length"":128},""size"":13107},{""generator"":""structured"",""parameters"":{""format"":""log"",""group_count"":16,""value_range"":[0,9999]},""size"":13107},{""generator"":""random"",""parameters"":{""distribution"":""uniform_bytes""},""size"":13107},{""generator"":""long_runs"",""parameters"":{""byte_distribution"":""uniform_without_adjacent_run_duplicates"",""max_run_length"":32,""min_run_length"":8},""size"":13107}]}",65536,7.165126076795003,256,0.0521087646484375,0.0023956298828125,0.24486152437628747,1.3242538745983956,32,0.2470703125,0.19671931029221026,5.782789360143603,2.0188579801166133
sample_000252,random,20261235,262144,"{""distribution"":""uniform_bytes""}",262144,7.999314065354236,256,0.004215240478515625,0.003818511962890625,0.003925338460306016,1.0039407923711774,3,0.0,0.9810638427734375,7.954290068229412,0.004102337102470415
sample_000253,small_alphabet,20261236,262144,"{""alphabet"":[46,74,91,224],""alphabet_size"":4,""distribution"":""uniform""}",262144,1.9999955285233717,4,0.2509307861328125,0.0,0.2491922347726241,1.331897164922264,11,0.0,0.000244140625,1.9994468292548127,0.0004531980958225229
sample_000254,repeated_pattern,20261237,262144,"{""pattern_hex"":""b98acebaee126d7987ce5047553a729453f219e29972cde3b24e9641eb1f3ce04924015e69cb38d06b88074cf780b156e91e75bac22aa2af822ab151c5946ce6"",""pattern_length"":64}",262144,5.8125,58,0.03125,0.0,0.0,1.0,1,0.999755859375,0.0009765625,5.8125,0.0
sample_000255,long_runs,20261238,262144,"{""byte_distribution"":""uniform_without_adjacent_run_duplicates"",""max_run_length"":512,""min_run_length"":128}",262144,7.7449891317001525,246,0.01132965087890625,0.004795074462890625,0.996875751021389,319.6878048780488,512,0.93798828125,0.016204833984375,3.6116588203112316,0.155368180663171
sample_000256,structured,20261239,262144,"{""format"":""jsonl"",""group_count"":16,""value_range"":[0,9999]}",262144,4.566463806269449,31,0.1614532470703125,0.0,0.012584734286248345,1.0127450791013928,4,0.41778564453125,0.00250244140625,4.549371070373585,0.01129277548588988
sample_000257,mixed,20261240,262144,"{""segments"":[{""generator"":""structured"",""parameters"":{""format"":""log"",""group_count"":16,""value_range"":[0,9999]},""size"":52429},{""generator"":""random"",""parameters"":{""distribution"":""uniform_bytes""},""size"":52429},{""generator"":""small_alphabet"",""parameters"":{""alphabet"":[7,36,92,218],""alphabet_size"":4,""distribution"":""uniform""},""size"":52429},{""generator"":""repeated_pattern"",""parameters"":{""pattern_hex"":""a263cca1de99718429f8d79277ba07584cd23d21178d0b47711a7bb90121bacbaa241d4bf8eeea9237d76693f6a87c5f8caac98d0a77060f75857862c7ae50bb97c79a31b323ac6b522609773f1d34bbd2a95d859f4a9354ee38fffe85277402882c174fe7c042a6c2ebedef5f7205f2cb6bdeacd772c96a49436cf0a0f57153"",""pattern_length"":128},""size"":52429},{""generator"":""long_runs"",""parameters"":{""byte_distribution"":""uniform_without_adjacent_run_duplicates"",""max_run_length"":512,""min_run_length"":128},""size"":52428}]}",262144,7.094920901494482,256,0.053035736083984375,0.000812530517578125,0.25282384042297523,1.3383707394776074,512,0.440673828125,0.5558013916015625,5.025815509457779,2.0460447218786855
sample_000258,random,20261241,1048576,"{""distribution"":""uniform_bytes""}",1048576,7.999839842881458,256,0.004046440124511719,0.00389862060546875,0.003924373554585986,1.003939831166506,3,0.0,1.0,7.954517988524222,0.004010485227524945
sample_000259,small_alphabet,20261242,1048576,"{""alphabet"":[139,222],""alphabet_size"":2,""distribution"":""uniform""}",1048576,0.9999998398973093,2,0.5002355575561523,0.0,0.4992938034952197,1.9971772987777818,20,0.3687896728515625,6.103515625e-05,0.9998150108563358,0.00023922603027521925
sample_000260,repeated_pattern,20261243,1048576,"{""pattern_hex"":""a416ad16d1e8a3a3f1e59e871159f5e6c9af1f22ea0c42e45cf6b5e7fb857a4bd1199698692d8c81679ce49eae69b3820c1e38487e385e54119b0b8a15d21f84078a16ea34ba93407b5fc9dd49a8088df1123dd8e0e39e928d764e86cc237a27a11fb2c420cd9f7dcc96395b4b13e8a81348fda2dbb578de0e4967003defaf1e"",""pattern_length"":128}",1048576,6.482307324168044,96,0.0234375,0.0078125,0.007812507450587702,1.0078740157480315,2,0.9998779296875,0.001953125,6.482307324168044,0.0
sample_000261,long_runs,20261244,1048576,"{""byte_distribution"":""uniform_without_adjacent_run_duplicates"",""max_run_length"":512,""min_run_length"":128}",1048576,7.93664670310641,256,0.007636070251464844,0.0037927627563476562,0.9968728989342679,319.6878048780488,512,0.949249267578125,0.0525970458984375,3.610383999945571,0.14748602515952225
sample_000262,structured,20261245,1048576,"{""format"":""csv"",""group_count"":16,""value_range"":[0,9999]}",1048576,3.4556355320143046,25,0.1986379623413086,0.0,0.04888253105404954,1.0513947894304632,5,0.0,0.0024566650390625,3.3882055686876504,0.03435005898696099
sample_000263,mixed,20261246,1048576,"{""segments"":[{""generator"":""structured"",""parameters"":{""format"":""log"",""group_count"":16,""value_range"":[0,9999]},""size"":209716},{""generator"":""repeated_pattern"",""parameters"":{""pattern_hex"":""08b18c8b6328b395cc98fbe9a799f9a73b35c3a08d2553f04aa4d4e824d3a0ff"",""pattern_length"":32},""size"":209715},{""generator"":""small_alphabet"",""parameters"":{""alphabet"":[2,21,26,44,46,60,70,77,101,117,130,134,163,206,217,247],""alphabet_size"":16,""distribution"":""uniform""},""size"":209715},{""generator"":""long_runs"",""parameters"":{""byte_distribution"":""uniform_without_adjacent_run_duplicates"",""max_run_length"":2048,""min_run_length"":512},""size"":209715},{""generator"":""random"",""parameters"":{""distribution"":""uniform_bytes""},""size"":209715}]}",1048576,7.264879020826396,256,0.023743629455566406,0.0033416748046875,0.21627923610614405,1.2759643266962037,2030,0.4956817626953125,0.9608917236328125,4.707188893648558,1.9502570223655833
sample_000264,random,20261247,16384,"{""distribution"":""uniform_bytes""}",16384,7.989432202459687,256,0.00531005859375,0.00396728515625,0.003601294024293475,1.003614088820827,2,0.0,0.8871391076115486,7.955844203769397,0.002999491782155084
sample_000265,small_alphabet,20261248,16384,"{""alphabet"":[31,44,54,66,78,90,194,209],""alphabet_size"":8,""distribution"":""uniform""}",16384,2.9996519557514985,8,0.12823486328125,0.0,0.1275102240126961,1.1461350122420426,5,0.0,0.003906488433131905,2.998626549979254,0.0004939681902340729
sample_000266,repeated_pattern,20261249,16384,"{""pattern_hex"":""6feb01f8471940fed44a4858686d2547a4d60385c06820a6f6925ac51a3a6e60aa82ebc488a92e59dd46f46c2272ad3396b3a0c8922a9fd1710dbf1117903bf9"",""pattern_length"":64}",16384,5.875,60,0.03125,0.0,0.0,1.0,1,0.99609375,0.003906488433131905,5.875,0.0
sample_000267,long_runs,20261250,16384,"{""byte_distribution"":""uniform_without_adjacent_run_duplicates"",""max_run_length"":512,""min_run_length"":128}",16384,5.575225272691139,52,0.04266357421875,0.0,0.9967039003845449,297.8909090909091,489,0.90234375,0.006470121467374718,3.6664786548466903,0.17259879262069813
sample_000268,structured,20261251,16384,"{""format"":""log"",""group_count"":16,""value_range"":[0,9999]}",16384,4.791457787314238,35,0.087646484375,0.0,0.016724653604345968,1.017008069522036,3,0.14453125,0.010498687664041995,4.790095050456538,0.006293382947730376
sample_000269,mixed,20261252,16384,"{""segments"":[{""generator"":""random"",""parameters"":{""distribution"":""uniform_bytes""},""size"":3277},{""generator"":""long_runs"",""parameters"":{""byte_distribution"":""uniform_without_adjacent_run_duplicates"",""max_run_length"":128,""min_run_length"":32},""size"":3277},{""generator"":""structured"",""parameters"":{""format"":""jsonl"",""group_count"":16,""value_range"":[0,9999]},""size"":3277},{""generator"":""repeated_pattern"",""parameters"":{""pattern_hex"":""76ed49f9478d59c5c80cd8e52106f9ac9e88a1eab7c8d3c267e8b35de4b1f47d13979650ba9a5e5f0fb1cfdece6bc7e37b4d229c5dc965e1edc57056fa31e2cf1bb90a39ac40b6f03df16675fa3d575096dfa2b44edd86cf5d34330817c2a6f9b24dd5b032b61ca23ace745add969a27f8ae92455a9c55241a3483a1f0a23582"",""pattern_length"":128},""size"":3277},{""generator"":""small_alphabet"",""parameters"":{""alphabet"":[104,171],""alphabet_size"":2,""distribution"":""uniform""},""size"":3276}]}",16384,6.738227259281501,256,0.100830078125,0.00079345703125,0.2998229872428737,1.4281729428172942,127,0.365234375,0.21632179698467924,5.611551764481025,1.7679481386350573
sample_000270,random,20261253,65536,"{""distribution"":""uniform_bytes""}",65536,7.997306351766115,256,0.004425048828125,0.003631591796875,0.003723201342793927,1.0037370581388225,3,0.0,0.6321202410925459,7.955615410726701,0.003954910782244696
sample_000271,small_alphabet,20261254,65536,"{""alphabet"":[7,34,54,106,133,162,195,229],""alphabet_size"":8,""distribution"":""uniform""}",65536,2.9999189195970466,8,0.127471923828125,0.0,0.12320134279392692,1.1405102502523408,6,0.0,0.000976577401388571,2.9988338721913403,0.0006903718192935512
sample_000272,repeated_pattern,20261255,65536,"{""pattern_hex"":""a9beb68689704572a2537de8e316d682"",""pattern_length"":16}",65536,4.0,16,0.0625,0.0,0.0,1.0,1,0.999755859375,0.00024414435034714275,4.0,0.0
sample_000273,long_runs,20261256,65536,"{""byte_distribution"":""uniform_without_adjacent_run_duplicates"",""max_run_length"":2048,""min_run_length"":512}",65536,5.494232956691418,49,0.0570068359375,0.0,0.9992065308613718,1236.5283018867924,2042,0.976806640625,0.0015411612115663385,1.835447474950817,0.266293978312794
sample_000274,structured,20261257,65536,"{""format"":""jsonl"",""group_count"":16,""value_range"":[0,9999]}",65536,4.549185949401265,31,0.1634979248046875,0.0,0.011978332188906692,1.0121233648901176,4,0.351806640625,0.0025024795910582134,4.537558703164645,0.010009002086454308
sample_000275,mixed,20261258,65536,"{""segments"":[{""generator"":""random"",""parameters"":{""distribution"":""uniform_bytes""},""size"":13108},{""generator"":""small_alphabet"",""parameters"":{""alphabet"":[68,73,82,84,89,94,115,123,138,158,167,179,190,222,230,237],""alphabet_size"":16,""distribution"":""uniform""},""size"":13107},{""generator"":""repeated_pattern"",""parameters"":{""pattern_hex"":""672191034d666163"",""pattern_length"":8},""size"":13107},{""generator"":""long_runs"",""parameters"":{""byte_distribution"":""uniform_without_adjacent_run_duplicates"",""max_run_length"":512,""min_run_length"":128},""size"":13107},{""generator"":""structured"",""parameters"":{""format"":""log"",""group_count"":16,""value_range"":[0,9999]},""size"":13107}]}",65536,6.744001281973913,256,0.0345306396484375,0.0005950927734375,0.21652552071412223,1.2763603786078759,505,0.405029296875,0.1880064087891966,4.827606178462349,1.6248776954925632
sample_000276,random,20261259,262144,"{""distribution"":""uniform_bytes""}",262144,7.999198735275882,256,0.0041961669921875,0.004055023193359375,0.0037307881576086332,1.0037447447217478,3,0.0,0.981353759765625,7.954035090867656,0.004706848345979238
sample_000277,small_alphabet,20261260,262144,"{""alphabet"":[2,59,168,229],""alphabet_size"":4,""distribution"":""uniform""}",262144,1.9999817637267887,4,0.2515220642089844,0.0,0.24977588568071624,1.3329333340112983,10,0.0,0.000244140625,1.9993669053823369,0.0005313730188252981
sample_000278,repeated_pattern,20261261,262144,"{""pattern_hex"":""2eba693c"",""pattern_length"":4}",262144,2.0,4,0.25,0.0,0.0,1.0,1,0.99993896484375,6.103515625e-05,2.0,0.0
sample_000279,long_runs,20261262,262144,"{""byte_distribution"":""uniform_without_adjacent_run_duplicates"",""max_run_length"":32,""min_run_length"":8}",262144,7.985024896166771,256,0.005542755126953125,0.004940032958984375,0.9499738692240495,19.98810522302707,32,0.29449462890625,0.1849822998046875,6.931739490263923,0.05610323242796913
sample_000280,structured,20261263,262144,"{""format"":""log"",""group_count"":16,""value_range"":[0,9999]}",262144,4.789822971727285,35,0.08768463134765625,0.0,0.016498628611101573,1.0167753346339874,4,0.522216796875,0.00262451171875,4.7877292782507945,0.008369381053523743
sample_000281,mixed,20261264,262144,"{""segments"":[{""generator"":""long_runs"",""parameters"":{""byte_distribution"":""uniform_without_adjacent_run_duplicates"",""max_run_length"":32,""min_run_length"":8},""size"":52429},{""generator"":""repeated_pattern"",""parameters"":{""pattern_hex"":""5857863866c7862bf4da550b3c8247cc"",""pattern_length"":16},""size"":52429},{""generator"":""random"",""parameters"":{""distribution"":""uniform_bytes""},""size"":52429},{""generator"":""structured"",""parameters"":{""format"":""csv"",""group_count"":16,""value_range"":[0,9999]},""size"":52429},{""generator"":""small_alphabet"",""parameters"":{""alphabet"":[76,227],""alphabet_size"":2,""distribution"":""uniform""},""size"":52428}]}",262144,6.532472910146424,256,0.1015625,0.001697540283203125,0.2994052864276368,1.427356430737734,32,0.24853515625,0.57135009765625,4.671899568568882,2.4844519713799795
sample_000282,random,20261265,1048576,"{""distribution"":""uniform_bytes""}",1048576,7.999832670717,256,0.004117012023925781,0.0039157867431640625,0.0039100684261974585,1.0039254133172997,4,0.0,1.0,7.9546406394239115,0.0038952312722800387
sample_000283,small_alphabet,20261266,1048576,"{""alphabet"":[13,39,42,57,67,87,100,107,114,177,186,188,198,209,214,226],""alphabet_size"":16,""distribution"":""uniform""}",1048576,3.9999938956733168,16,0.06291866302490234,0.0,0.06243234866366259,1.0665896322999133,6,0.0,0.00390625,3.997371723736804,0.001002475199975693
sample_000284,repeated_pattern,20261267,1048576,"{""pattern_hex"":""4a1df9bbd751c808cb7f32f7b6f9431db0aa182fe8f2e6df7f92e8b2d034dceec414d931871ba2f6fb8c4ffd4fa5743b6d1dd76a47ec081724cc31ec8337f199c00cd40c9af3509d812e2a93a14140832de77dde9823a7efe29e280b3b2393ff44d0ad8c77867f9066ab732845213aece4362116f56ec4c1e290d06edd1eb955"",""pattern_length"":128}",1048576,6.570159765557392,102,0.0234375,0.0,0.0,1.0,1,0.9998779296875,0.001953125,6.570159765557392,0.0
sample_000285,long_runs,20261268,1048576,"{""byte_distribution"":""uniform_without_adjacent_run_duplicates"",""max_run_length"":512,""min_run_length"":128}",1048576,7.933587103023253,256,0.0075244903564453125,0.002071380615234375,0.9968662232076866,319.00699726194097,512,0.9488372802734375,0.05267333984375,3.606872049723648,0.1573769958162695
sample_000286,structured,20261269,1048576,"{""format"":""log"",""group_count"":16,""value_range"":[0,9999]}",1048576,4.789321118137325,35,0.08770275115966797,0.0,0.016484276279712943,1.0167605457625442,4,0.6229095458984375,0.00262451171875,4.787364901884916,0.0078728104036838
sample_000287,mixed,20261270,1048576,"{""segments"":[{""generator"":""structured"",""parameters"":{""format"":""log"",""group_count"":16,""value_range"":[0,9999]},""size"":209716},{""generator"":""small_alphabet"",""parameters"":{""alphabet"":[50,92,118,239],""alphabet_size"":4,""distribution"":""uniform""},""size"":209715},{""generator"":""long_runs"",""parameters"":{""byte_distribution"":""uniform_without_adjacent_run_duplicates"",""max_run_length"":2048,""min_run_length"":512},""size"":209715},{""generator"":""random"",""parameters"":{""distribution"":""uniform_bytes""},""size"":209715},{""generator"":""repeated_pattern"",""parameters"":{""pattern_hex"":""d627473fee0fcf35"",""pattern_length"":8},""size"":209715}]}",1048576,6.599538606097839,256,0.06568527221679688,0.0007505416870117188,0.25395512958062133,1.3404015160715084,2039,0.495635986328125,0.9589080810546875,3.917967154915217,2.274060164250141
sample_000288,random,20261271,16384,"{""distribution"":""uniform_bytes""}",16384,7.988923389020108,256,0.005126953125,0.00311279296875,0.004577916132576451,1.0045986878410693,2,0.0,0.8879326130745284,7.9568120027674105,0.0041128620998617475
sample_000289,small_alphabet,20261272,16384,"{""alphabet"":[26,27],""alphabet_size"":2,""distribution"":""uniform""}",16384,0.999929475215044,2,0.50494384765625,0.0,0.4988097418055301,1.995129079396006,13,0.009765625,0.00024415552707074406,0.9999090612477163,6.627501829659808e-05
sample_000290,repeated_pattern,20261273,16384,"{""pattern_hex"":""f275656355bc5c29"",""pattern_length"":8}",16384,3.0,8,0.125,0.0,0.0,1.0,1,0.9990234375,0.0004883110541414881,3.0,0.0
sample_000291,long_runs,20261274,16384,"{""byte_distribution"":""uniform_without_adjacent_run_duplicates"",""max_run_length"":128,""min_run_length"":32}",16384,6.913211542610585,141,0.0208740234375,0.00506591796875,0.987181834828786,77.64928909952607,128,0.681640625,0.02142464750045779,5.4573643423890115,0.06718049880327202
sample_000292,structured,20261275,16384,"{""format"":""log"",""group_count"":16,""value_range"":[0,9999]}",16384,4.799618999116562,35,0.0877685546875,0.0,0.016785692486113654,1.0170712024334223,4,0.138671875,0.010498687664041995,4.79875635994602,0.002926048682537697
sample_000293,mixed,20261276,16384,"{""segments"":[{""generator"":""repeated_pattern"",""parameters"":{""pattern_hex"":""b1cce2478f640ba3254644cae9984892"",""pattern_length"":16},""size"":3277},{""generator"":""long_runs"",""parameters"":{""byte_distribution"":""uniform_without_adjacent_run_duplicates"",""max_run_length"":512,""min_run_length"":128},""size"":3277},{""generator"":""random"",""parameters"":{""distribution"":""uniform_bytes""},""size"":3277},{""generator"":""small_alphabet"",""parameters"":{""alphabet"":[3,6,39,46,87,96,127,130,152,155,171,176,198,208,222,247],""alphabet_size"":16,""distribution"":""uniform""},""size"":3277},{""generator"":""structured"",""parameters"":{""format"":""log"",""group_count"":16,""value_range"":[0,9999]},""size"":3276}]}",16384,6.794677812756826,256,0.02850341796875,0.00067138671875,0.2165049136299823,1.2763106644854716,451,0.38671875,0.22199841298907405,5.450229909774401,0.799563779382264
sample_000294,random,20261277,65536,"{""distribution"":""uniform_bytes""}",65536,7.997158239316445,256,0.004486083984375,0.0036773681640625,0.0036621652552071412,1.0036755697133055,2,0.0,0.6328831921873808,7.954678560769526,0.004049648272977784
sample_000295,small_alphabet,20261278,65536,"{""alphabet"":[5,6,8,20,74,104,136,139,143,152,163,177,178,210,221,226],""alphabet_size"":16,""distribution"":""uniform""}",65536,3.999851348093603,16,0.063934326171875,0.0,0.06419470511940184,1.0685972378483262,5,0.0,0.003906309605554284,3.997424958067482,0.0008234281579712384
sample_000296,repeated_pattern,20261279,65536,"{""pattern_hex"":""5128c68f"",""pattern_length"":4}",65536,2.0,4,0.25,0.0,0.0,1.0,1,0.999755859375,6.103608758678569e-05,2.0,0.0
sample_000297,long_runs,20261280,65536,"{""byte_distribution"":""uniform_without_adjacent_run_duplicates"",""max_run_length"":2048,""min_run_length"":512}",65536,5.409850502520326,47,0.0558929443359375,0.0,0.9992217898832685,1260.3076923076924,1989,0.976806640625,0.0014953841458762494,1.8509598007986119,0.23500637791015858
sample_000298,structured,20261281,65536,"{""format"":""csv"",""group_count"":16,""value_range"":[0,9999]}",65536,3.419713300356293,25,0.213958740234375,0.0,0.04504463263904784,1.04716860539435,4,0.0,0.002456702525368124,3.3874976131655865,0.02863396169685147
sample_000299,mixed,20261282,65536,"{""segments"":[{""generator"":""repeated_pattern"",""parameters"":{""pattern_hex"":""d96bdf6b08d1ac939fac98c9a34d8a3a"",""pattern_length"":16},""size"":13108},{""generator"":""long_runs"",""parameters"":{""byte_distribution"":""uniform_without_adjacent_run_duplicates"",""max_run_length"":32,""min_run_length"":8},""size"":13107},{""generator"":""small_alphabet"",""parameters"":{""alphabet"":[4,28,33,115,124,126,156,161,190,195,197,211,218,224,236,246],""alphabet_size"":16,""distribution"":""uniform""},""size"":13107},{""generator"":""structured"",""parameters"":{""format"":""csv"",""group_count"":16,""value_range"":[0,9999]},""size"":13107},{""generator"":""random"",""parameters"":{""distribution"":""uniform_bytes""},""size"":13107}]}",65536,7.012779883485572,256,0.0477142333984375,0.000762939453125,0.21004043640802625,1.265882443839215,32,0.220703125,0.19710078583962767,5.353367246983986,1.6999544102614654
sample_000300,random,20261283,262144,"{""distribution"":""uniform_bytes""}",262144,7.999311626306069,256,0.004344940185546875,0.003917694091796875,0.0038910060539476543,1.0039061901625281,3,0.0,0.9820404052734375,7.954354326567358,0.003826328555543574
sample_000301,small_alphabet,20261284,262144,"{""alphabet"":[10,25,30,38,50,77,83,254],""alphabet_size"":8,""distribution"":""uniform""}",262144,2.9999954349868565,8,0.12556076049804688,0.0,0.1245465261326833,1.142264537353755,7,0.0,0.0009765625,2.998726762353662,0.0005475126599324466
sample_000302,repeated_pattern,20261285,262144,"{""pattern_hex"":""60cb02702f8e43219110b11dc9f84a979305ea2727b9b819dc1b362a3ea33499df8c6beb597245ada343bc21211db34fea2317bca0b50456f7f62e8e49f75e21"",""pattern_length"":64}",262144,5.625,53,0.0625,0.0,0.0312501192097443,1.032258064516129,2,0.999755859375,0.0009765625,5.625,0.0
sample_000303,long_runs,20261286,262144,"{""byte_distribution"":""uniform_without_adjacent_run_duplicates"",""max_run_length"":2048,""min_run_length"":512}",262144,6.937841300694976,145,0.027164459228515625,0.00611114501953125,0.9991912810946697,1230.7230046948357,2017,0.97900390625,0.00543212890625,1.8648066007008341,0.21312294063323575
sample_000304,structured,20261287,262144,"{""format"":""log"",""group_count"":16,""value_range"":[0,9999]}",262144,4.789575163272008,35,0.08766937255859375,0.0,0.016506258034736765,1.0167832222080002,4,0.52392578125,0.00262451171875,4.787649200851165,0.007667249032871253
sample_000305,mixed,20261288,262144,"{""segments"":[{""generator"":""long_runs"",""parameters"":{""byte_distribution"":""uniform_without_adjacent_run_duplicates"",""max_run_length"":32,""min_run_length"":8},""size"":52429},{""generator"":""repeated_pattern"",""parameters"":{""pattern_hex"":""679019ac9ad39a6fead17f2416c23c1d63e0f64cc694dbe00a79610f86c059903d245b30ba796055e6b91b67e158ee8e60a3ea600ad03d250c090e1272936dd5d6eef7cb11a754c24d28b415a356ebe94aec3616c31f1782ebbeea3e66ea843abfd22a268ef5c05a2499ebebfd741f2d43958afd53745a5634a7e3b57f8113de"",""pattern_length"":128},""size"":52429},{""generator"":""structured"",""parameters"":{""format"":""log"",""group_count"":16,""value_range"":[0,9999]},""size"":52429},{""generator"":""small_alphabet"",""parameters"":{""alphabet"":[47,73],""alphabet_size"":2,""distribution"":""uniform""},""size"":52429},{""generator"":""random"",""parameters"":{""distribution"":""uniform_bytes""},""size"":52428}]}",262144,6.966539711720156,256,0.104949951171875,0.001239776611328125,0.29560583345731145,1.4196574114690799,32,0.30810546875,0.569854736328125,5.477576204931289,2.402733061810112
sample_000306,random,20261289,1048576,"{""distribution"":""uniform_bytes""}",1048576,7.999847540885186,256,0.004119873046875,0.0039768218994140625,0.003887180220775815,1.0039023456199139,3,0.0,1.0,7.954715526520747,0.0038795520951783718
sample_000307,small_alphabet,20261290,1048576,"{""alphabet"":[97,224],""alphabet_size"":2,""distribution"":""uniform""}",1048576,0.9999999777883734,2,0.5000877380371094,0.0,0.4999775886321913,1.9999084514563847,21,0.3666229248046875,6.103515625e-05,0.9998382265483065,0.00020446476680599984
sample_000308,repeated_pattern,20261291,1048576,"{""pattern_hex"":""14f33d83567cbee2f2ce9cc2bf6c312243f227a7fdaf26fbcb995e522400a151"",""pattern_length"":32}",1048576,4.9375,31,0.0625,0.03125,0.0,1.0,1,0.999969482421875,0.00048828125,4.9375,0.0
sample_000309,long_runs,20261292,1048576,"{""byte_distribution"":""uniform_without_adjacent_run_duplicates"",""max_run_length"":2048,""min_run_length"":512}",1048576,7.747908853015398,247,0.012372970581054688,0.00101470947265625,0.9992074958872756,1260.3076923076924,2048,0.98443603515625,0.01641845703125,1.870230048724532,0.24919528866222004
sample_000310,structured,20261293,1048576,"{""format"":""jsonl"",""group_count"":16,""value_range"":[0,9999]}",1048576,4.579111895586452,31,0.1592864990234375,0.0,0.013785375390410796,1.0139780547924275,5,0.44903564453125,0.00250244140625,4.5563169771006935,0.01154941350224239
sample_000311,mixed,20261294,1048576,"{""segments"":[{""generator"":""random"",""parameters"":{""distribution"":""uniform_bytes""},""size"":209716},{""generator"":""long_runs"",""parameters"":{""byte_distribution"":""uniform_without_adjacent_run_duplicates"",""max_run_length"":32,""min_run_length"":8},""size"":209715},{""generator"":""structured"",""parameters"":{""format"":""jsonl"",""group_count"":16,""value_range"":[0,9999]},""size"":209715},{""generator"":""repeated_pattern"",""parameters"":{""pattern_hex"":""41e325342b25768773c5508a17462df107c14f93b173f2d37df26f2bc1f9870e0a61124ab1d525bf006f9e3ed581c93a2079c9da5cd7e610bc380e25737aa9b6fdb430c690855552d78089c22233867ead4e0c1a2b9b19581872bb14b79c0cae13875d866d1b6575b83977f318774ed597b15bd140c06c5109017a08b908083d"",""pattern_length"":128},""size"":209715},{""generator"":""small_alphabet"",""parameters"":{""alphabet"":[42,87,139,167,207,218,244,245],""alphabet_size"":8,""distribution"":""uniform""},""size"":209715}]}",1048576,7.3053513897729045,256,0.03550148010253906,0.0032052993774414062,0.21989938726366737,1.2818855860977145,32,0.3392486572265625,0.965850830078125,5.797618522699139,1.7759486833617932
sample_000312,random,20261295,16384,"{""distribution"":""uniform_bytes""}",16384,7.989334834126226,256,0.005126953125,0.0040283203125,0.003357138497222731,1.0033682405536162,2,0.0,0.8828053470060429,7.955241004200766,0.003933839897434626
sample_000313,small_alphabet,20261296,16384,"{""alphabet"":[76,151,195,197],""alphabet_size"":4,""distribution"":""uniform""}",16384,1.999868023629676,4,0.25537109375,0.0,0.24855032655801745,1.3307342430149447,7,0.0,0.0009766221082829762,1.9991872005937135,0.0004665697961880738
sample_000314,repeated_pattern,20261297,16384,"{""pattern_hex"":""59a73c35c430f219002213659bc0c5fd29ddb20eaaa5ce43d5b4520e25e3c099a5524d961191fb7fec34656edd880dfd6e990c0f13d5337d79c0b63af4a57bbe301c8e433da7be54ab97cc804766ae114f362efd29852752e0ae4e714fefcef6b48706c692828fc1b724d5e327221520035483389284a839c0541783421fcec4"",""pattern_length"":128}",16384,6.386489648336087,92,0.03125,0.0078125,0.0,1.0,1,0.9921875,0.007751937984496124,6.386489648336087,0.0
sample_000315,long_runs,20261298,16384,"{""byte_distribution"":""uniform_without_adjacent_run_duplicates"",""max_run_length"":2048,""min_run_length"":512}",16384,3.713979362085522,14,0.11151123046875,0.0,0.99920649453702,1170.2857142857142,1827,0.974609375,0.0016480498077275224,1.9347975930203158,0.2493909236173499
sample_000316,structured,20261299,16384,"{""format"":""log"",""group_count"":16,""value_range"":[0,9999]}",16384,4.787228753832276,35,0.0877685546875,0.0,0.01806750900323506,1.0183988065638985,3,0.154296875,0.010498687664041995,4.785807225064083,0.011039416459829553
sample_000317,mixed,20261300,16384,"{""segments"":[{""generator"":""long_runs"",""parameters"":{""byte_distribution"":""uniform_without_adjacent_run_duplicates"",""max_run_length"":128,""min_run_length"":32},""size"":3277},{""generator"":""repeated_pattern"",""parameters"":{""pattern_hex"":""a65ffce0598937ae89cc070080ede2cb"",""pattern_length"":16},""size"":3277},{""generator"":""small_alphabet"",""parameters"":{""alphabet"":[7,24,237,249],""alphabet_size"":4,""distribution"":""uniform""},""size"":3277},{""generator"":""structured"",""parameters"":{""format"":""jsonl"",""group_count"":16,""value_range"":[0,9999]},""size"":3277},{""generator"":""random"",""parameters"":{""distribution"":""uniform_bytes""},""size"":3276}]}",16384,6.52379305152174,256,0.07037353515625,0.01312255859375,0.25117499847402797,1.335398157959084,128,0.3359375,0.21027894768967834,5.382840293934372,1.4727468186538484
sample_000318,random,20261301,65536,"{""distribution"":""uniform_bytes""}",65536,7.9966936831524515,256,0.0045013427734375,0.0039215087890625,0.003936827649347677,1.0039523269708017,3,0.0,0.6323491264209964,7.953965699694183,0.004747593424171205
sample_000319,small_alphabet,20261302,65536,"{""alphabet"":[159,242],""alphabet_size"":2,""distribution"":""uniform""}",65536,0.9999862621703497,2,0.5021820068359375,0.0,0.4963759822995346,1.9855783796885416,16,0.030029296875,6.103608758678569e-05,0.9998703233948122,0.00019235979362019391
sample_000320,repeated_pattern,20261303,65536,"{""pattern_hex"":""a7405d9f"",""pattern_length"":4}",65536,2.0,4,0.25,0.0,0.0,1.0,1,0.999755859375,6.103608758678569e-05,2.0,0.0
sample_000321,long_runs,20261304,65536,"{""byte_distribution"":""uniform_without_adjacent_run_duplicates"",""max_run_length"":32,""min_run_length"":8}",65536,7.93512299447616,256,0.0072784423828125,0.0039520263671875,0.950637064164187,20.252163164400493,32,0.259765625,0.05229266803997864,6.9442899732830075,0.0512810281236732
sample_000322,structured,20261305,65536,"{""format"":""log"",""group_count"":16,""value_range"":[0,9999]}",65536,4.789932960913921,35,0.08770751953125,0.0,0.016906996261539634,1.017197491773763,4,0.335205078125,0.0026245517662317848,4.788256358311926,0.008944743660126904
sample_000323,mixed,20261306,65536,"{""segments"":[{""generator"":""repeated_pattern"",""parameters"":{""pattern_hex"":""6fdd9ba42eded07de05680eef26ae550184aea9f54949c1af6b0cef5a654de55dc548a91796207455e59fc1c9d00d1017f190633f6bb6cd86e9af6424af4ab42a4ac380eeb8dc5a3886f06d139ceb1052b78bbdecf086142436e3463c45d58fef9576095c92e1edc3ba1b72bd3c9fdc9667861dc45be4e77acf298511ba02d9f"",""pattern_length"":128},""size"":13108},{""generator"":""random"",""parameters"":{""distribution"":""uniform_bytes""},""size"":13107},{""generator"":""structured"",""parameters"":{""format"":""jsonl"",""group_count"":16,""value_range"":[0,9999]},""size"":13107},{""generator"":""long_runs"",""parameters"":{""byte_distribution"":""uniform_without_adjacent_run_duplicates"",""max_run_length"":512,""min_run_length"":128},""size"":13107},{""generator"":""small_alphabet"",""parameters"":{""alphabet"":[24,102,133,173,183,194,242,252],""alphabet_size"":8,""distribution"":""uniform""},""size"":13107}]}",65536,7.069059226070301,256,0.03594970703125,0.0023193359375,0.22652018005645838,1.292852774654278,505,0.423828125,0.18670939192797742,5.268884724352138,1.7842548689444755
sample_000324,random,20261307,262144,"{""distribution"":""uniform_bytes""}",262144,7.99930243526515,256,0.0042572021484375,0.004230499267578125,0.004230515405713675,1.0042484724270693,3,0.0,0.9812774658203125,7.954591035586285,0.0042909811538160685
sample_000325,small_alphabet,20261308,262144,"{""alphabet"":[38,45,195,229],""alphabet_size"":4,""distribution"":""uniform""}",262144,1.9999986763935973,4,0.2505455017089844,0.0,0.2510538141396108,1.3352077093902166,10,0.0,0.000244140625,1.9995253273468185,0.000437158199075326
sample_000326,repeated_pattern,20261309,262144,"{""pattern_hex"":""15add70973e094d32f3d3a4da17ecbe3cdf1e16cab7fdedbbe469fd33bd7e7f3"",""pattern_length"":32}",262144,4.875,30,0.0625,0.0,0.0,1.0,1,0.9998779296875,0.00048828125,4.875,0.0
sample_000327,long_runs,20261310,262144,"{""byte_distribution"":""uniform_without_adjacent_run_duplicates"",""max_run_length"":32,""min_run_length"":8}",262144,7.9845046016148284,256,0.005184173583984375,0.00390625,0.9501646048149293,20.064600076540376,32,0.29608154296875,0.1854248046875,6.9240816651126815,0.06804679219800884
sample_000328,structured,20261311,262144,"{""format"":""log"",""group_count"":16,""value_range"":[0,9999]}",262144,4.787878792693439,35,0.08771514892578125,0.0,0.016727511320157318,1.0170120150993758,4,0.52325439453125,0.00262451171875,4.785864232451543,0.009247445668916335
sample_000329,mixed,20261312,262144,"{""segments"":[{""generator"":""small_alphabet"",""parameters"":{""alphabet"":[3,173],""alphabet_size"":2,""distribution"":""uniform""},""size"":52429},{""generator"":""random"",""parameters"":{""distribution"":""uniform_bytes""},""size"":52429},{""generator"":""long_runs"",""parameters"":{""byte_distribution"":""uniform_without_adjacent_run_duplicates"",""max_run_length"":128,""min_run_length"":32},""size"":52429},{""generator"":""structured"",""parameters"":{""format"":""jsonl"",""group_count"":16,""value_range"":[0,9999]},""size"":52429},{""generator"":""repeated_pattern"",""parameters"":{""pattern_hex"":""d2dc3939943792aa"",""pattern_length"":8},""size"":52428}]}",262144,6.47332271919747,256,0.10405731201171875,0.00353240966796875,0.32514314706095526,1.481793002091459,128,0.41986083984375,0.5577545166015625,4.3649668653537965,2.3282357504486253
sample_000330,random,20261313,1048576,"{""distribution"":""uniform_bytes""}",1048576,7.99980813788244,256,0.004137992858886719,0.0038919448852539062,0.003933910306845004,1.0039494432960474,3,0.0,1.0,7.955029160631305,0.004100721353521459
sample_000331,small_alphabet,20261314,1048576,"{""alphabet"":[66,93,108,131,217,224,228,243],""alphabet_size"":8,""distribution"":""uniform""}",1048576,2.999994409170358,8,0.12569904327392578,0.0,0.12433922227785328,1.1419945828618476,7,0.0,0.0009765625,2.9987049098974907,0.0007578269622808794
sample_000332,repeated_pattern,20261315,1048576,"{""pattern_hex"":""075285e17f64bf26"",""pattern_length"":8}",1048576,3.0,8,0.125,0.0,0.0,1.0,1,0.9999847412109375,0.0001220703125,3.0,0.0
sample_000333,long_runs,20261316,1048576,"{""byte_distribution"":""uniform_without_adjacent_run_duplicates"",""max_run_length"":512,""min_run_length"":128}",1048576,7.923277191848739,256,0.007198333740234375,0.005228996276855469,0.996891972438786,321.64907975460125,512,0.9496002197265625,0.0522003173828125,3.602385437246069,0.1433174027503199
sample_000334,structured,20261317,1048576,"{""format"":""csv"",""group_count"":16,""value_range"":[0,9999]}",1048576,3.4556671164835495,25,0.1986064910888672,0.0,0.04866127840164032,1.0511502670038926,5,0.0,0.0024566650390625,3.387873780700114,0.034293371977158954
sample_000335,mixed,20261318,1048576,"{""segments"":[{""generator"":""random"",""parameters"":{""distribution"":""uniform_bytes""},""size"":209716},{""generator"":""small_alphabet"",""parameters"":{""alphabet"":[6,94],""alphabet_size"":2,""distribution"":""uniform""},""size"":209715},{""generator"":""structured"",""parameters"":{""format"":""csv"",""group_count"":16,""value_range"":[0,9999]},""size"":209715},{""generator"":""long_runs"",""parameters"":{""byte_distribution"":""uniform_without_adjacent_run_duplicates"",""max_run_length"":2048,""min_run_length"":512},""size"":209715},{""generator"":""repeated_pattern"",""parameters"":{""pattern_hex"":""aeca12b72f7de519a9f8ae805b34952d3ee60b9aa3eca1201af1fa8414beac9faa2080d22fc2ab7c95479a8a08741831896f0d8675a834225543f8817b6ed39ddb7fe17a9a442bae3763f6ccef5e2f06a8b3ac9c7b7e466be62062b78e576d3ee329d026929268d3038d8db008a00da296162b11938c42010b35a05fbae64107"",""pattern_length"":128},""size"":209715}]}",1048576,6.7459928265326035,256,0.10375022888183594,0.0023756027221679688,0.3135874877810362,1.456849265584448,2044,0.41436767578125,0.9595794677734375,4.158383243354174,2.6703908863460217
sample_000336,random,20261319,16384,"{""distribution"":""uniform_bytes""}",16384,7.98980946716669,256,0.00518798828125,0.00421142578125,0.005005188304950253,1.0050300576616367,2,0.0,0.8856131355673564,7.953862440348965,0.004451318517553987
sample_000337,small_alphabet,20261320,16384,"{""alphabet"":[7,27],""alphabet_size"":2,""distribution"":""uniform""}",16384,0.9999921640262831,2,0.50164794921875,0.0,0.49923701397790393,1.9968312004875075,13,0.005859375,0.00024415552707074406,0.9998604694891091,0.00014837830124208337
sample_000338,repeated_pattern,20261321,16384,"{""pattern_hex"":""f24a821611b01ea51e8f6d12f87f2ef897197c697f43490381036be2c13b06c5"",""pattern_length"":32}",16384,4.75,28,0.0625,0.0,0.0,1.0,1,0.998046875,0.0019532442165659525,4.75,0.0
sample_000339,long_runs,20261322,16384,"{""byte_distribution"":""uniform_without_adjacent_run_duplicates"",""max_run_length"":32,""min_run_length"":8}",16384,7.709502976060845,244,0.01116943359375,0.003662109375,0.9505585057681744,20.20221948212084,32,0.1474609375,0.06402978697430263,6.941783435537867,0.01995565169039522
sample_000340,structured,20261323,16384,"{""format"":""jsonl"",""group_count"":16,""value_range"":[0,9999]}",16384,4.532815425554342,31,0.16522216796875,0.0,0.011841543062931087,1.0119827053736874,3,0.275390625,0.010010376609900506,4.528750067050709,0.01092921701316763
sample_000341,mixed,20261324,16384,"{""segments"":[{""generator"":""random"",""parameters"":{""distribution"":""uniform_bytes""},""size"":3277},{""generator"":""long_runs"",""parameters"":{""byte_distribution"":""uniform_without_adjacent_run_duplicates"",""max_run_length"":128,""min_run_length"":32},""size"":3277},{""generator"":""structured"",""parameters"":{""format"":""log"",""group_count"":16,""value_range"":[0,9999]},""size"":3277},{""generator"":""repeated_pattern"",""parameters"":{""pattern_hex"":""3d622453"",""pattern_length"":4},""size"":3277},{""generator"":""small_alphabet"",""parameters"":{""alphabet"":[18,97,118,136,142,158,198,231],""alphabet_size"":8,""distribution"":""uniform""},""size"":3276}]}",16384,6.459408182012199,256,0.06402587890625,0.00091552734375,0.2252945126045291,1.2907901993224613,119,0.3251953125,0.21320881401452726,5.219586130965885,1.6160222976421916
sample_000342,random,20261325,65536,"{""distribution"":""uniform_bytes""}",65536,7.997095349362882,256,0.0045013427734375,0.00439453125,0.004257267109178301,1.0042754034049988,3,0.0,0.6329289692530708,7.9535701540753525,0.0028200532411743378
sample_000343,small_alphabet,20261326,65536,"{""alphabet"":[76,186],""alphabet_size"":2,""distribution"":""uniform""}",65536,0.9999872060652939,2,0.502105712890625,0.0,0.49954985885404746,1.9981706201597658,16,0.03125,6.103608758678569e-05,0.9997174318601307,0.00044949650541966
sample_000344,repeated_pattern,20261327,65536,"{""pattern_hex"":""98512afeb51896cc3f4e0aa1ad5b5970"",""pattern_length"":16}",65536,4.0,16,0.0625,0.0,0.0,1.0,1,0.999755859375,0.00024414435034714275,4.0,0.0
sample_000345,long_runs,20261328,65536,"{""byte_distribution"":""uniform_without_adjacent_run_duplicates"",""max_run_length"":32,""min_run_length"":8}",65536,7.93507469777178,256,0.00738525390625,0.00408935546875,0.9500114442664225,19.99877937137626,32,0.2412109375,0.05282673380636301,6.924391193304276,0.05301590807737338
sample_000346,structured,20261329,65536,"{""format"":""log"",""group_count"":16,""value_range"":[0,9999]}",65536,4.787811571258818,35,0.0878143310546875,0.0,0.016601815823605707,1.0168818272095332,4,0.342041015625,0.0026245517662317848,4.785648999901628,0.006839299155199415
sample_000347,mixed,20261330,65536,"{""segments"":[{""generator"":""small_alphabet"",""parameters"":{""alphabet"":[36,82],""alphabet_size"":2,""distribution"":""uniform""},""size"":13108},{""generator"":""repeated_pattern"",""parameters"":{""pattern_hex"":""588bf2770ea833ba"",""pattern_length"":8},""size"":13107},{""generator"":""long_runs"",""parameters"":{""byte_distribution"":""uniform_without_adjacent_run_duplicates"",""max_run_length"":32,""min_run_length"":8},""size"":13107},{""generator"":""random"",""parameters"":{""distribution"":""uniform_bytes""},""size"":13107},{""generator"":""structured"",""parameters"":{""format"":""csv"",""group_count"":16,""value_range"":[0,9999]},""size"":13107}]}",65536,6.3758906264714375,256,0.1019744873046875,0.0013427734375,0.2976272220950637,1.4237361777932263,32,0.221923828125,0.19476615548943313,4.579402991042891,2.527074814532182
sample_000348,random,20261331,262144,"{""distribution"":""uniform_bytes""}",262144,7.999319501548007,256,0.004367828369140625,0.003948211669921875,0.0038147118175957395,1.0038293049045737,3,0.0,0.9820709228515625,7.954169276788409,0.0038664216212078717
sample_000349,small_alphabet,20261332,262144,"{""alphabet"":[24,27,36,37,51,53,92,120,122,129,136,152,156,182,213,246],""alphabet_size"":16,""distribution"":""uniform""}",262144,3.99994129119471,16,0.06349945068359375,0.0,0.06153893104145447,1.0655740370388436,5,0.0,0.00390625,3.9972015438931026,0.001059393898576875
sample_000350,repeated_pattern,20261333,262144,"{""pattern_hex"":""742771bd4305fcb5"",""pattern_length"":8}",262144,3.0,8,0.125,0.0,0.0,1.0,1,0.99993896484375,0.0001220703125,3.0,0.0
sample_000351,long_runs,20261334,262144,"{""byte_distribution"":""uniform_without_adjacent_run_duplicates"",""max_run_length"":32,""min_run_length"":8}",262144,7.983316814702197,256,0.005611419677734375,0.00469207763671875,0.9501836783740172,20.07228177641654,32,0.2962646484375,0.1848602294921875,6.929768444508376,0.061349649688466075
sample_000352,structured,20261335,262144,"{""format"":""csv"",""group_count"":16,""value_range"":[0,9999]}",262144,3.4194861893720514,25,0.20491790771484375,0.0,0.04750842097633734,1.0498778485321798,5,0.0,0.0024566650390625,3.3723637855511694,0.03914614574718169
sample_000353,mixed,20261336,262144,"{""segments"":[{""generator"":""repeated_pattern"",""parameters"":{""pattern_hex"":""b2131b896a39be30d076594a46b9fe1db3a1615f76c3c1bda842489d15a1436b220d69325c0624cec14f22b104d89cda1b28f0a745a751f88c12820c184795c6"",""pattern_length"":64},""size"":52429},{""generator"":""small_alphabet"",""parameters"":{""alphabet"":[46,48,73,84,118,131,154,168,170,175,176,189,195,204,234,241],""alphabet_size"":16,""distribution"":""uniform""},""size"":52429},{""generator"":""long_runs"",""parameters"":{""byte_distribution"":""uniform_without_adjacent_run_duplicates"",""max_run_length"":128,""min_run_length"":32},""size"":52429},{""generator"":""random"",""parameters"":{""distribution"":""uniform_bytes""},""size"":52429},{""generator"":""structured"",""parameters"":{""format"":""log"",""group_count"":16,""value_range"":[0,9999]},""size"":52428}]}",262144,7.345499401574384,256,0.031597137451171875,0.001094818115234375,0.2139099651716811,1.2721175916804566,128,0.40838623046875,0.559295654296875,5.622055717165308,1.3087748146291593
sample_000354,random,20261337,1048576,"{""distribution"":""uniform_bytes""}",1048576,7.9997963772152145,256,0.004062652587890625,0.003985404968261719,0.00383758910902892,1.0038523692453798,3,0.0,1.0,7.9546468001330926,0.003970496430865214
sample_000355,small_alphabet,20261338,1048576,"{""alphabet"":[24,73,102,248],""alphabet_size"":4,""distribution"":""uniform""}",1048576,1.999998755243508,4,0.25051021575927734,0.0,0.24983811363040317,1.3330451740524434,9,1.52587890625e-05,0.000244140625,1.9994929327546633,0.00039407504814282645
sample_000356,repeated_pattern,20261339,1048576,"{""pattern_hex"":""64d1dcdd"",""pattern_length"":4}",1048576,2.0,4,0.25,0.0,0.0,1.0,1,0.9999847412109375,6.103515625e-05,2.0,0.0
sample_000357,long_runs,20261340,1048576,"{""byte_distribution"":""uniform_without_adjacent_run_duplicates"",""max_run_length"":2048,""min_run_length"":512}",1048576,7.73633832006252,248,0.011015892028808594,0.007282257080078125,0.9992275230670196,1292.9420468557337,2046,0.984710693359375,0.016082763671875,1.8223115493138646,0.2471383532345996
sample_000358,structured,20261341,1048576,"{""format"":""csv"",""group_count"":16,""value_range"":[0,9999]}",1048576,3.4559844210391577,25,0.19864368438720703,0.0,0.0488081443864292,1.0513125666108882,5,0.0,0.0024566650390625,3.3879533758886744,0.034643685574050724
sample_000359,mixed,20261342,1048576,"{""segments"":[{""generator"":""random"",""parameters"":{""distribution"":""uniform_bytes""},""size"":209716},{""generator"":""long_runs"",""parameters"":{""byte_distribution"":""uniform_without_adjacent_run_duplicates"",""max_run_length"":32,""min_run_length"":8},""size"":209715},{""generator"":""repeated_pattern"",""parameters"":{""pattern_hex"":""27e0712f0e6f4eb9"",""pattern_length"":8},""size"":209715},{""generator"":""small_alphabet"",""parameters"":{""alphabet"":[32,39,43,61,64,72,82,125,148,162,163,191,197,199,204,237],""alphabet_size"":16,""distribution"":""uniform""},""size"":209715},{""generator"":""structured"",""parameters"":{""format"":""jsonl"",""group_count"":16,""value_range"":[0,9999]},""size"":209715}]}",1048576,7.034490230004106,256,0.039035797119140625,0.0018310546875,0.20578499392032043,1.2591045815596875,32,0.3390960693359375,0.9647674560546875,5.299754345332406,1.8543295291357378
sample_000360,random,20261343,16384,"{""distribution"":""uniform_bytes""}",16384,7.98808060181739,256,0.00579833984375,0.0037841796875,0.003967527314899591,1.0039830871989706,2,0.0,0.886467679912104,7.954422036946207,0.0020279421630083993
sample_000361,small_alphabet,20261344,16384,"{""alphabet"":[3,11,19,38,41,50,88,103,105,152,180,186,207,229,231,235],""alphabet_size"":16,""distribution"":""uniform""}",16384,3.998981543498541,16,0.06597900390625,0.0,0.06494537020081792,1.0694516971279373,4,0.0,0.01562595373252762,3.9969861138426115,0.0004210145051702313
sample_000362,repeated_pattern,20261345,16384,"{""pattern_hex"":""8bb9539051f5f039b3c1692fad6ecdd2d8b6e0f1978715327bd5de35da1254acf0f97fdd998391fe4a49664c50b1a7e2550e00d9d0e9120092e8b34f374a1dd7776b8b2bc9b2dc6652d46ceca615e14669d52c87650357d581d508ff10fd41fcfba62ec2a4d53dc4d117a9415cfc9917669b102a9999726695fcbdff06aba45f"",""pattern_length"":128}",16384,6.512777125182811,101,0.0390625,0.015625,0.00781297686626381,1.0078740157480315,2,0.9921875,0.00781297686626381,6.512777125182811,0.0
sample_000363,long_runs,20261346,16384,"{""byte_distribution"":""uniform_without_adjacent_run_duplicates"",""max_run_length"":512,""min_run_length"":128}",16384,5.606421246791904,53,0.033447265625,0.0,0.9967039003845449,297.8909090909091,511,0.8984375,0.006531160349142404,3.6923326470137527,0.12094512665378997
sample_000364,structured,20261347,16384,"{""format"":""csv"",""group_count"":16,""value_range"":[0,9999]}",16384,3.399080106894173,25,0.22418212890625,0.0,0.047732405542330464,1.0501217792590694,4,0.0,0.009827259964597448,3.3829842806581603,0.035091652463815806
sample_000365,mixed,20261348,16384,"{""segments"":[{""generator"":""structured"",""parameters"":{""format"":""csv"",""group_count"":16,""value_range"":[0,9999]},""size"":3277},{""generator"":""repeated_pattern"",""parameters"":{""pattern_hex"":""739d68c5428a7efb560c7cee6f52fc97"",""pattern_length"":16},""size"":3277},{""generator"":""long_runs"",""parameters"":{""byte_distribution"":""uniform_without_adjacent_run_duplicates"",""max_run_length"":512,""min_run_length"":128},""size"":3277},{""generator"":""random"",""parameters"":{""distribution"":""uniform_bytes""},""size"":3277},{""generator"":""small_alphabet"",""parameters"":{""alphabet"":[167,227],""alphabet_size"":2,""distribution"":""uniform""},""size"":3276}]}",16384,5.970125530705866,256,0.10107421875,0.0008544921875,0.30897881950802664,1.447094152976506,458,0.3798828125,0.20661661478361718,4.548378723361356,1.2956415219977668
sample_000366,random,20261349,65536,"{""distribution"":""uniform_bytes""}",65536,7.997237704378258,256,0.004638671875,0.004058837890625,0.003906309605554284,1.003921568627451,3,0.0,0.6291905088883802,7.953850592446522,0.0030596636647830283
sample_000367,small_alphabet,20261350,65536,"{""alphabet"":[33,94,126,140,148,174,218,253],""alphabet_size"":8,""distribution"":""uniform""}",65536,2.999913382746698,8,0.126708984375,0.0,0.12401007095445182,1.1415631695378774,6,0.0,0.000976577401388571,2.99889553273016,0.0005918200918585726
sample_000368,repeated_pattern,20261351,65536,"{""pattern_hex"":""7bc25fe7c103353b99ab04c17657d91527358f66ba97f6245d356dd6dbbe5f73"",""pattern_length"":32}",65536,4.726409765557392,28,0.09375,0.0,0.0,1.0,1,0.99951171875,0.0004882887006942855,4.726409765557392,0.0
sample_000369,long_runs,20261352,65536,"{""byte_distribution"":""uniform_without_adjacent_run_duplicates"",""max_run_length"":32,""min_run_length"":8}",65536,7.94151499229314,256,0.0070343017578125,0.003204345703125,0.9508964675364309,20.359117738428083,32,0.2578125,0.05166704814221408,6.91119901779935,0.05453377626804995
sample_000370,structured,20261353,65536,"{""format"":""csv"",""group_count"":16,""value_range"":[0,9999]}",65536,3.418732709595494,25,0.213958740234375,0.0,0.04524299992370489,1.047386169311662,4,0.0,0.002456702525368124,3.38483931222666,0.029124571014931485
sample_000371,mixed,20261354,65536,"{""segments"":[{""generator"":""structured"",""parameters"":{""format"":""jsonl"",""group_count"":16,""value_range"":[0,9999]},""size"":13108},{""generator"":""long_runs"",""parameters"":{""byte_distribution"":""uniform_without_adjacent_run_duplicates"",""max_run_length"":32,""min_run_length"":8},""size"":13107},{""generator"":""random"",""parameters"":{""distribution"":""uniform_bytes""},""size"":13107},{""generator"":""repeated_pattern"",""parameters"":{""pattern_hex"":""4d035f1c"",""pattern_length"":4},""size"":13107},{""generator"":""small_alphabet"",""parameters"":{""alphabet"":[53,123],""alphabet_size"":2,""distribution"":""uniform""},""size"":13107}]}",65536,6.339377508903966,256,0.10565185546875,0.0016021728515625,0.2956282902265965,1.4196958537325073,32,0.267333984375,0.19479667353322652,4.624619524434738,2.606881088456431
sample_000372,random,20261355,262144,"{""distribution"":""uniform_bytes""}",262144,7.999266837843303,256,0.004222869873046875,0.003917694091796875,0.003974929713934761,1.003990777550536,3,0.0,0.981719970703125,7.9551882073877875,0.003929531745998289
sample_000373,small_alphabet,20261356,262144,"{""alphabet"":[45,74,92,96,100,215,221,230],""alphabet_size"":8,""distribution"":""uniform""}",262144,2.9999680107245394,8,0.12630844116210938,0.0,0.12404679888457826,1.141612883558482,7,0.0,0.0009765625,2.9987063924344457,0.00070493015520731
sample_000374,repeated_pattern,20261357,262144,"{""pattern_hex"":""50d40f43c384aff5747e7c4e3ade85b5"",""pattern_length"":16}",262144,4.0,16,0.0625,0.0,0.0,1.0,1,0.99993896484375,0.000244140625,4.0,0.0
sample_000375,long_runs,20261358,262144,"{""byte_distribution"":""uniform_without_adjacent_run_duplicates"",""max_run_length"":512,""min_run_length"":128}",262144,7.738776977601994,251,0.01186370849609375,0.00628662109375,0.9968452333268483,316.5990338164251,512,0.93731689453125,0.0163116455078125,3.6340275257644596,0.13805291073416326
sample_000376,structured,20261359,262144,"{""format"":""csv"",""group_count"":16,""value_range"":[0,9999]}",262144,3.419448062544311,25,0.20489501953125,0.0,0.047870818599008935,1.0502774494681384,5,0.0,0.0024566650390625,3.3720211418463686,0.03860545872856019
sample_000377,mixed,20261360,262144,"{""segments"":[{""generator"":""repeated_pattern"",""parameters"":{""pattern_hex"":""2dd1584d"",""pattern_length"":4},""size"":52429},{""generator"":""structured"",""parameters"":{""format"":""log"",""group_count"":16,""value_range"":[0,9999]},""size"":52429},{""generator"":""random"",""parameters"":{""distribution"":""uniform_bytes""},""size"":52429},{""generator"":""long_runs"",""parameters"":{""byte_distribution"":""uniform_without_adjacent_run_duplicates"",""max_run_length"":2048,""min_run_length"":512},""size"":52429},{""generator"":""small_alphabet"",""parameters"":{""alphabet"":[3,16,55,65,77,94,99,117,125,146,167,173,189,198,200,245],""alphabet_size"":16,""distribution"":""uniform""},""size"":52428}]}",262144,6.590003646025988,256,0.06316757202148438,0.000759124755859375,0.21648108093674062,1.2762920226879915,2024,0.4552001953125,0.55303955078125,4.143820204158451,2.1954436589777266
sample_000378,random,20261361,1048576,"{""distribution"":""uniform_bytes""}",1048576,7.999802313112373,256,0.0040874481201171875,0.0038709640502929688,0.0037946737238633383,1.0038091244757548,3,0.0,1.0,7.954587779866944,0.004306908325987453
sample_000379,small_alphabet,20261362,1048576,"{""alphabet"":[125,137,146,169],""alphabet_size"":4,""distribution"":""uniform""}",1048576,1.9999981452784032,4,0.25038719177246094,0.0,0.25003170970126126,1.33338928457437,14,0.0,0.000244140625,1.9994378556135386,0.0004735664288567667
sample_000380,repeated_pattern,20261363,1048576,"{""pattern_hex"":""01261cb303fbe3c655fb5a3ea7f3442a06ddac30e37e5aea7c2a25ad99108144"",""pattern_length"":32}",1048576,4.6875,27,0.0625,0.0,0.0,1.0,1,0.999969482421875,0.00048828125,4.6875,0.0
sample_000381,long_runs,20261364,1048576,"{""byte_distribution"":""uniform_without_adjacent_run_duplicates"",""max_run_length"":128,""min_run_length"":32}",1048576,7.985909470303148,256,0.005593299865722656,0.0044498443603515625,0.9875144839424934,80.08676391965172,128,0.8101654052734375,0.185302734375,5.429537897467413,0.08341064771238701
sample_000382,structured,20261365,1048576,"{""format"":""csv"",""group_count"":16,""value_range"":[0,9999]}",1048576,3.4558370644652787,25,0.19866561889648438,0.0,0.04849915361323701,1.0509711632811176,5,0.0,0.0024566650390625,3.3884443573908776,0.03387510655427141
sample_000383,mixed,20261366,1048576,"{""segments"":[{""generator"":""repeated_pattern"",""parameters"":{""pattern_hex"":""81d4e4878522b426407631a3a498d999215c4a2186cd7b80e3cfe01ba74bb0ee"",""pattern_length"":32},""size"":209716},{""generator"":""small_alphabet"",""parameters"":{""alphabet"":[8,10,89,145,165,200,201,215],""alphabet_size"":8,""distribution"":""uniform""},""size"":209715},{""generator"":""long_runs"",""parameters"":{""byte_distribution"":""uniform_without_adjacent_run_duplicates"",""max_run_length"":128,""min_run_length"":32},""size"":209715},{""generator"":""random"",""parameters"":{""distribution"":""uniform_bytes""},""size"":209715},{""generator"":""structured"",""parameters"":{""format"":""jsonl"",""group_count"":16,""value_range"":[0,9999]},""size"":209715}]}",1048576,7.151781729821962,256,0.04001045227050781,0.0017223358154296875,0.22580645161290322,1.2916663073832133,128,0.4405975341796875,0.961578369140625,5.178355309559118,1.605138215378571
sample_000384,random,20261367,16384,"{""distribution"":""uniform_bytes""}",16384,7.9880700660582935,256,0.00537109375,0.0032958984375,0.004028566196667277,1.0040446133104548,2,0.0,0.886467679912104,7.952833005392857,0.0027946589817093993
sample_000385,small_alphabet,20261368,16384,"{""alphabet"":[53,63,99,116,139,146,153,213],""alphabet_size"":8,""distribution"":""uniform""}",16384,2.999647755556533,8,0.13037109375,0.0,0.12006348043703839,1.136436151765277,4,0.0,0.003906488433131905,2.9986927287178213,0.0008523123684768344
sample_000386,repeated_pattern,20261369,16384,"{""pattern_hex"":""93f59bcd9134ee4655533f52b23a0cd4c7355a1041af1e7514869339142c657d55603b86ffc49669d0f572c46dfc07e49fab63eadbf4a6abf89f4c1d5c894969a882b186d29aba2cf2ba7cefc700f57f80bbcf4d74c6cb8c4d43aa370d0e6c718cbd0203f42a26063032a96ff290aef6cef019a925381773eaaaac70854ac780"",""pattern_length"":128}",16384,6.622932324168044,105,0.0234375,0.0078125,0.0,1.0,1,0.9921875,0.00781297686626381,6.622932324168044,0.0
sample_000387,long_runs,20261370,16384,"{""byte_distribution"":""uniform_without_adjacent_run_duplicates"",""max_run_length"":32,""min_run_length"":8}",16384,7.718097723657759,244,0.01251220703125,0.00439453125,0.9495818836598914,19.81136638452237,32,0.1259765625,0.06488433131905023,6.92586102225585,0.06264412656663271
sample_000388,structured,20261371,16384,"{""format"":""csv"",""group_count"":16,""value_range"":[0,9999]}",16384,3.3987467515374448,25,0.22430419921875,0.0,0.04767136666056278,1.050054476703198,4,0.0,0.009827259964597448,3.381992636864668,0.03609858226249423
sample_000389,mixed,20261372,16384,"{""segments"":[{""generator"":""small_alphabet"",""parameters"":{""alphabet"":[58,72,73,88,96,98,131,151,175,179,198,204,227,230,236,249],""alphabet_size"":16,""distribution"":""uniform""},""size"":3277},{""generator"":""repeated_pattern"",""parameters"":{""pattern_hex"":""68f5b2618803bbc9"",""pattern_length"":8},""size"":3277},{""generator"":""long_runs"",""parameters"":{""byte_distribution"":""uniform_without_adjacent_run_duplicates"",""max_run_length"":128,""min_run_length"":32},""size"":3277},{""generator"":""random"",""parameters"":{""distribution"":""uniform_bytes""},""size"":3277},{""generator"":""structured"",""parameters"":{""format"":""jsonl"",""group_count"":16,""value_range"":[0,9999]},""size"":3276}]}",16384,6.742510888370549,256,0.03594970703125,0.00482177734375,0.2125984251968504,1.2699790713898147,126,0.3720703125,0.2238906183238723,5.457966402357894,1.10696753733454
sample_000390,random,20261373,65536,"{""distribution"":""uniform_bytes""}",65536,7.997139555973589,256,0.0045166015625,0.004119873046875,0.0036774242771038376,1.0036909411134083,3,0.0,0.6323033493553063,7.953187880367805,0.003930323503282067
sample_000391,small_alphabet,20261374,65536,"{""alphabet"":[29,61,72,108,141,188,219,252],""alphabet_size"":8,""distribution"":""uniform""}",65536,2.9999253629372813,8,0.1263427734375,0.0,0.1253986419470512,1.143375553927213,6,0.0,0.000976577401388571,2.998702542351959,0.0006135728583627212
sample_000392,repeated_pattern,20261375,65536,"{""pattern_hex"":""c31a8d79"",""pattern_length"":4}",65536,2.0,4,0.25,0.0,0.0,1.0,1,0.999755859375,6.103608758678569e-05,2.0,0.0
sample_000393,long_runs,20261376,65536,"{""byte_distribution"":""uniform_without_adjacent_run_duplicates"",""max_run_length"":128,""min_run_length"":32}",65536,7.733339447744079,243,0.0107421875,0.0066986083984375,0.9875028610666057,79.9219512195122,128,0.757080078125,0.016113527122911423,5.4233379347596395,0.10289713782914439
sample_000394,structured,20261377,65536,"{""format"":""jsonl"",""group_count"":16,""value_range"":[0,9999]}",65536,4.549202472796979,31,0.163543701171875,0.0,0.01266498817425803,1.012827249405001,4,0.351806640625,0.0025024795910582134,4.537116522058253,0.00996349076760807
sample_000395,mixed,20261378,65536,"{""segments"":[{""generator"":""structured"",""parameters"":{""format"":""csv"",""group_count"":16,""value_range"":[0,9999]},""size"":13108},{""generator"":""repeated_pattern"",""parameters"":{""pattern_hex"":""845cdfc62cb3c375aa725f86360a074c947c33efc56c5c561ee37bb55f9284b6"",""pattern_length"":32},""size"":13107},{""generator"":""small_alphabet"",""parameters"":{""alphabet"":[19,22,47,51,64,77,85,106,120,168,194,202,203,216,219,252],""alphabet_size"":16,""distribution"":""uniform""},""size"":13107},{""generator"":""long_runs"",""parameters"":{""byte_distribution"":""uniform_without_adjacent_run_duplicates"",""max_run_length"":2048,""min_run_length"":512},""size"":13107},{""generator"":""random"",""parameters"":{""distribution"":""uniform_bytes""},""size"":13107}]}",65536,6.646037235003683,256,0.0528106689453125,0.000732421875,0.22064545662623025,1.2831075260396272,1799,0.39453125,0.1867551689936675,4.5316573520897245,1.9009999766190129
sample_000396,random,20261379,262144,"{""distribution"":""uniform_bytes""}",262144,7.999352063823119,256,0.004291534423828125,0.00394439697265625,0.004085556356645037,1.0041023008890233,3,0.0,0.981689453125,7.95496013753629,0.004055417373653718
sample_000397,small_alphabet,20261380,262144,"{""alphabet"":[24,39,64,138,147,156,202,254],""alphabet_size"":8,""distribution"":""uniform""}",262144,2.9999808937153043,8,0.12585830688476562,0.0,0.1258854899806594,1.1440142443179835,6,0.0,0.0009765625,2.9988298357097505,0.0005990981428413756
sample_000398,repeated_pattern,20261381,262144,"{""pattern_hex"":""4b5eecf6b6c25f50aa300df1974f4e9e"",""pattern_length"":16}",262144,4.0,16,0.0625,0.0,0.0,1.0,1,0.99993896484375,0.000244140625,4.0,0.0
sample_000399,long_runs,20261382,262144,"{""byte_distribution"":""uniform_without_adjacent_run_duplicates"",""max_run_length"":512,""min_run_length"":128}",262144,7.720112701261957,244,0.01067352294921875,0.000675201416015625,0.9967994567850371,312.0761904761905,512,0.937255859375,0.0164337158203125,3.6394229538778573,0.13562680622329107
sample_000400,structured,20261383,262144,"{""format"":""log"",""group_count"":16,""value_range"":[0,9999]}",262144,4.788005797018357,35,0.087799072265625,0.0,0.016830508539232403,1.0171185572610308,4,0.51959228515625,0.00262451171875,4.78578118089377,0.009320470512463873
sample_000401,mixed,20261384,262144,"{""segments"":[{""generator"":""repeated_pattern"",""parameters"":{""pattern_hex"":""a4d8053c1140dbbb2047f0f3bbc58af287eaeb965b5f02c5ccb3aea35685b363"",""pattern_length"":32},""size"":52429},{""generator"":""long_runs"",""parameters"":{""byte_distribution"":""uniform_without_adjacent_run_duplicates"",""max_run_length"":2048,""min_run_length"":512},""size"":52429},{""generator"":""small_alphabet"",""parameters"":{""alphabet"":[101,157],""alphabet_size"":2,""distribution"":""uniform""},""size"":52429},{""generator"":""random"",""parameters"":{""distribution"":""uniform_bytes""},""size"":52429},{""generator"":""structured"",""parameters"":{""format"":""jsonl"",""group_count"":16,""value_range"":[0,9999]},""size"":52428}]}",262144,6.535905480803826,256,0.1125946044921875,0.000682830810546875,0.3027431592680331,1.4341893621910253,2044,0.46856689453125,0.5540771484375,4.091783102165798,2.398172096509658
sample_000402,random,20261385,1048576,"{""distribution"":""uniform_bytes""}",1048576,7.999844439690517,256,0.004071235656738281,0.003909111022949219,0.0039205588536823785,1.0039359863662258,3,0.0,1.0,7.954908835632464,0.003968439189736517
sample_000403,small_alphabet,20261386,1048576,"{""alphabet"":[3,14,17,74,96,191,204,224],""alphabet_size"":8,""distribution"":""uniform""}",1048576,2.9999994161801338,8,0.12515640258789062,0.0,0.12536442314569773,1.1433331661436537,7,0.0,0.0009765625,2.9988435817854455,0.0006201242897638835
sample_000404,repeated_pattern,20261387,1048576,"{""pattern_hex"":""f923bccf5e292ff4a048915e8cf902e24b2248075dd4f1635a8aeb4a5dd18198b34ae3399cca3cece9a71fbd4362a4e5f3ef02b4f9c71178daf099f0da5b5cb1"",""pattern_length"":64}",1048576,5.706954882778696,55,0.046875,0.0,0.0,1.0,1,0.99993896484375,0.0009765625,5.706954882778696,0.0
sample_000405,long_runs,20261388,1048576,"{""byte_distribution"":""uniform_without_adjacent_run_duplicates"",""max_run_length"":128,""min_run_length"":32}",1048576,7.987351837185629,256,0.0057125091552734375,0.00383758544921875,0.987469661206876,79.80030441400305,128,0.809600830078125,0.1858062744140625,5.432942151083344,0.09339976231722495
sample_000406,structured,20261389,1048576,"{""format"":""jsonl"",""group_count"":16,""value_range"":[0,9999]}",1048576,4.578779690359768,31,0.15926837921142578,0.0,0.013863576758934746,1.0140584639457506,5,0.448974609375,0.00250244140625,4.555723917471246,0.01162602410462786
sample_000407,mixed,20261390,1048576,"{""segments"":[{""generator"":""repeated_pattern"",""parameters"":{""pattern_hex"":""9de29d1fc8c306981d1a011028b2f5a81e9e8e0fb895c18c1f0d0cfc5317c3256d16b4675e4ace208220fc4d5d337f573b71a8c1541d5306247c0b7adb7da3ee9ee7a8f75d1719f0df79e55551d504c4fb52b5d8b347a00b5816c3958eaa40d938f7b457e1ff530fdf4f8bf0a96ddc48a76bec710087f279338041fb1a198122"",""pattern_length"":128},""size"":209716},{""generator"":""structured"",""parameters"":{""format"":""jsonl"",""group_count"":16,""value_range"":[0,9999]},""size"":209715},{""generator"":""small_alphabet"",""parameters"":{""alphabet"":[49,71,90,115,146,172,179,214],""alphabet_size"":8,""distribution"":""uniform""},""size"":209715},{""generator"":""long_runs"",""parameters"":{""byte_distribution"":""uniform_without_adjacent_run_duplicates"",""max_run_length"":512,""min_run_length"":128},""size"":209715},{""generator"":""random"",""parameters"":{""distribution"":""uniform_bytes""},""size"":209715}]}",1048576,7.287092079155572,256,0.03506660461425781,0.0033998489379882812,0.22756216770378848,1.2946022025779051,512,0.4689788818359375,0.959381103515625,5.123431640586019,1.8351294362542567
sample_000408,random,20261391,16384,"{""distribution"":""uniform_bytes""}",16384,7.989288782467714,256,0.0054931640625,0.00390625,0.003906488433131905,1.003921568627451,2,0.0,0.8846365134590735,7.954393868355257,0.004403564028839649
sample_000409,small_alphabet,20261392,16384,"{""alphabet"":[12,108],""alphabet_size"":2,""distribution"":""uniform""}",16384,0.999989670267379,2,0.50189208984375,0.0,0.5032655801745712,2.0130237129868536,14,0.0009765625,0.00024415552707074406,0.9999538649929489,2.705955540085676e-05
sample_000410,repeated_pattern,20261393,16384,"{""pattern_hex"":""50c51d1f"",""pattern_length"":4}",16384,2.0,4,0.25,0.0,0.0,1.0,1,0.9990234375,0.00024415552707074406,2.0,0.0
sample_000411,long_runs,20261394,16384,"{""byte_distribution"":""uniform_without_adjacent_run_duplicates"",""max_run_length"":512,""min_run_length"":128}",16384,5.376863521496198,48,0.07513427734375,0.029052734375,0.9968259781480803,309.1320754716981,510,0.9033203125,0.0061038881767686015,3.58003461943626,0.2403880558129083
sample_000412,structured,20261395,16384,"{""format"":""log"",""group_count"":16,""value_range"":[0,9999]}",16384,4.7851356952314354,35,0.087890625,0.0,0.017579197949093572,1.0178926441351888,4,0.15625,0.010498687664041995,4.783609595563171,0.0033714349831197527
sample_000413,mixed,20261396,16384,"{""segments"":[{""generator"":""long_runs"",""parameters"":{""byte_distribution"":""uniform_without_adjacent_run_duplicates"",""max_run_length"":512,""min_run_length"":128},""size"":3277},{""generator"":""structured"",""parameters"":{""format"":""jsonl"",""group_count"":16,""value_range"":[0,9999]},""size"":3277},{""generator"":""random"",""parameters"":{""distribution"":""uniform_bytes""},""size"":3277},{""generator"":""small_alphabet"",""parameters"":{""alphabet"":[81,251],""alphabet_size"":2,""distribution"":""uniform""},""size"":3277},{""generator"":""repeated_pattern"",""parameters"":{""pattern_hex"":""d6265918"",""pattern_length"":4},""size"":3276}]}",16384,5.7871783897953,256,0.1195068359375,0.000732421875,0.29970090947933836,1.4279240020916855,487,0.4072265625,0.2042360983946774,4.495821164532678,1.4554797098664567
sample_000414,random,20261397,65536,"{""distribution"":""uniform_bytes""}",65536,7.997260913393797,256,0.004638671875,0.0041046142578125,0.0036774242771038376,1.0036909411134083,2,0.0,0.6334477759975585,7.953138270070652,0.0026978948260690345
sample_000415,small_alphabet,20261398,65536,"{""alphabet"":[9,19,32,33,41,115,120,123,127,152,174,175,186,193,196,200],""alphabet_size"":16,""distribution"":""uniform""}",65536,3.9998601995605267,16,0.064300537109375,0.0,0.061081864652475774,1.0650545235889686,4,0.0,0.003906309605554284,3.9969649188512184,0.0012983531858302068
sample_000416,repeated_pattern,20261399,65536,"{""pattern_hex"":""63d668fbf5423ed6cd7df557d98bf17a25691940190103cec5f6e1fdf9e7f736"",""pattern_length"":32}",65536,4.8125,29,0.0625,0.0,0.0,1.0,1,0.99951171875,0.0004882887006942855,4.8125,0.0
sample_000417,long_runs,20261400,65536,"{""byte_distribution"":""uniform_without_adjacent_run_duplicates"",""max_run_length"":2048,""min_run_length"":512}",65536,5.480369989142183,48,0.04718017578125,0.0,0.9992370489051652,1285.0196078431372,2024,0.9765625,0.0014953841458762494,1.80486503893866,0.2513435343018503
sample_000418,structured,20261401,65536,"{""format"":""log"",""group_count"":16,""value_range"":[0,9999]}",65536,4.789616235897797,35,0.08770751953125,0.0,0.016815442130159456,1.0171027718285377,4,0.335205078125,0.0026245517662317848,4.787653045666392,0.007333377161194845
sample_000419,mixed,20261402,65536,"{""segments"":[{""generator"":""small_alphabet"",""parameters"":{""alphabet"":[119,210],""alphabet_size"":2,""distribution"":""uniform""},""size"":13108},{""generator"":""long_runs"",""parameters"":{""byte_distribution"":""uniform_without_adjacent_run_duplicates"",""max_run_length"":32,""min_run_length"":8},""size"":13107},{""generator"":""repeated_pattern"",""parameters"":{""pattern_hex"":""bbcda26b9a263b3e43132cca721bd14e4be16d96eed092457e19ea4543101f5e4c3096ac5b8428ed07c20b6b0c966322850fc57fe950a59e00dae71567d15e189e72d074183e2e80244ff0e4a300f19450051fa942553fb36c384846d6ac891b058600808bd9d8beb379a6bcd500b718e937d2e1bc6186284ce50c9cb53e432c"",""pattern_length"":128},""size"":13107},{""generator"":""random"",""parameters"":{""distribution"":""uniform_bytes""},""size"":13107},{""generator"":""structured"",""parameters"":{""format"":""log"",""group_count"":16,""value_range"":[0,9999]},""size"":13107}]}",65536,6.983429809722701,256,0.103271484375,0.007171630859375,0.2956130312046998,1.4196650997552152,32,0.24609375,0.19603265430685893,5.536112379751706,2.4008211833583193
sample_000420,random,20261403,262144,"{""distribution"":""uniform_bytes""}",262144,7.999397832514672,256,0.00414276123046875,0.00395965576171875,0.003749861716696612,1.0037639616941274,3,0.0,0.9818267822265625,7.955084317605782,0.003975089533066334
sample_000421,small_alphabet,20261404,262144,"{""alphabet"":[0,4,61,78,79,85,87,95,97,104,124,154,195,202,215,250],""alphabet_size"":16,""distribution"":""uniform""}",262144,3.9999545870873785,16,0.06346893310546875,0.061779022216796875,0.06263375333310445,1.0668185980262488,5,0.0,0.00390625,3.9974279666797328,0.0008340194549104824
sample_000422,repeated_pattern,20261405,262144,"{""pattern_hex"":""d1329e4ebc4a9478583665b2a2ec237bea2ca7f556b7c3616dee21be73a447936658992ca17bcc436af20defe22cb234d8d0ecd1d4266ec285b704c717a36bc7"",""pattern_length"":64}",262144,5.706954882778696,55,0.046875,0.0,0.0,1.0,1,0.999755859375,0.0009765625,5.706954882778696,0.0
sample_000423,long_runs,20261406,262144,"{""byte_distribution"":""uniform_without_adjacent_run_duplicates"",""max_run_length"":2048,""min_run_length"":512}",262144,6.973459540089977,144,0.019718170166015625,0.0066986083984375,0.999244687060116,1317.3065326633166,2041,0.9796142578125,0.005218505859375,1.7906733768642593,0.19608005769777603
sample_000424,structured,20261407,262144,"{""format"":""csv"",""group_count"":16,""value_range"":[0,9999]}",262144,3.4190360249438094,25,0.20488357543945312,0.0,0.04821795737441015,1.0506605104527382,5,0.0,0.0024566650390625,3.3715093778664333,0.03902858531644324
sample_000425,mixed,20261408,262144,"{""segments"":[{""generator"":""small_alphabet"",""parameters"":{""alphabet"":[79,132],""alphabet_size"":2,""distribution"":""uniform""},""size"":52429},{""generator"":""long_runs"",""parameters"":{""byte_distribution"":""uniform_without_adjacent_run_duplicates"",""max_run_length"":512,""min_run_length"":128},""size"":52429},{""generator"":""structured"",""parameters"":{""format"":""jsonl"",""group_count"":16,""value_range"":[0,9999]},""size"":52429},{""generator"":""random"",""parameters"":{""distribution"":""uniform_bytes""},""size"":52429},{""generator"":""repeated_pattern"",""parameters"":{""pattern_hex"":""1ea6aa608958ffedff6c0b6ffebe0a1e"",""pattern_length"":16},""size"":52428}]}",262144,6.534981736893562,256,0.10292434692382812,0.00203704833984375,0.31522108162338874,1.4603227657358044,512,0.45721435546875,0.5551300048828125,4.198780163778398,2.2248663605540058
sample_000426,random,20261409,1048576,"{""distribution"":""uniform_bytes""}",1048576,7.999824200399319,256,0.00408172607421875,0.00391387939453125,0.003886226545549913,1.0039013844888611,3,0.0,1.0,7.954603032901194,0.0039195044507952265
sample_000427,small_alphabet,20261410,1048576,"{""alphabet"":[10,93,115,130],""alphabet_size"":4,""distribution"":""uniform""}",1048576,1.9999992767722536,4,0.2503480911254883,0.0,0.2500174045728727,1.3333638516099662,11,1.52587890625e-05,0.000244140625,1.9994146729783984,0.0005505607471141559
sample_000428,repeated_pattern,20261411,1048576,"{""pattern_hex"":""ea24ec41e3a49c8f"",""pattern_length"":8}",1048576,3.0,8,0.125,0.0,0.0,1.0,1,0.9999847412109375,0.0001220703125,3.0,0.0
sample_000429,long_runs,20261412,1048576,"{""byte_distribution"":""uniform_without_adjacent_run_duplicates"",""max_run_length"":512,""min_run_length"":128}",1048576,7.937666820608803,256,0.008306503295898438,0.00609588623046875,0.9969062775671745,323.13590138674886,512,0.9497222900390625,0.05224609375,3.6017469838165117,0.14235066380840714
sample_000430,structured,20261413,1048576,"{""format"":""csv"",""group_count"":16,""value_range"":[0,9999]}",1048576,3.455909318653313,25,0.19863224029541016,0.0,0.0488071907112033,1.0513115125556698,5,0.0,0.0024566650390625,3.3884571718051273,0.03393585386769211
sample_000431,mixed,20261414,1048576,"{""segments"":[{""generator"":""repeated_pattern"",""parameters"":{""pattern_hex"":""eb45f837"",""pattern_length"":4},""size"":209716},{""generator"":""random"",""parameters"":{""distribution"":""uniform_bytes""},""size"":209715},{""generator"":""long_runs"",""parameters"":{""byte_distribution"":""uniform_without_adjacent_run_duplicates"",""max_run_length"":32,""min_run_length"":8},""size"":209715},{""generator"":""small_alphabet"",""parameters"":{""alphabet"":[126,224],""alphabet_size"":2,""distribution"":""uniform""},""size"":209715},{""generator"":""structured"",""parameters"":{""format"":""jsonl"",""group_count"":16,""value_range"":[0,9999]},""size"":209715}]}",1048576,6.393570036941844,256,0.1017446517944336,0.0016689300537109375,0.29337338769282123,1.415173992377374,32,0.3582916259765625,0.966094970703125,4.498109620607714,2.6882718577573312
sample_000432,random,20261415,16384,"{""distribution"":""uniform_bytes""}",16384,7.9894876508851995,256,0.00543212890625,0.00274658203125,0.004028566196667277,1.0040446133104548,2,0.0,0.8869559909662454,7.955335347447861,0.003355905063470888
sample_000433,small_alphabet,20261416,16384,"{""alphabet"":[34,51,66,69,74,93,101,106,107,111,127,135,138,205,226,250],""alphabet_size"":16,""distribution"":""uniform""}",16384,3.999607710648723,16,0.065673828125,0.0,0.06219862052127205,1.0663195574357305,4,0.0,0.01562595373252762,3.9978237667970533,0.00067779236261197
sample_000434,repeated_pattern,20261417,16384,"{""pattern_hex"":""cb2cb787dd8d914236832fa59547f637d22a3e5a97ae9858cc28be90c247670423340092f0ff69b99bd3409d675ecc4845fffab25df74630fcb7c26e779aaf87"",""pattern_length"":64}",16384,5.78125,57,0.03125,0.015625,0.0,1.0,1,0.99609375,0.003906488433131905,5.78125,0.0
sample_000435,long_runs,20261418,16384,"{""byte_distribution"":""uniform_without_adjacent_run_duplicates"",""max_run_length"":32,""min_run_length"":8}",16384,7.674139621518416,248,0.01373291015625,0.001708984375,0.9492766892510529,19.692307692307693,32,0.1396484375,0.06561679790026247,6.923421795035749,0.0272690423595513
sample_000436,structured,20261419,16384,"{""format"":""csv"",""group_count"":16,""value_range"":[0,9999]}",16384,3.399825060605345,25,0.2244873046875,0.0,0.04645058902520906,1.0487102349100685,4,0.0,0.009827259964597448,3.383811362657777,0.03819119517803619
sample_000437,mixed,20261420,16384,"{""segments"":[{""generator"":""structured"",""parameters"":{""format"":""log"",""group_count"":16,""value_range"":[0,9999]},""size"":3277},{""generator"":""random"",""parameters"":{""distribution"":""uniform_bytes""},""size"":3277},{""generator"":""small_alphabet"",""parameters"":{""alphabet"":[112,219],""alphabet_size"":2,""distribution"":""uniform""},""size"":3277},{""generator"":""repeated_pattern"",""parameters"":{""pattern_hex"":""735b8ae4"",""pattern_length"":4},""size"":3277},{""generator"":""long_runs"",""parameters"":{""byte_distribution"":""uniform_without_adjacent_run_duplicates"",""max_run_length"":32,""min_run_length"":8},""size"":3276}]}",16384,6.330678666170176,256,0.105712890625,0.0008544921875,0.2946957211743881,1.4177916233991001,32,0.2177734375,0.22059451870841726,5.271235686112152,1.573626519093802
sample_000438,random,20261421,65536,"{""distribution"":""uniform_bytes""}",65536,7.997255743744896,256,0.0045928955078125,0.0034942626953125,0.0038300144960708017,1.0038446810140154,3,0.0,0.6306553749904631,7.953815197554602,0.0034353543792936467
sample_000439,small_alphabet,20261422,65536,"{""alphabet"":[73,146,182,242],""alphabet_size"":4,""distribution"":""uniform""}",65536,1.9999994854110403,4,0.25030517578125,0.0,0.25311665522240023,1.3388902508784832,8,0.0,0.00024414435034714275,1.9995495156984329,0.0004416220692305533
sample_000440,repeated_pattern,20261423,65536,"{""pattern_hex"":""2ab06cb9018a5e162e6c8092c3108542"",""pattern_length"":16}",65536,3.875,15,0.125,0.0,0.0,1.0,1,0.999755859375,0.00024414435034714275,3.875,0.0
sample_000441,long_runs,20261424,65536,"{""byte_distribution"":""uniform_without_adjacent_run_duplicates"",""max_run_length"":512,""min_run_length"":128}",65536,6.821726428526331,136,0.0249176025390625,0.0,0.9968566414892805,316.5990338164251,512,0.920654296875,0.0052033264667734795,3.624741956421393,0.1510441332522147
sample_000442,structured,20261425,65536,"{""format"":""log"",""group_count"":16,""value_range"":[0,9999]}",65536,4.790631563157936,35,0.08758544921875,0.0,0.01654077973601892,1.0168187178054986,4,0.33935546875,0.0026245517662317848,4.789103322343725,0.007784470420713856
sample_000443,mixed,20261426,65536,"{""segments"":[{""generator"":""random"",""parameters"":{""distribution"":""uniform_bytes""},""size"":13108},{""generator"":""structured"",""parameters"":{""format"":""log"",""group_count"":16,""value_range"":[0,9999]},""size"":13107},{""generator"":""long_runs"",""parameters"":{""byte_distribution"":""uniform_without_adjacent_run_duplicates"",""max_run_length"":128,""min_run_length"":32},""size"":13107},{""generator"":""repeated_pattern"",""parameters"":{""pattern_hex"":""e9869b0776d2a57e"",""pattern_length"":8},""size"":13107},{""generator"":""small_alphabet"",""parameters"":{""alphabet"":[1,30,154,169],""alphabet_size"":4,""distribution"":""uniform""},""size"":13107}]}",65536,6.651745180719294,256,0.0525054931640625,0.0007171630859375,0.2520180056458381,1.336923704610363,128,0.3564453125,0.18695353627832456,4.765194147435545,2.001342662929182
sample_000444,random,20261427,262144,"{""distribution"":""uniform_bytes""}",262144,7.999365685661547,256,0.004253387451171875,0.004070281982421875,0.003940597307576399,1.0039561718962433,3,0.0,0.9822235107421875,7.9548389328483085,0.004148809924912935
sample_000445,small_alphabet,20261428,262144,"{""alphabet"":[102,151],""alphabet_size"":2,""distribution"":""uniform""}",262144,0.9999973335954617,2,0.5009613037109375,0.0,0.5001735693877006,2.0006868813298024,16,0.1165771484375,6.103515625e-05,0.9997669904516276,0.0002914681311956715
sample_000446,repeated_pattern,20261429,262144,"{""pattern_hex"":""832142fc"",""pattern_length"":4}",262144,2.0,4,0.25,0.0,0.0,1.0,1,0.99993896484375,6.103515625e-05,2.0,0.0
sample_000447,long_runs,20261430,262144,"{""byte_distribution"":""uniform_without_adjacent_run_duplicates"",""max_run_length"":32,""min_run_length"":8}",262144,7.984625040755014,256,0.005512237548828125,0.00417327880859375,0.9501226429849357,20.047721015601102,32,0.29583740234375,0.1844024658203125,6.928953342053532,0.06705690785893458
sample_000448,structured,20261431,262144,"{""format"":""log"",""group_count"":16,""value_range"":[0,9999]}",262144,4.789807464915556,35,0.0876922607421875,0.0,0.016418519662932063,1.0166925224945702,4,0.5223388671875,0.00262451171875,4.787791550120728,0.0071423345996505
sample_000449,mixed,20261432,262144,"{""segments"":[{""generator"":""structured"",""parameters"":{""format"":""jsonl"",""group_count"":16,""value_range"":[0,9999]},""size"":52429},{""generator"":""small_alphabet"",""parameters"":{""alphabet"":[114,119,219,233],""alphabet_size"":4,""distribution"":""uniform""},""size"":52429},{""generator"":""long_runs"",""parameters"":{""byte_distribution"":""uniform_without_adjacent_run_duplicates"",""max_run_length"":512,""min_run_length"":128},""size"":52429},{""generator"":""repeated_pattern"",""parameters"":{""pattern_hex"":""c751618c"",""pattern_length"":4},""size"":52429},{""generator"":""random"",""parameters"":{""distribution"":""uniform_bytes""},""size"":52428}]}",262144,6.404301261841245,256,0.06093597412109375,0.000743865966796875,0.2530450937083958,1.3387671722588224,512,0.4510498046875,0.552734375,4.057827761692466,2.174279204109693
sample_000450,random,20261433,1048576,"{""distribution"":""uniform_bytes""}",1048576,7.999834554097719,256,0.0041046142578125,0.003871917724609375,0.003976825692010586,1.0039927001568356,3,0.0,1.0,7.954767730374975,0.003928448272355711
sample_000451,small_alphabet,20261434,1048576,"{""alphabet"":[2,4,24,35,44,61,90,94,104,127,173,174,192,229,230,247],""alphabet_size"":16,""distribution"":""uniform""}",1048576,3.9999914382329056,16,0.06277847290039062,0.0,0.0625410676394154,1.0667133266937743,6,0.0,0.00390625,3.9973786909315914,0.001027041774802301
sample_000452,repeated_pattern,20261435,1048576,"{""pattern_hex"":""66f276d259cc5d45"",""pattern_length"":8}",1048576,3.0,8,0.125,0.0,0.0,1.0,1,0.9999847412109375,0.0001220703125,3.0,0.0
sample_000453,long_runs,20261436,1048576,"{""byte_distribution"":""uniform_without_adjacent_run_duplicates"",""max_run_length"":2048,""min_run_length"":512}",1048576,7.741621062371486,246,0.012131690979003906,0.0033540725708007812,0.9992189399899865,1278.7512195121951,2047,0.984832763671875,0.01617431640625,1.8251908618228552,0.25491008527524034
sample_000454,structured,20261437,1048576,"{""format"":""log"",""group_count"":16,""value_range"":[0,9999]}",1048576,4.788980962585426,35,0.08772468566894531,0.0,0.016505257134682785,1.0167822362545562,4,0.6233367919921875,0.00262451171875,4.786995224495205,0.007787775537068933
sample_000455,mixed,20261438,1048576,"{""segments"":[{""generator"":""random"",""parameters"":{""distribution"":""uniform_bytes""},""size"":209716},{""generator"":""small_alphabet"",""parameters"":{""alphabet"":[118,127,172,190],""alphabet_size"":4,""distribution"":""uniform""},""size"":209715},{""generator"":""structured"",""parameters"":{""format"":""csv"",""group_count"":16,""value_range"":[0,9999]},""size"":209715},{""generator"":""long_runs"",""parameters"":{""byte_distribution"":""uniform_without_adjacent_run_duplicates"",""max_run_length"":128,""min_run_length"":32},""size"":209715},{""generator"":""repeated_pattern"",""parameters"":{""pattern_hex"":""a9351527ab1d3177be98236d1925e3bc"",""pattern_length"":16},""size"":209715}]}",1048576,6.664260792236567,256,0.06411170959472656,0.001689910888671875,0.25807119185561356,1.347837767314636,128,0.35870361328125,0.961029052734375,4.560050616266042,2.0175589301368166
sample_000456,random,20261439,16384,"{""distribution"":""uniform_bytes""}",16384,7.988913882949106,256,0.00506591796875,0.00457763671875,0.003723371787828847,1.0037370581388225,2,0.0,0.8852469022767503,7.955479728919785,0.005900935800243859
sample_000457,small_alphabet,20261440,16384,"{""alphabet"":[127,152],""alphabet_size"":2,""distribution"":""uniform""}",16384,0.9999975814926207,2,0.50091552734375,0.0,0.49545260330830737,1.9818555703399057,13,0.0087890625,0.00024415552707074406,0.9998594388156409,0.00012820756782553716
sample_000458,repeated_pattern,20261441,16384,"{""pattern_hex"":""bb9227b38d4624c92047d44bc98e4c9ceddb085b935baa75c2db416b3cace683"",""pattern_length"":32}",16384,4.8125,29,0.0625,0.0,0.0,1.0,1,0.998046875,0.0019532442165659525,4.8125,0.0
sample_000459,long_runs,20261442,16384,"{""byte_distribution"":""uniform_without_adjacent_run_duplicates"",""max_run_length"":512,""min_run_length"":128}",16384,5.462741218500365,48,0.03912353515625,0.0,0.996887017029848,315.0769230769231,511,0.9052734375,0.0060428492950009155,3.5543448962403383,0.17121736091731055
sample_000460,structured,20261443,16384,"{""format"":""csv"",""group_count"":16,""value_range"":[0,9999]}",16384,3.3995881924843183,25,0.2247314453125,0.0,0.046328511261673685,1.048576,4,0.0,0.009827259964597448,3.381852485008585,0.042318382347960565
sample_000461,mixed,20261444,16384,"{""segments"":[{""generator"":""small_alphabet"",""parameters"":{""alphabet"":[25,74],""alphabet_size"":2,""distribution"":""uniform""},""size"":3277},{""generator"":""structured"",""parameters"":{""format"":""log"",""group_count"":16,""value_range"":[0,9999]},""size"":3277},{""generator"":""long_runs"",""parameters"":{""byte_distribution"":""uniform_without_adjacent_run_duplicates"",""max_run_length"":512,""min_run_length"":128},""size"":3277},{""generator"":""random"",""parameters"":{""distribution"":""uniform_bytes""},""size"":3277},{""generator"":""repeated_pattern"",""parameters"":{""pattern_hex"":""bcd75a86c44a9350a8d436220e078ed5222050146728ce07904073ace2786a86205fef6986dd632c00c7b2064634b48eba9d9f6745610f10ba0938e97ad12610"",""pattern_length"":64},""size"":3276}]}",16384,6.4342135840416725,256,0.10260009765625,0.0037841796875,0.3023255813953488,1.4332954247222465,483,0.3798828125,0.20942440334493073,5.1207446910739804,1.708795948327678
sample_000462,random,20261445,65536,"{""distribution"":""uniform_bytes""}",65536,7.997372624683469,256,0.004486083984375,0.0036468505859375,0.004104676890211338,1.0041215315549972,3,0.0,0.6330052643625543,7.953987107808068,0.005104446285385153
sample_000463,small_alphabet,20261446,65536,"{""alphabet"":[1,247,249,251],""alphabet_size"":4,""distribution"":""uniform""}",65536,1.9999908536365747,4,0.25152587890625,0.0,0.24939345387960632,1.3322491462026347,8,0.0,0.00024414435034714275,1.9995518795052152,0.0002942505646522193
sample_000464,repeated_pattern,20261447,65536,"{""pattern_hex"":""1f380678b557f6d8f3976e537d8eac35"",""pattern_length"":16}",65536,4.0,16,0.0625,0.0,0.0,1.0,1,0.999755859375,0.00024414435034714275,4.0,0.0
sample_000465,long_runs,20261448,65536,"{""byte_distribution"":""uniform_without_adjacent_run_duplicates"",""max_run_length"":128,""min_run_length"":32}",65536,7.72529351018495,249,0.0112762451171875,0.0038909912109375,0.9874570840009156,79.63061968408262,128,0.75,0.016235599298084994,5.430327349737361,0.11165282128621909
sample_000466,structured,20261449,65536,"{""format"":""csv"",""group_count"":16,""value_range"":[0,9999]}",65536,3.4186085002975815,25,0.214080810546875,0.0,0.045639734493018995,1.047821568470701,4,0.0,0.002456702525368124,3.384622713296456,0.02840421274319886
sample_000467,mixed,20261450,65536,"{""segments"":[{""generator"":""repeated_pattern"",""parameters"":{""pattern_hex"":""d49b4fcdfe1b2aee"",""pattern_length"":8},""size"":13108},{""generator"":""structured"",""parameters"":{""format"":""log"",""group_count"":16,""value_range"":[0,9999]},""size"":13107},{""generator"":""long_runs"",""parameters"":{""byte_distribution"":""uniform_without_adjacent_run_duplicates"",""max_run_length"":512,""min_run_length"":128},""size"":13107},{""generator"":""small_alphabet"",""parameters"":{""alphabet"":[19,51,61,87,101,195,215,254],""alphabet_size"":8,""distribution"":""uniform""},""size"":13107},{""generator"":""random"",""parameters"":{""distribution"":""uniform_bytes""},""size"":13107}]}",65536,6.559239446776495,256,0.0512847900390625,0.0008392333984375,0.2277256427862974,1.2948707816328144,502,0.405029296875,0.18451209277485314,4.600979254946761,1.7647460942320332
sample_000468,random,20261451,262144,"{""distribution"":""uniform_bytes""}",262144,7.999321303272877,256,0.004299163818359375,0.003875732421875,0.004035965103016292,1.004052304604613,3,0.0,0.98236083984375,7.955274547782,0.003961474902071955
sample_000469,small_alphabet,20261452,262144,"{""alphabet"":[115,185],""alphabet_size"":2,""distribution"":""uniform""}",262144,0.9999984521555887,2,0.500732421875,0.0,0.5001773840995182,2.000702150718178,16,0.119384765625,6.103515625e-05,0.9997629593030323,0.000290482102807158
sample_000470,repeated_pattern,20261453,262144,"{""pattern_hex"":""84283a9daefe3cfe69eaa257946845968c3283d400adf7dea7cbf99be7cd7b41fa5eace23306a434dbfcdfe2296c822bf359d39b6485d154b9744111ad31f377"",""pattern_length"":64}",262144,5.8125,58,0.03125,0.015625,0.0,1.0,1,0.999755859375,0.0009765625,5.8125,0.0
sample_000471,long_runs,20261454,262144,"{""byte_distribution"":""uniform_without_adjacent_run_duplicates"",""max_run_length"":512,""min_run_length"":128}",262144,7.70381789279603,247,0.015254974365234375,0.0023345947265625,0.9969291569868354,325.2406947890819,512,0.9393310546875,0.01593017578125,3.5917598622846705,0.14080946048379936
sample_000472,structured,20261455,262144,"{""format"":""jsonl"",""group_count"":16,""value_range"":[0,9999]}",262144,4.566370346742317,31,0.16143035888671875,0.0,0.012603807845336323,1.0127646422500387,4,0.41131591796875,0.00250244140625,4.548823459290488,0.010848772805155959
sample_000473,mixed,20261456,262144,"{""segments"":[{""generator"":""small_alphabet"",""parameters"":{""alphabet"":[186,209],""alphabet_size"":2,""distribution"":""uniform""},""size"":52429},{""generator"":""long_runs"",""parameters"":{""byte_distribution"":""uniform_without_adjacent_run_duplicates"",""max_run_length"":512,""min_run_length"":128},""size"":52429},{""generator"":""random"",""parameters"":{""distribution"":""uniform_bytes""},""size"":52429},{""generator"":""structured"",""parameters"":{""format"":""log"",""group_count"":16,""value_range"":[0,9999]},""size"":52429},{""generator"":""repeated_pattern"",""parameters"":{""pattern_hex"":""718e5971"",""pattern_length"":4},""size"":52428}]}",262144,6.224627017094552,256,0.10259628295898438,0.000743865966796875,0.35389081531835676,1.5477227909832678,512,0.44873046875,0.554656982421875,3.801886581176666,2.483426623902099
sample_000474,random,20261457,1048576,"{""distribution"":""uniform_bytes""}",1048576,7.999823359590668,256,0.0040798187255859375,0.0038690567016601562,0.003823283980640393,1.0038379539081743,3,0.0,1.0,7.954342718309173,0.004069670030482174
sample_000475,small_alphabet,20261458,1048576,"{""alphabet"":[8,32,51,55,65,78,110,131,132,166,185,203,223,225,232,252],""alphabet_size"":16,""distribution"":""uniform""}",1048576,3.999987515374216,16,0.06287193298339844,0.0,0.06243330233888849,1.06659071721374,6,0.0,0.00390625,3.9973338309943203,0.001060797670851115
sample_000476,repeated_pattern,20261459,1048576,"{""pattern_hex"":""cbeab410"",""pattern_length"":4}",1048576,2.0,4,0.25,0.0,0.0,1.0,1,0.9999847412109375,6.103515625e-05,2.0,0.0
sample_000477,long_runs,20261460,1048576,"{""byte_distribution"":""uniform_without_adjacent_run_duplicates"",""max_run_length"":32,""min_run_length"":8}",1048576,7.996411995695018,256,0.00466156005859375,0.003887176513671875,0.9500607967956513,20.023985028453577,32,0.3167266845703125,0.5532073974609375,6.932947256561564,0.05980184184774961
sample_000478,structured,20261461,1048576,"{""format"":""csv"",""group_count"":16,""value_range"":[0,9999]}",1048576,3.4555909758648795,25,0.1986255645751953,0.0,0.04878144148010395,1.051283053863699,5,0.0,0.0024566650390625,3.388715984645799,0.03381026791355186
sample_000479,mixed,20261462,1048576,"{""segments"":[{""generator"":""small_alphabet"",""parameters"":{""alphabet"":[19,251],""alphabet_size"":2,""distribution"":""uniform""},""size"":209716},{""generator"":""long_runs"",""parameters"":{""byte_distribution"":""uniform_without_adjacent_run_duplicates"",""max_run_length"":32,""min_run_length"":8},""size"":209715},{""generator"":""structured"",""parameters"":{""format"":""jsonl"",""group_count"":16,""value_range"":[0,9999]},""size"":209715},{""generator"":""random"",""parameters"":{""distribution"":""uniform_bytes""},""size"":209715},{""generator"":""repeated_pattern"",""parameters"":{""pattern_hex"":""05525262111051c623e37967192eb0c86c4c07f6b87bb4057a402a3056ca64df"",""pattern_length"":32},""size"":209715}]}",1048576,6.819578452738368,256,0.10154533386230469,0.0015268325805664062,0.29941015187277975,1.427368088622448,32,0.35662841796875,0.9658355712890625,5.071080039805518,2.3904254286499484
sample_000480,random,20261463,16384,"{""distribution"":""uniform_bytes""}",16384,7.989324664797197,256,0.00531005859375,0.0035400390625,0.003906488433131905,1.003921568627451,3,0.0,0.8831105414148813,7.952276306648975,0.0013808715663922871
sample_000481,small_alphabet,20261464,16384,"{""alphabet"":[75,149],""alphabet_size"":2,""distribution"":""uniform""}",16384,0.9999600029151328,2,0.50372314453125,0.0,0.5051577855093695,2.0207202762703504,13,0.005859375,0.00024415552707074406,0.9997908113048319,0.00014239650584909342
sample_000482,repeated_pattern,20261465,16384,"{""pattern_hex"":""9e9e73008887d04f612ba1ea2f67b6f00806c2c72cbf37df41bf07019c098bcc7bbdafc82a53b98344033875b8863243f58e336ee727346b9628065e41c13e2d1278e31fe915e91cdec92720ccb381e13163048625519a7793fe18f628d0c70b64868add932c4c95f959b3498a01e1dfbfc26685d66a50a477b3ca14f02cff80"",""pattern_length"":128}",16384,6.585784765557392,103,0.0234375,0.0078125,0.00781297686626381,1.0078740157480315,2,0.9921875,0.00781297686626381,6.585784765557392,0.0
sample_000483,long_runs,20261466,16384,"{""byte_distribution"":""uniform_without_adjacent_run_duplicates"",""max_run_length"":32,""min_run_length"":8}",16384,7.726550509988452,243,0.0111083984375,0.00323486328125,0.9501922724775682,20.053855569155445,32,0.1279296875,0.0645791369102118,6.888976210783994,0.08652942141991966
sample_000484,structured,20261467,16384,"{""format"":""log"",""group_count"":16,""value_range"":[0,9999]}",16384,4.793185782047609,35,0.087646484375,0.0,0.015992187023133736,1.0162510854732663,4,0.1416015625,0.010498687664041995,4.790884774574705,0.00971727033107532
sample_000485,mixed,20261468,16384,"{""segments"":[{""generator"":""repeated_pattern"",""parameters"":{""pattern_hex"":""0b983c6552344174e3aab301337c1ac7f73728a6779b6b1b00f4956bfd908ee7f301cfbf45820383238655ae865328b105c0de38d2081e36897a671078f01566349839c528a5e30d728c8aa0f565f439542d3a5033d2c47e0618f51ec18e36f6e39d88a4ca8334cc385ae1dd07aded010cad68c85341a928f61e6ff8dd4b4e9c"",""pattern_length"":128},""size"":3277},{""generator"":""long_runs"",""parameters"":{""byte_distribution"":""uniform_without_adjacent_run_duplicates"",""max_run_length"":32,""min_run_length"":8},""size"":3277},{""generator"":""small_alphabet"",""parameters"":{""alphabet"":[49,76,108,141,145,161,185,189,190,195,198,216,218,222,232,240],""alphabet_size"":16,""distribution"":""uniform""},""size"":3277},{""generator"":""random"",""parameters"":{""distribution"":""uniform_bytes""},""size"":3277},{""generator"":""structured"",""parameters"":{""format"":""csv"",""group_count"":16,""value_range"":[0,9999]},""size"":3276}]}",16384,7.193345162523908,256,0.0491943359375,0.00262451171875,0.21296465848745652,1.2705699883675843,32,0.193359375,0.24299578831715804,6.287250148322407,0.8485122469233004
sample_000486,random,20261469,65536,"{""distribution"":""uniform_bytes""}",65536,7.997400844389571,256,0.0046539306640625,0.0033111572265625,0.003906309605554284,1.003921568627451,2,0.0,0.631967650873579,7.955008051757745,0.005444497764392659
sample_000487,small_alphabet,20261470,65536,"{""alphabet"":[29,75,85,226],""alphabet_size"":4,""distribution"":""uniform""}",65536,1.9999498373029192,4,0.253021240234375,0.0,0.25172808422980086,1.3364057178979996,13,0.0,0.00024414435034714275,1.999458272847518,0.00038838539777963723
sample_000488,repeated_pattern,20261471,65536,"{""pattern_hex"":""4d7132a1"",""pattern_length"":4}",65536,2.0,4,0.25,0.0,0.0,1.0,1,0.999755859375,6.103608758678569e-05,2.0,0.0
sample_000489,long_runs,20261472,65536,"{""byte_distribution"":""uniform_without_adjacent_run_duplicates"",""max_run_length"":128,""min_run_length"":32}",65536,7.6863321229336385,243,0.011688232421875,0.005218505859375,0.9877622644388495,81.61394769613948,128,0.7607421875,0.015869382772564278,5.383931494805557,0.09808195020708434
sample_000490,structured,20261473,65536,"{""format"":""jsonl"",""group_count"":16,""value_range"":[0,9999]}",65536,4.5480833712427176,31,0.1634521484375,0.0,0.012451361867704281,1.0126081582200248,4,0.354248046875,0.0025024795910582134,4.536185444918109,0.009647239334099134
sample_000491,mixed,20261474,65536,"{""segments"":[{""generator"":""repeated_pattern"",""parameters"":{""pattern_hex"":""9dcbd911d23d6557ccfa0d28880b4ba861bd6a81bab16c2a3560f08a318188d652b8cf754ce3720c3514bbfd086b95a714e498b233f975663b335ae6b6bdd832"",""pattern_length"":64},""size"":13108},{""generator"":""random"",""parameters"":{""distribution"":""uniform_bytes""},""size"":13107},{""generator"":""small_alphabet"",""parameters"":{""alphabet"":[31,45,66,238],""alphabet_size"":4,""distribution"":""uniform""},""size"":13107},{""generator"":""long_runs"",""parameters"":{""byte_distribution"":""uniform_without_adjacent_run_duplicates"",""max_run_length"":32,""min_run_length"":8},""size"":13107},{""generator"":""structured"",""parameters"":{""format"":""csv"",""group_count"":16,""value_range"":[0,9999]},""size"":13107}]}",65536,6.911143262129398,256,0.0534210205078125,0.0015411376953125,0.24789806973373008,1.3296003246094543,32,0.22265625,0.19516289005874723,5.364317832056267,1.9723994745305728
sample_000492,random,20261475,262144,"{""distribution"":""uniform_bytes""}",262144,7.999159505251315,256,0.0042877197265625,0.00379180908203125,0.0038604883594068884,1.0038754346460794,3,0.0,0.98236083984375,7.9533840692575835,0.004322646969806412
sample_000493,small_alphabet,20261476,262144,"{""alphabet"":[24,56],""alphabet_size"":2,""distribution"":""uniform""}",262144,0.9999980045636553,2,0.5008316040039062,0.0,0.5005588552812777,2.0022302674793395,19,0.120361328125,6.103515625e-05,0.9998643841969923,0.00019300892856445048
sample_000494,repeated_pattern,20261477,262144,"{""pattern_hex"":""3df13585476b2c549b0f8c14d371983ba09854a408df239020571a011b577b75a878c5de3cea468eb592a8aaec30fa99d642f79d44dda48a9006b26847f84a683a245b711acbd0c8baa106c5de7c50b66df848d69f3e6a2e5c4635fc8265e893f890a661b83f287ec19cbfed29c78663e42ac23888bccb0720e0d4b13af3343f"",""pattern_length"":128}",262144,6.628829882778696,105,0.0234375,0.0,0.0,1.0,1,0.99951171875,0.0019378662109375,6.628829882778696,0.0
sample_000495,long_runs,20261478,262144,"{""byte_distribution"":""uniform_without_adjacent_run_duplicates"",""max_run_length"":2048,""min_run_length"":512}",262144,6.944602157207415,142,0.01985931396484375,0.00518798828125,0.9992370576364809,1304.1990049751244,2047,0.97955322265625,0.005218505859375,1.823561243187387,0.2225798993665183
sample_000496,structured,20261479,262144,"{""format"":""csv"",""group_count"":16,""value_range"":[0,9999]}",262144,3.4187575563230244,25,0.20472335815429688,0.0,0.048275178051674084,1.0507236792002854,5,0.0,0.0024566650390625,3.3713647221370855,0.04047296674310089
sample_000497,mixed,20261480,262144,"{""segments"":[{""generator"":""long_runs"",""parameters"":{""byte_distribution"":""uniform_without_adjacent_run_duplicates"",""max_run_length"":128,""min_run_length"":32},""size"":52429},{""generator"":""structured"",""parameters"":{""format"":""csv"",""group_count"":16,""value_range"":[0,9999]},""size"":52429},{""generator"":""small_alphabet"",""parameters"":{""alphabet"":[29,168],""alphabet_size"":2,""distribution"":""uniform""},""size"":52429},{""generator"":""random"",""parameters"":{""distribution"":""uniform_bytes""},""size"":52429},{""generator"":""repeated_pattern"",""parameters"":{""pattern_hex"":""23748864af69fc8f6cb689d0383f4343"",""pattern_length"":16},""size"":52428}]}",262144,6.505050549262542,256,0.10141372680664062,0.001796722412109375,0.31961944434907663,1.4697630608102805,128,0.35137939453125,0.556243896484375,4.364509146094152,2.2487751809585075
sample_000498,random,20261481,1048576,"{""distribution"":""uniform_bytes""}",1048576,7.999829869681026,256,0.004065513610839844,0.0038509368896484375,0.0037298238085020146,1.003743783892444,3,0.0,1.0,7.954666773665428,0.004214687117210455
sample_000499,small_alphabet,20261482,1048576,"{""alphabet"":[11,53],""alphabet_size"":2,""distribution"":""uniform""}",1048576,0.9999979953997763,2,0.5008335113525391,0.0,0.4997448918770713,1.9989781834541975,20,0.3683624267578125,6.103515625e-05,0.9998536715800828,0.00019988762649734488
sample_000500,repeated_pattern,20261483,1048576,"{""pattern_hex"":""2da6ff815ffbf6c4a315aa3996f6243c"",""pattern_length"":16}",1048576,3.875,15,0.125,0.0,0.0,1.0,1,0.9999847412109375,0.000244140625,3.875,0.0
sample_000501,long_runs,20261484,1048576,"{""byte_distribution"":""uniform_without_adjacent_run_duplicates"",""max_run_length"":2048,""min_run_length"":512}",1048576,7.704240820209729,243,0.012338638305664062,0.0029287338256835938,0.9992189399899865,1278.7512195121951,2048,0.984466552734375,0.0161590576171875,1.8266693630271256,0.2531745812414663
sample_000502,structured,20261485,1048576,"{""format"":""jsonl"",""group_count"":16,""value_range"":[0,9999]}",1048576,4.578718522794839,31,0.15928268432617188,0.0,0.013870252485516057,1.0140653287325732,5,0.4490203857421875,0.00250244140625,4.555954268237431,0.01204287502045339
sample_000503,mixed,20261486,1048576,"{""segments"":[{""generator"":""long_runs"",""parameters"":{""byte_distribution"":""uniform_without_adjacent_run_duplicates"",""max_run_length"":32,""min_run_length"":8},""size"":209716},{""generator"":""small_alphabet"",""parameters"":{""alphabet"":[114,253],""alphabet_size"":2,""distribution"":""uniform""},""size"":209715},{""generator"":""repeated_pattern"",""parameters"":{""pattern_hex"":""ca2f788a389d89c2"",""pattern_length"":8},""size"":209715},{""generator"":""structured"",""parameters"":{""format"":""csv"",""group_count"":16,""value_range"":[0,9999]},""size"":209715},{""generator"":""random"",""parameters"":{""distribution"":""uniform_bytes""},""size"":209715}]}",1048576,6.39646227590108,256,0.10162830352783203,0.001483917236328125,0.3006575590682593,1.4299140613707089,32,0.275848388671875,0.96649169921875,4.4657995641917525,2.582788147775589
sample_000504,random,20261487,16384,"{""distribution"":""uniform_bytes""}",16384,7.989422066736783,256,0.0052490234375,0.00408935546875,0.004822071659647195,1.0048451395277522,2,0.0,0.8826222303607398,7.953975941108794,0.0049985595608095425
sample_000505,small_alphabet,20261488,16384,"{""alphabet"":[85,118,165,202],""alphabet_size"":4,""distribution"":""uniform""}",16384,1.9998873326510376,4,0.25531005859375,0.0,0.24867240432155283,1.3309504467912265,8,0.0,0.0009766221082829762,1.9995742070664897,0.00044692125314595686
sample_000506,repeated_pattern,20261489,16384,"{""pattern_hex"":""8d839079"",""pattern_length"":4}",16384,2.0,4,0.25,0.0,0.0,1.0,1,0.9990234375,0.00024415552707074406,2.0,0.0
sample_000507,long_runs,20261490,16384,"{""byte_distribution"":""uniform_without_adjacent_run_duplicates"",""max_run_length"":512,""min_run_length"":128}",16384,5.561792284872727,51,0.043212890625,0.0,0.9967649392663126,303.4074074074074,512,0.904296875,0.006348043703839346,3.7119885625216966,0.009334566427705622
sample_000508,structured,20261491,16384,"{""format"":""csv"",""group_count"":16,""value_range"":[0,9999]}",16384,3.402510549500327,25,0.2244873046875,0.0,0.045412928035158395,1.0475703324808183,4,0.0,0.009827259964597448,3.3873536539839706,0.03649698780753401
sample_000509,mixed,20261492,16384,"{""segments"":[{""generator"":""small_alphabet"",""parameters"":{""alphabet"":[18,53,92,103,125,178,199,253],""alphabet_size"":8,""distribution"":""uniform""},""size"":3277},{""generator"":""structured"",""parameters"":{""format"":""jsonl"",""group_count"":16,""value_range"":[0,9999]},""size"":3277},{""generator"":""random"",""parameters"":{""distribution"":""uniform_bytes""},""size"":3277},{""generator"":""long_runs"",""parameters"":{""byte_distribution"":""uniform_without_adjacent_run_duplicates"",""max_run_length"":2048,""min_run_length"":512},""size"":3277},{""generator"":""repeated_pattern"",""parameters"":{""pattern_hex"":""9e4bd8143a74b155aa6cb7ba9061824e"",""pattern_length"":16},""size"":3276}]}",16384,6.232514431740962,256,0.072265625,0.00091552734375,0.22730879570286272,1.2941548183254343,968,0.412109375,0.21015686992614296,4.883805794305893,1.097598729670263
sample_000510,random,20261493,65536,"{""distribution"":""uniform_bytes""}",65536,7.997112372703762,256,0.004730224609375,0.0041046142578125,0.004211490043488212,1.0042292368985597,3,0.0,0.6313878080415045,7.954994013004185,0.0041091140027790405
sample_000511,small_alphabet,20261494,65536,"{""alphabet"":[33,75,103,139],""alphabet_size"":4,""distribution"":""uniform""}",65536,1.999990082591299,4,0.2511444091796875,0.0,0.2516365300984207,1.3362422265266591,8,0.0,0.00024414435034714275,1.9995026870900028,0.00040056973080610203
sample_000512,repeated_pattern,20261495,65536,"{""pattern_hex"":""ae887bdbc0874629"",""pattern_length"":8}",65536,3.0,8,0.125,0.0,0.0,1.0,1,0.999755859375,0.00012207217517357137,3.0,0.0
sample_000513,long_runs,20261496,65536,"{""byte_distribution"":""uniform_without_adjacent_run_duplicates"",""max_run_length"":32,""min_run_length"":8}",65536,7.9410956867831874,256,0.0075225830078125,0.00537109375,0.9500572213321126,20.01710445937691,32,0.239013671875,0.052811474784466315,6.949701121289092,0.04697689407598851
sample_000514,structured,20261497,65536,"{""format"":""log"",""group_count"":16,""value_range"":[0,9999]}",65536,4.785983197162644,35,0.0877838134765625,0.0,0.01637293049515526,1.0166452073282348,3,0.34033203125,0.0026245517662317848,4.78414558612907,0.008709189072460218
sample_000515,mixed,20261498,65536,"{""segments"":[{""generator"":""small_alphabet"",""parameters"":{""alphabet"":[3,5,8,10,24,41,68,128,133,150,167,177,195,204,208,221],""alphabet_size"":16,""distribution"":""uniform""},""size"":13108},{""generator"":""structured"",""parameters"":{""format"":""log"",""group_count"":16,""value_range"":[0,9999]},""size"":13107},{""generator"":""long_runs"",""parameters"":{""byte_distribution"":""uniform_without_adjacent_run_duplicates"",""max_run_length"":128,""min_run_length"":32},""size"":13107},{""generator"":""random"",""parameters"":{""distribution"":""uniform_bytes""},""size"":13107},{""generator"":""repeated_pattern"",""parameters"":{""pattern_hex"":""cb91f108bb5a4d7d1d6dc45c51ba4617669847b9d94dcd1b5cdcbeca45d186d1fd0a219b69632fa7eb7b204ad0a8517de689b339c1b0da4f764c28338b33946d1150e320bf848e012656d543c86a8a7f5e3d7896b79a09317b6f277c231390cab2efe4b8180f153eb18a6a4b653e02d6281efc0cfa3cf455636d36b15efe9786"",""pattern_length"":128},""size"":13107}]}",65536,7.398292229088939,256,0.023040771484375,0.0024566650390625,0.21373311970702677,1.2718275146034272,128,0.349853515625,0.19143968871595332,5.905680957647162,1.3501204568331793
sample_000516,random,20261499,262144,"{""distribution"":""uniform_bytes""}",262144,7.9993858944319935,256,0.004184722900390625,0.004001617431640625,0.003986373849387548,1.004002313298787,3,0.0,0.9813385009765625,7.954719043367266,0.0035801898745831512
sample_000517,small_alphabet,20261500,262144,"{""alphabet"":[103,127,162,168,175,210,212,249],""alphabet_size"":8,""distribution"":""uniform""}",262144,2.9999930472507383,8,0.12567138671875,0.0,0.12506151222805872,1.142936867806069,7,0.0,0.0009765625,2.9987907957048088,0.0006599248865254907
sample_000518,repeated_pattern,20261501,262144,"{""pattern_hex"":""f313a25916482367913b3497b980ff735aa9dd21f3bd98038bba154c250af511"",""pattern_length"":32}",262144,4.9375,31,0.0625,0.0,0.0,1.0,1,0.9998779296875,0.00048828125,4.9375,0.0
sample_000519,long_runs,20261502,262144,"{""byte_distribution"":""uniform_without_adjacent_run_duplicates"",""max_run_length"":512,""min_run_length"":128}",262144,7.755446684416961,250,0.0123138427734375,0.001613616943359375,0.9968337891913955,315.4560770156438,512,0.93670654296875,0.0164031982421875,3.614020407763311,0.16267836960918872
sample_000520,structured,20261503,262144,"{""format"":""csv"",""group_count"":16,""value_range"":[0,9999]}",262144,3.419523411429837,25,0.20491790771484375,0.0,0.04814166313805823,1.0505762972700021,5,0.0,0.0024566650390625,3.3723345460518686,0.03862016775522331
sample_000521,mixed,20261504,262144,"{""segments"":[{""generator"":""small_alphabet"",""parameters"":{""alphabet"":[9,34,80,90,92,122,144,248],""alphabet_size"":8,""distribution"":""uniform""},""size"":52429},{""generator"":""repeated_pattern"",""parameters"":{""pattern_hex"":""5e4373269191ea6b"",""pattern_length"":8},""size"":52429},{""generator"":""random"",""parameters"":{""distribution"":""uniform_bytes""},""size"":52429},{""generator"":""structured"",""parameters"":{""format"":""csv"",""group_count"":16,""value_range"":[0,9999]},""size"":52429},{""generator"":""long_runs"",""parameters"":{""byte_distribution"":""uniform_without_adjacent_run_duplicates"",""max_run_length"":512,""min_run_length"":128},""size"":52428}]}",262144,6.629657955819868,256,0.052577972412109375,0.0008087158203125,0.2589235646193108,1.3493866751772028,512,0.38299560546875,0.5527496337890625,4.181345487659021,1.8957506275058833
sample_000522,random,20261505,1048576,"{""distribution"":""uniform_bytes""}",1048576,7.999853204790734,256,0.004042625427246094,0.003981590270996094,0.003985408769043702,1.0040013519763078,3,0.0,1.0,7.954504275297827,0.004137525145842014
sample_000523,small_alphabet,20261506,1048576,"{""alphabet"":[10,34,42,53,157,189,204,242],""alphabet_size"":8,""distribution"":""uniform""}",1048576,2.9999982271313996,8,0.12540245056152344,0.0,0.12531197100827313,1.14326460432392,7,0.0,0.0009765625,2.998814376857148,0.0006405715068399026
sample_000524,repeated_pattern,20261507,1048576,"{""pattern_hex"":""4468484ed2aad02de673b7e25b793973"",""pattern_length"":16}",1048576,3.875,15,0.125,0.0,0.0,1.0,1,0.9999847412109375,0.000244140625,3.875,0.0
sample_000525,long_runs,20261508,1048576,"{""byte_distribution"":""uniform_without_adjacent_run_duplicates"",""max_run_length"":128,""min_run_length"":32}",1048576,7.984070444291792,256,0.005560874938964844,0.003989219665527344,0.9875364184726891,80.22769701606732,128,0.8106689453125,0.1840057373046875,5.421016540584287,0.09321566259143822
sample_000526,structured,20261509,1048576,"{""format"":""csv"",""group_count"":16,""value_range"":[0,9999]}",1048576,3.455430770289275,25,0.19859790802001953,0.0,0.04904656319290466,1.0515761467466682,5,0.0,0.0024566650390625,3.3877961412013406,0.03429853477572597
sample_000527,mixed,20261510,1048576,"{""segments"":[{""generator"":""small_alphabet"",""parameters"":{""alphabet"":[18,41,47,59,71,200,219,247],""alphabet_size"":8,""distribution"":""uniform""},""size"":209716},{""generator"":""repeated_pattern"",""parameters"":{""pattern_hex"":""5f5872dfe1bada5a3f523298521333873f12aacf409f819f1687832d23a2aca332af400e8e5ee1fe93f83e7b32d88ba6edf50df70de0afcffa2c7084ff71aa5574654f713ea84ab33085cbbd322c00fdf2a58f09978f62117f2947c4ae3656b8716b082c08cf2571f996699987e1edfbea47d6f378f4dc0d5bd6fdaba77f76de"",""pattern_length"":128},""size"":209715},{""generator"":""structured"",""parameters"":{""format"":""log"",""group_count"":16,""value_range"":[0,9999]},""size"":209715},{""generator"":""random"",""parameters"":{""distribution"":""uniform_bytes""},""size"":209715},{""generator"":""long_runs"",""parameters"":{""byte_distribution"":""uniform_without_adjacent_run_duplicates"",""max_run_length"":128,""min_run_length"":32},""size"":209715}]}",1048576,7.303617840705333,256,0.03108692169189453,0.0033369064331054688,0.22664759316214864,1.2930711945336093,128,0.4588470458984375,0.96038818359375,5.5360228212869895,1.654339790800482
sample_000528,random,20261511,16384,"{""distribution"":""uniform_bytes""}",16384,7.987787885433789,256,0.00555419921875,0.003662109375,0.003784410669596533,1.0037985540987624,2,0.0,0.8873222242568516,7.952264962985598,0.002294756944470229
sample_000529,small_alphabet,20261512,16384,"{""alphabet"":[132,226],""alphabet_size"":2,""distribution"":""uniform""}",16384,0.9999993120692872,2,0.50048828125,0.0,0.4978941585790148,1.9914914306551599,13,0.0048828125,0.00024415552707074406,0.999977040024449,2.7113919362799793e-05
sample_000530,repeated_pattern,20261513,16384,"{""pattern_hex"":""2ded3921291f2367a1121851a506ba8b7f11d1d1e622f6c6a91a5e1d95750785"",""pattern_length"":32}",16384,4.9375,31,0.0625,0.0,0.03125190746505524,1.032258064516129,2,0.998046875,0.0019532442165659525,4.9375,0.0
sample_000531,long_runs,20261514,16384,"{""byte_distribution"":""uniform_without_adjacent_run_duplicates"",""max_run_length"":32,""min_run_length"":8}",16384,7.732769562670044,247,0.01177978515625,0.00543212890625,0.9503143502411036,20.103067484662578,32,0.1240234375,0.06439602026490875,6.943193715222534,0.043646178228164634
sample_000532,structured,20261515,16384,"{""format"":""jsonl"",""group_count"":16,""value_range"":[0,9999]}",16384,4.5321385825011715,31,0.1654052734375,0.0,0.010742843191112739,1.0108588351431391,3,0.2490234375,0.010010376609900506,4.527321547679337,0.01622821497613121
sample_000533,mixed,20261516,16384,"{""segments"":[{""generator"":""structured"",""parameters"":{""format"":""jsonl"",""group_count"":16,""value_range"":[0,9999]},""size"":3277},{""generator"":""random"",""parameters"":{""distribution"":""uniform_bytes""},""size"":3277},{""generator"":""long_runs"",""parameters"":{""byte_distribution"":""uniform_without_adjacent_run_duplicates"",""max_run_length"":32,""min_run_length"":8},""size"":3277},{""generator"":""repeated_pattern"",""parameters"":{""pattern_hex"":""0712c158"",""pattern_length"":4},""size"":3277},{""generator"":""small_alphabet"",""parameters"":{""alphabet"":[23,37,41,52,53,83,98,102,104,106,141,192,201,203,212,232],""alphabet_size"":16,""distribution"":""uniform""},""size"":3276}]}",16384,6.780824240078831,256,0.051025390625,0.0020751953125,0.20576207043886957,1.2590486436640282,32,0.248046875,0.23426722822437893,5.544309838098421,1.321857310642449
sample_000534,random,20261517,65536,"{""distribution"":""uniform_bytes""}",65536,7.9976567959802,256,0.0045166015625,0.003265380859375,0.0038452735179674985,1.0038600575945102,3,0.0,0.6310826276035706,7.9542441449096355,0.003719715473886801
sample_000535,small_alphabet,20261518,65536,"{""alphabet"":[21,75,106,127,144,145,184,207],""alphabet_size"":8,""distribution"":""uniform""}",65536,2.9999413250124602,8,0.1262054443359375,0.0,0.12646677347981994,1.1447736165455562,5,0.0,0.000976577401388571,2.9987626680062327,0.0006118763114350739
sample_000536,repeated_pattern,20261519,65536,"{""pattern_hex"":""94da6fecbc2e136c719fa7b434a0ec92"",""pattern_length"":16}",65536,3.875,15,0.125,0.0,0.0,1.0,1,0.999755859375,0.00024414435034714275,3.875,0.0
sample_000537,long_runs,20261520,65536,"{""byte_distribution"":""uniform_without_adjacent_run_duplicates"",""max_run_length"":512,""min_run_length"":128}",65536,6.909473819679757,142,0.020721435546875,0.0,0.9968261234454872,313.5693779904306,512,0.9169921875,0.005340657663843748,3.637709447638018,0.1381830349088669
sample_000538,structured,20261521,65536,"{""format"":""jsonl"",""group_count"":16,""value_range"":[0,9999]}",65536,4.549815484104559,31,0.1634521484375,0.0,0.012695506218051423,1.012858555885262,4,0.34814453125,0.0025024795910582134,4.538685810335668,0.012417991251779798
sample_000539,mixed,20261522,65536,"{""segments"":[{""generator"":""long_runs"",""parameters"":{""byte_distribution"":""uniform_without_adjacent_run_duplicates"",""max_run_length"":32,""min_run_length"":8},""size"":13108},{""generator"":""repeated_pattern"",""parameters"":{""pattern_hex"":""f5104438b086f1f9c5306eee9a4c928140bec62dfb3a976686dce21f90e3a72416f0c1583ce59ba47750e5ca419a01d2d52bc926dc5ca63f67ea02a02918dc6d"",""pattern_length"":64},""size"":13107},{""generator"":""random"",""parameters"":{""distribution"":""uniform_bytes""},""size"":13107},{""generator"":""small_alphabet"",""parameters"":{""alphabet"":[11,17,35,50,92,119,147,160,161,177,180,182,185,218,248,252],""alphabet_size"":16,""distribution"":""uniform""},""size"":13107},{""generator"":""structured"",""parameters"":{""format"":""jsonl"",""group_count"":16,""value_range"":[0,9999]},""size"":13107}]}",65536,7.3590409884178865,256,0.0353851318359375,0.001953125,0.2050659952697032,1.2579611110044724,32,0.2705078125,0.19789425497825588,5.98491637349904,1.3782532206747709
sample_000540,random,20261523,262144,"{""distribution"":""uniform_bytes""}",262144,7.999344324574823,256,0.0042877197265625,0.0039215087890625,0.003955856154846782,1.0039715518925192,3,0.0,0.9816741943359375,7.9545342258523934,0.003649271253145859
sample_000541,small_alphabet,20261524,262144,"{""alphabet"":[35,38,39,47,56,63,66,82,88,111,120,138,142,143,192,197],""alphabet_size"":16,""distribution"":""uniform""}",262144,3.999963908127575,16,0.06365585327148438,0.0,0.06255364438493494,1.0667274340172372,5,0.0,0.00390625,3.9973048181314117,0.0010896353449159606
sample_000542,repeated_pattern,20261525,262144,"{""pattern_hex"":""9e00a012305469f4fd107285614af320bb223c8a28998a8daf61ed0583f79a38"",""pattern_length"":32}",262144,4.875,30,0.0625,0.03125,0.0,1.0,1,0.9998779296875,0.00048828125,4.875,0.0
sample_000543,long_runs,20261526,262144,"{""byte_distribution"":""uniform_without_adjacent_run_duplicates"",""max_run_length"":128,""min_run_length"":32}",262144,7.935982780636724,256,0.007465362548828125,0.00569915771484375,0.9876060013046314,80.65969230769231,128,0.79937744140625,0.052001953125,5.423561499411011,0.09787636879364424
sample_000544,structured,20261527,262144,"{""format"":""csv"",""group_count"":16,""value_range"":[0,9999]}",262144,3.4194563210947386,25,0.20488357543945312,0.0,0.047657194737223574,1.0500418584343745,5,0.0,0.0024566650390625,3.371799989172599,0.0393149864530681
sample_000545,mixed,20261528,262144,"{""segments"":[{""generator"":""long_runs"",""parameters"":{""byte_distribution"":""uniform_without_adjacent_run_duplicates"",""max_run_length"":512,""min_run_length"":128},""size"":52429},{""generator"":""random"",""parameters"":{""distribution"":""uniform_bytes""},""size"":52429},{""generator"":""structured"",""parameters"":{""format"":""log"",""group_count"":16,""value_range"":[0,9999]},""size"":52429},{""generator"":""repeated_pattern"",""parameters"":{""pattern_hex"":""3669c26b3c16ebdf46ae1bd499453d19"",""pattern_length"":16},""size"":52429},{""generator"":""small_alphabet"",""parameters"":{""alphabet"":[8,100,114,159],""alphabet_size"":4,""distribution"":""uniform""},""size"":52428}]}",262144,6.763925520347327,256,0.0563812255859375,0.00079345703125,0.2534647120083313,1.33951967296883,512,0.4423828125,0.553955078125,4.512814780897191,1.9466043206716992
sample_000546,random,20261529,1048576,"{""distribution"":""uniform_bytes""}",1048576,7.999811301323945,256,0.00409698486328125,0.0038204193115234375,0.003936771332522709,1.0039523269708017,3,0.0,1.0,7.954404411867636,0.00416945077856238
sample_000547,small_alphabet,20261530,1048576,"{""alphabet"":[37,252],""alphabet_size"":2,""distribution"":""uniform""}",1048576,0.9999990895934179,2,0.5005617141723633,0.0,0.5004582409460459,2.001832732604313,18,0.368682861328125,6.103515625e-05,0.9998134032363105,0.00025551717775923786
sample_000548,repeated_pattern,20261531,1048576,"{""pattern_hex"":""59c061366f1078c435dc9c268db934b90840a2a3d9213b3aaa60f7e85df19ae451ff47e2ba8d4d51486251a711bf83b694b6d311db4333493e96be4509a47af97c6e8ce1a5e3481a8c0064c44effb40d2689b00636ae923ead95ed669bdcff9c66208cd35ff90b5b765f754a9cb99cb6bfe4da8fca9d600aec5923033ccf63da"",""pattern_length"":128}",1048576,6.486137206946739,98,0.03125,0.0078125,0.0,1.0,1,0.9998779296875,0.001953125,6.486137206946739,0.0
sample_000549,long_runs,20261532,1048576,"{""byte_distribution"":""uniform_without_adjacent_run_duplicates"",""max_run_length"":512,""min_run_length"":128}",1048576,7.934631098561498,256,0.008151054382324219,0.0030059814453125,0.9968738526094938,319.78530039646233,512,0.949493408203125,0.053009033203125,3.6115139261941778,0.13925130561422067
sample_000550,structured,20261533,1048576,"{""format"":""csv"",""group_count"":16,""value_range"":[0,9999]}",1048576,3.455459698975804,25,0.19861221313476562,0.0,0.04881768113868822,1.0513231072793208,5,0.0,0.0024566650390625,3.387867232670264,0.03443099996836016
sample_000551,mixed,20261534,1048576,"{""segments"":[{""generator"":""structured"",""parameters"":{""format"":""log"",""group_count"":16,""value_range"":[0,9999]},""size"":209716},{""generator"":""small_alphabet"",""parameters"":{""alphabet"":[56,58,81,239],""alphabet_size"":4,""distribution"":""uniform""},""size"":209715},{""generator"":""random"",""parameters"":{""distribution"":""uniform_bytes""},""size"":209715},{""generator"":""long_runs"",""parameters"":{""byte_distribution"":""uniform_without_adjacent_run_duplicates"",""max_run_length"":128,""min_run_length"":32},""size"":209715},{""generator"":""repeated_pattern"",""parameters"":{""pattern_hex"":""65775937bf1bb77c436b9d1c9442c89c"",""pattern_length"":16},""size"":209715}]}",1048576,6.9159109106166206,256,0.05363655090332031,0.0014982223510742188,0.2515852466442553,1.3361570906125362,128,0.458099365234375,0.9597015380859375,4.8437597843689835,1.9302070585117603
sample_000552,random,20261535,16384,"{""distribution"":""uniform_bytes""}",16384,7.988811363572461,256,0.005126953125,0.0030517578125,0.003357138497222731,1.0033682405536162,2,0.0,0.8850027467496795,7.955994248202603,0.00363087530001427
sample_000553,small_alphabet,20261536,16384,"{""alphabet"":[46,216],""alphabet_size"":2,""distribution"":""uniform""}",16384,0.9998792218129957,2,0.5064697265625,0.0,0.4961850698895196,1.9847365233192005,14,0.0048828125,0.00024415552707074406,0.9998676541691623,7.005708109321909e-05
sample_000554,repeated_pattern,20261537,16384,"{""pattern_hex"":""9279b2867a209475"",""pattern_length"":8}",16384,3.0,8,0.125,0.0,0.0,1.0,1,0.9990234375,0.0004883110541414881,3.0,0.0
sample_000555,long_runs,20261538,16384,"{""byte_distribution"":""uniform_without_adjacent_run_duplicates"",""max_run_length"":2048,""min_run_length"":512}",16384,3.661946299613987,13,0.11590576171875,0.0,0.9992675334187877,1260.3076923076924,1899,0.9755859375,0.0015259720441921504,1.8381235400251392,0.19160951812247604
sample_000556,structured,20261539,16384,"{""format"":""csv"",""group_count"":16,""value_range"":[0,9999]}",16384,3.400215664986072,25,0.22467041015625,0.0,0.04706097784288592,1.0493819253186447,4,0.0,0.009827259964597448,3.3819083375198806,0.038972774624646954
sample_000557,mixed,20261540,16384,"{""segments"":[{""generator"":""small_alphabet"",""parameters"":{""alphabet"":[3,11,107,110,138,148,202,212],""alphabet_size"":8,""distribution"":""uniform""},""size"":3277},{""generator"":""long_runs"",""parameters"":{""byte_distribution"":""uniform_without_adjacent_run_duplicates"",""max_run_length"":2048,""min_run_length"":512},""size"":3277},{""generator"":""repeated_pattern"",""parameters"":{""pattern_hex"":""6101063c284c65c5"",""pattern_length"":8},""size"":3277},{""generator"":""structured"",""parameters"":{""format"":""jsonl"",""group_count"":16,""value_range"":[0,9999]},""size"":3277},{""generator"":""random"",""parameters"":{""distribution"":""uniform_bytes""},""size"":3276}]}",16384,6.019987531937674,256,0.075927734375,0.000732421875,0.2256607458951352,1.2914006463308898,1231,0.4189453125,0.20832570347311238,4.64984554467698,1.9010726849146318
sample_000558,random,20261541,65536,"{""distribution"":""uniform_bytes""}",65536,7.996906305335886,256,0.004730224609375,0.00408935546875,0.003982604715037766,1.0039984680199157,3,0.0,0.6314793621728847,7.9538812032089545,0.0049706271065316655
sample_000559,small_alphabet,20261542,65536,"{""alphabet"":[14,96,158,223],""alphabet_size"":4,""distribution"":""uniform""}",65536,1.9999645434130953,4,0.2512054443359375,0.0,0.2504310673685817,1.3340933148766387,10,0.0,0.00024414435034714275,1.9994776367550067,0.0002660700978565932
sample_000560,repeated_pattern,20261543,65536,"{""pattern_hex"":""7a1f85dc4bcb82beef3415d574f0fd81eeb0dabef342653e9d746f69c37a87a9a35463143e9cc9b714177b30629a7a718d6fe40abd7f5067972d10aeeca0bd69"",""pattern_length"":64}",65536,5.706954882778696,55,0.046875,0.0,0.0,1.0,1,0.9990234375,0.000976577401388571,5.706954882778696,0.0
sample_000561,long_runs,20261544,65536,"{""byte_distribution"":""uniform_without_adjacent_run_duplicates"",""max_run_length"":128,""min_run_length"":32}",65536,7.746426507374715,247,0.01165771484375,0.0012664794921875,0.9873655298695354,79.05428226779252,128,0.7490234375,0.016220340276188298,5.426157609312014,0.10086138038652703
sample_000562,structured,20261545,65536,"{""format"":""csv"",""group_count"":16,""value_range"":[0,9999]}",65536,3.4179177649512598,25,0.213897705078125,0.0,0.04449530785076677,1.0465665921430853,4,0.0,0.002456702525368124,3.3842033941945724,0.02911954012825731
sample_000563,mixed,20261546,65536,"{""segments"":[{""generator"":""small_alphabet"",""parameters"":{""alphabet"":[14,39,71,149,184,233,234,251],""alphabet_size"":8,""distribution"":""uniform""},""size"":13108},{""generator"":""random"",""parameters"":{""distribution"":""uniform_bytes""},""size"":13107},{""generator"":""long_runs"",""parameters"":{""byte_distribution"":""uniform_without_adjacent_run_duplicates"",""max_run_length"":32,""min_run_length"":8},""size"":13107},{""generator"":""structured"",""parameters"":{""format"":""jsonl"",""group_count"":16,""value_range"":[0,9999]},""size"":13107},{""generator"":""repeated_pattern"",""parameters"":{""pattern_hex"":""06c269ed"",""pattern_length"":4},""size"":13107}]}",65536,6.706196887736277,256,0.060638427734375,0.001068115234375,0.21896696421759365,1.280350095729301,32,0.2666015625,0.1944151979858091,4.994933678208306,2.221853488834478
sample_000564,random,20261547,262144,"{""distribution"":""uniform_bytes""}",262144,7.999311108662945,256,0.004329681396484375,0.00396728515625,0.003963485578481973,1.0039792420673674,3,0.0,0.9820709228515625,7.95436810433637,0.003910250381060644
sample_000565,small_alphabet,20261548,262144,"{""alphabet"":[2,55,176,210],""alphabet_size"":4,""distribution"":""uniform""}",262144,1.9999924222315881,4,0.25078582763671875,0.0,0.25019931869246936,1.3336860741976841,10,0.0,0.000244140625,1.9994619688818898,0.00041461190714834814
sample_000566,repeated_pattern,20261549,262144,"{""pattern_hex"":""cf96de403ea51b8f"",""pattern_length"":8}",262144,3.0,8,0.125,0.0,0.0,1.0,1,0.99993896484375,0.0001220703125,3.0,0.0
sample_000567,long_runs,20261550,262144,"{""byte_distribution"":""uniform_without_adjacent_run_duplicates"",""max_run_length"":512,""min_run_length"":128}",262144,7.717903640229668,243,0.01169586181640625,0.006717681884765625,0.9968604921741187,318.13592233009706,512,0.93756103515625,0.0161895751953125,3.625175622825902,0.12910736261336103
sample_000568,structured,20261551,262144,"{""format"":""log"",""group_count"":16,""value_range"":[0,9999]}",262144,4.789199848077014,35,0.08768844604492188,0.0,0.016746584879245296,1.0170317434453005,4,0.52362060546875,0.00262451171875,4.787114467033529,0.008096192271165094
sample_000569,mixed,20261552,262144,"{""segments"":[{""generator"":""long_runs"",""parameters"":{""byte_distribution"":""uniform_without_adjacent_run_duplicates"",""max_run_length"":32,""min_run_length"":8},""size"":52429},{""generator"":""structured"",""parameters"":{""format"":""jsonl"",""group_count"":16,""value_range"":[0,9999]},""size"":52429},{""generator"":""small_alphabet"",""parameters"":{""alphabet"":[7,21,40,57,59,90,93,96,106,113,121,155,168,183,208,214],""alphabet_size"":16,""distribution"":""uniform""},""size"":52429},{""generator"":""random"",""parameters"":{""distribution"":""uniform_bytes""},""size"":52429},{""generator"":""repeated_pattern"",""parameters"":{""pattern_hex"":""339f9f4e262f204b594ba3f1eb6ed87a"",""pattern_length"":16},""size"":52428}]}",262144,7.187911083790146,256,0.034549713134765625,0.00177001953125,0.2180145950874141,1.2787948856790232,32,0.31048583984375,0.57086181640625,5.477934563900551,1.661956787430365
sample_000570,random,20261553,1048576,"{""distribution"":""uniform_bytes""}",1048576,7.999821982984543,256,0.004101753234863281,0.003954887390136719,0.0039625205636220585,1.0039782807890687,3,0.0,1.0,7.954194719889013,0.004169485401415587
sample_000571,small_alphabet,20261554,1048576,"{""alphabet"":[31,69,78,120,135,168,222,242],""alphabet_size"":8,""distribution"":""uniform""}",1048576,2.999997818714135,8,0.12520980834960938,0.0,0.12515461459599933,1.1430589681928878,7,0.0,0.0009765625,2.998837442550197,0.0006363655904166596
sample_000572,repeated_pattern,20261555,1048576,"{""pattern_hex"":""a2b7b4565a5153d5af77217e2d42b671"",""pattern_length"":16}",1048576,4.0,16,0.0625,0.0,0.0,1.0,1,0.9999847412109375,0.000244140625,4.0,0.0
sample_000573,long_runs,20261556,1048576,"{""byte_distribution"":""uniform_without_adjacent_run_duplicates"",""max_run_length"":2048,""min_run_length"":512}",1048576,7.741232107912861,247,0.011217117309570312,0.004321098327636719,0.9992103569129533,1264.8685162846803,2048,0.9843597412109375,0.0163421630859375,1.8460124404417497,0.24874001431055487
sample_000574,structured,20261557,1048576,"{""format"":""jsonl"",""group_count"":16,""value_range"":[0,9999]}",1048576,4.578627463332328,31,0.1592702865600586,0.0,0.013940824452232792,1.014137905021287,5,0.4485321044921875,0.00250244140625,4.555854454725499,0.011581067867019573
sample_000575,mixed,20261558,1048576,"{""segments"":[{""generator"":""repeated_pattern"",""parameters"":{""pattern_hex"":""d6328b053ab0962689e86f458e489c01ffb69c2e5903ff6d6d3582dbb7f4b08b"",""pattern_length"":32},""size"":209716},{""generator"":""random"",""parameters"":{""distribution"":""uniform_bytes""},""size"":209715},{""generator"":""long_runs"",""parameters"":{""byte_distribution"":""uniform_without_adjacent_run_duplicates"",""max_run_length"":128,""min_run_length"":32},""size"":209715},{""generator"":""structured"",""parameters"":{""format"":""jsonl"",""group_count"":16,""value_range"":[0,9999]},""size"":209715},{""generator"":""small_alphabet"",""parameters"":{""alphabet"":[14,47,75,105,174,183,189,242],""alphabet_size"":8,""distribution"":""uniform""},""size"":209715}]}",1048576,7.102007991183194,256,0.034801483154296875,0.0016078948974609375,0.23196337887132537,1.3020208730419882,128,0.43988037109375,0.9604339599609375,5.128200832852735,1.6202126089407602
sample_000576,random,20261559,16384,"{""distribution"":""uniform_bytes""}",16384,7.987429880212126,256,0.0054931640625,0.004638671875,0.003723371787828847,1.0037370581388225,2,0.0,0.8857962522126595,7.956877330871219,0.0009790737369434644
sample_000577,small_alphabet,20261560,16384,"{""alphabet"":[18,193,200,240],""alphabet_size"":4,""distribution"":""uniform""}",16384,1.9998930549592426,4,0.25482177734375,0.0,0.24928279313922969,1.3320325203252033,7,0.0,0.0009766221082829762,1.999679059257751,0.0002489266688793543
sample_000578,repeated_pattern,20261561,16384,"{""pattern_hex"":""940e85e4ede919fc1a27f54d01792507165d3b8a643514d94503c95ba0e2350d"",""pattern_length"":32}",16384,4.9375,31,0.0625,0.0,0.0,1.0,1,0.998046875,0.0019532442165659525,4.9375,0.0
sample_000579,long_runs,20261562,16384,"{""byte_distribution"":""uniform_without_adjacent_run_duplicates"",""max_run_length"":512,""min_run_length"":128}",16384,5.3896698904111,47,0.0517578125,0.0,0.9969480559116157,321.2549019607843,510,0.9091796875,0.0059207715314655435,3.5800307558075666,0.05140653824875583
sample_000580,structured,20261563,16384,"{""format"":""csv"",""group_count"":16,""value_range"":[0,9999]}",16384,3.3996018008417654,25,0.2244873046875,0.0,0.04736617225172435,1.0497180932854946,4,0.0,0.009827259964597448,3.3833792737572175,0.04133867597296696
sample_000581,mixed,20261564,16384,"{""segments"":[{""generator"":""repeated_pattern"",""parameters"":{""pattern_hex"":""5d21a405be36aef4adb7b6a305d770a36139d73643ffe69e1f277375a498a75bb9a133411a4526869d4ec62a329a15ad99261e163b0c4adcfa2fcd643f508dbbe16c1e2a8148eb11837385defd7b012e80a1fdd711cbed5b0dd182bb117db3aecb4e19e8df90b6fd7d7a285e5c0cc96faf7e06055b580117d1e11fd53d0dc3c8"",""pattern_length"":128},""size"":3277},{""generator"":""structured"",""parameters"":{""format"":""csv"",""group_count"":16,""value_range"":[0,9999]},""size"":3277},{""generator"":""random"",""parameters"":{""distribution"":""uniform_bytes""},""size"":3277},{""generator"":""long_runs"",""parameters"":{""byte_distribution"":""uniform_without_adjacent_run_duplicates"",""max_run_length"":2048,""min_run_length"":512},""size"":3277},{""generator"":""small_alphabet"",""parameters"":{""alphabet"":[9,54,67,74,93,117,124,133,151,159,165,167,196,200,222,251],""alphabet_size"":16,""distribution"":""uniform""},""size"":3276}]}",16384,6.490266153665685,256,0.08575439453125,0.00030517578125,0.22035036318134651,1.2826052919993738,1366,0.3857421875,0.22627113471281207,5.287260864733704,1.0735183224743816
sample_000582,random,20261565,65536,"{""distribution"":""uniform_bytes""}",65536,7.9968905491170785,256,0.0048828125,0.0039825439453125,0.0042267490653849086,1.004244625262416,3,0.0,0.6358281834134432,7.953420944742732,0.00357459700235036
sample_000583,small_alphabet,20261566,65536,"{""alphabet"":[3,50,147,238],""alphabet_size"":4,""distribution"":""uniform""}",65536,1.9999463578830659,4,0.2528076171875,0.0,0.24751659418631267,1.328926290175403,9,0.0,0.00024414435034714275,1.9994137294859118,0.00040385511862194734
sample_000584,repeated_pattern,20261567,65536,"{""pattern_hex"":""63cb96b0"",""pattern_length"":4}",65536,2.0,4,0.25,0.0,0.0,1.0,1,0.999755859375,6.103608758678569e-05,2.0,0.0
sample_000585,long_runs,20261568,65536,"{""byte_distribution"":""uniform_without_adjacent_run_duplicates"",""max_run_length"":32,""min_run_length"":8}",65536,7.934313317780732,256,0.0079498291015625,0.005096435546875,0.9500419623102159,20.010992366412214,32,0.236328125,0.05258258945601587,6.95113907537427,0.04059287563071646
sample_000586,structured,20261569,65536,"{""format"":""jsonl"",""group_count"":16,""value_range"":[0,9999]}",65536,4.54605707193665,31,0.16351318359375,0.0,0.012848096437018387,1.0130151173215445,4,0.355712890625,0.0025024795910582134,4.533607475251324,0.011120359905315957
sample_000587,mixed,20261570,65536,"{""segments"":[{""generator"":""random"",""parameters"":{""distribution"":""uniform_bytes""},""size"":13108},{""generator"":""repeated_pattern"",""parameters"":{""pattern_hex"":""cb991d7b97e4e6ed762a3665b9232494d2e06de16c837a41adda264c10c9dfd26a563508451df4b73e1d20c7427c7b6b8d1c3349e68edbc345836b9b3077d621"",""pattern_length"":64},""size"":13107},{""generator"":""long_runs"",""parameters"":{""byte_distribution"":""uniform_without_adjacent_run_duplicates"",""max_run_length"":2048,""min_run_length"":512},""size"":13107},{""generator"":""structured"",""parameters"":{""format"":""csv"",""group_count"":16,""value_range"":[0,9999]},""size"":13107},{""generator"":""small_alphabet"",""parameters"":{""alphabet"":[35,59,81,121,144,220,242,254],""alphabet_size"":8,""distribution"":""uniform""},""size"":13107}]}",65536,6.60954525998619,256,0.0483856201171875,0.02862548828125,0.23352407110704204,1.304666348144609,1829,0.392333984375,0.18518348973830778,4.599548051811399,2.01152370362953
sample_000588,random,20261571,262144,"{""distribution"":""uniform_bytes""}",262144,7.9993091013012645,256,0.004192352294921875,0.00383758544921875,0.003997817984840335,1.0040138493121304,3,0.0,0.98236083984375,7.954729655047348,0.0038959169998831703
sample_000589,small_alphabet,20261572,262144,"{""alphabet"":[58,85,89,117,132,179,221,246],""alphabet_size"":8,""distribution"":""uniform""}",262144,2.999994818291016,8,0.12551116943359375,0.0,0.1252675066662089,1.143206021647929,7,0.0,0.0009765625,2.9989315396350418,0.0005450430480313403
sample_000590,repeated_pattern,20261573,262144,"{""pattern_hex"":""fcedf3021f4df086"",""pattern_length"":8}",262144,3.0,8,0.125,0.0,0.0,1.0,1,0.99993896484375,0.0001220703125,3.0,0.0
sample_000591,long_runs,20261574,262144,"{""byte_distribution"":""uniform_without_adjacent_run_duplicates"",""max_run_length"":512,""min_run_length"":128}",262144,7.719535428882505,244,0.0108642578125,0.0,0.9968528627504835,317.36561743341406,512,0.93792724609375,0.016265869140625,3.620208810296751,0.14108476272707518
sample_000592,structured,20261575,262144,"{""format"":""csv"",""group_count"":16,""value_range"":[0,9999]}",262144,3.4193002988820584,25,0.20489501953125,0.0,0.04785937446355615,1.0502648258399507,5,0.0,0.0024566650390625,3.3716214149252437,0.039939606402193926
sample_000593,mixed,20261576,262144,"{""segments"":[{""generator"":""long_runs"",""parameters"":{""byte_distribution"":""uniform_without_adjacent_run_duplicates"",""max_run_length"":32,""min_run_length"":8},""size"":52429},{""generator"":""random"",""parameters"":{""distribution"":""uniform_bytes""},""size"":52429},{""generator"":""small_alphabet"",""parameters"":{""alphabet"":[96,119,199,231],""alphabet_size"":4,""distribution"":""uniform""},""size"":52429},{""generator"":""repeated_pattern"",""parameters"":{""pattern_hex"":""769593725475c28d6cb0c0984c0d4716d64611bc00a8763f2c6ed362f17bdfb824237d4f65b7dd9a7b5655ba27b4cd34f81f556a52a996afdfdec7ba2117a5c0"",""pattern_length"":64},""size"":52429},{""generator"":""structured"",""parameters"":{""format"":""log"",""group_count"":16,""value_range"":[0,9999]},""size"":52428}]}",262144,7.096434028862262,256,0.054534912109375,0.0049591064453125,0.24349687002895365,1.3218699732241457,32,0.30389404296875,0.57196044921875,5.538258702172562,1.9981469756911128
sample_000594,random,20261577,1048576,"{""distribution"":""uniform_bytes""}",1048576,7.999829723921599,256,0.0040836334228515625,0.0038328170776367188,0.003971103640655175,1.0039869323600266,3,0.0,1.0,7.95488195525348,0.0037071302584004845
sample_000595,small_alphabet,20261578,1048576,"{""alphabet"":[5,101,130,142,153,190,193,220],""alphabet_size"":8,""distribution"":""uniform""}",1048576,2.999995807428487,8,0.12527942657470703,0.0,0.12501251698733995,1.1428733360872205,7,0.0,0.0009765625,2.9987785526993793,0.0006246682772781735
sample_000596,repeated_pattern,20261579,1048576,"{""pattern_hex"":""82e5babdf386c25ace1bb14cd1e5d20b4d15aa8e16b8364c3d0766d4a15b5b5f"",""pattern_length"":32}",1048576,4.8125,29,0.0625,0.0,0.03125002980235081,1.032258064516129,2,0.999969482421875,0.00048828125,4.8125,0.0
sample_000597,long_runs,20261580,1048576,"{""byte_distribution"":""uniform_without_adjacent_run_duplicates"",""max_run_length"":512,""min_run_length"":128}",1048576,7.933226515915377,256,0.0075778961181640625,0.005841255187988281,0.9968671768829125,319.104077906269,512,0.9493255615234375,0.053131103515625,3.6167829652753243,0.1396440129998695
sample_000598,structured,20261581,1048576,"{""format"":""jsonl"",""group_count"":16,""value_range"":[0,9999]}",1048576,4.5792497111097505,31,0.15923786163330078,0.0,0.013911260520229837,1.014107500176501,5,0.4483489990234375,0.00250244140625,4.556337837981805,0.012015808218751586
sample_000599,mixed,20261582,1048576,"{""segments"":[{""generator"":""random"",""parameters"":{""distribution"":""uniform_bytes""},""size"":209716},{""generator"":""long_runs"",""parameters"":{""byte_distribution"":""uniform_without_adjacent_run_duplicates"",""max_run_length"":512,""min_run_length"":128},""size"":209715},{""generator"":""small_alphabet"",""parameters"":{""alphabet"":[43,44,47,88,95,122,136,138,153,163,167,184,204,227,228,244],""alphabet_size"":16,""distribution"":""uniform""},""size"":209715},{""generator"":""structured"",""parameters"":{""format"":""log"",""group_count"":16,""value_range"":[0,9999]},""size"":209715},{""generator"":""repeated_pattern"",""parameters"":{""pattern_hex"":""8fffcfc28ac2d6961311e8eae2b31d475000a4f762d875afc15c0d97999003347c2d7036f858709210a93dda8217e3a9ab7a2fadf1cc8ead9279973240f230a9eba1db30352650c85342468bb23fb6a6acbdf1fe2f24d205b8f0bfedde04bc70c8473be70150e3cd2c021123a9e4a5786f0c245d217ac1678346b0f73325d1f2"",""pattern_length"":128},""size"":209715}]}",1048576,7.4298034232645795,256,0.019426345825195312,0.0029306411743164062,0.21600267029063253,1.275514213319612,511,0.486846923828125,0.9600982666015625,5.393807657020759,1.6424323950175819
sample_000600,random,20261583,16384,"{""distribution"":""uniform_bytes""}",16384,7.988670813596891,256,0.00543212890625,0.00482177734375,0.004333760605505707,1.004352357015877,2,0.0,0.8854300189220533,7.954045120838447,0.0019594485107729547
sample_000601,small_alphabet,20261584,16384,"{""alphabet"":[37,70,95,106,131,185,188,242],""alphabet_size"":8,""distribution"":""uniform""}",16384,2.999524756371167,8,0.12982177734375,0.0,0.13025697369224196,1.1497543859649122,5,0.0,0.003906488433131905,2.9989293546120015,0.00031463048023714626
sample_000602,repeated_pattern,20261585,16384,"{""pattern_hex"":""f07a4f2ea9561d9c56d7ec024cfd859b0ef274fc8ff3aae90252225f7591d2a6cfe41a67b823669ea24395878dc9179fa88f4db3666b783c75688984f34e823a"",""pattern_length"":64}",16384,5.8125,58,0.03125,0.0,0.0,1.0,1,0.99609375,0.003906488433131905,5.8125,0.0
sample_000603,long_runs,20261586,16384,"{""byte_distribution"":""uniform_without_adjacent_run_duplicates"",""max_run_length"":32,""min_run_length"":8}",16384,7.719420009559672,248,0.013671875,0.0067138671875,0.9506805835317097,20.252163164400493,32,0.142578125,0.06396874809253494,6.934755438396032,0.05288874717738315
sample_000604,structured,20261587,16384,"{""format"":""log"",""group_count"":16,""value_range"":[0,9999]}",16384,4.787948204673736,35,0.087646484375,0.0,0.017823353476164316,1.0181456624409644,4,0.1357421875,0.010498687664041995,4.786434525420955,0.007091727576751708
sample_000605,mixed,20261588,16384,"{""segments"":[{""generator"":""structured"",""parameters"":{""format"":""log"",""group_count"":16,""value_range"":[0,9999]},""size"":3277},{""generator"":""random"",""parameters"":{""distribution"":""uniform_bytes""},""size"":3277},{""generator"":""long_runs"",""parameters"":{""byte_distribution"":""uniform_without_adjacent_run_duplicates"",""max_run_length"":512,""min_run_length"":128},""size"":3277},{""generator"":""repeated_pattern"",""parameters"":{""pattern_hex"":""2e2b0fbf491a50d9e380ed61f089d6a9"",""pattern_length"":16},""size"":3277},{""generator"":""small_alphabet"",""parameters"":{""alphabet"":[69,147],""alphabet_size"":2,""distribution"":""uniform""},""size"":3276}]}",16384,6.2716023237067295,256,0.10418701171875,0.00067138671875,0.3064151864737838,1.4417458641323477,456,0.3828125,0.20850882011841543,4.839532256499687,1.6492557893954538
sample_000606,random,20261589,65536,"{""distribution"":""uniform_bytes""}",65536,7.996603906949829,256,0.004608154296875,0.0040130615234375,0.004119935912108034,1.0041369166181473,2,0.0,0.6314335851071946,7.955172149079166,0.0025460741118855505
sample_000607,small_alphabet,20261590,65536,"{""alphabet"":[35,102,105,115,120,134,213,251],""alphabet_size"":8,""distribution"":""uniform""}",65536,2.999926611312265,8,0.1272430419921875,0.0,0.12407110704203861,1.1416427140492988,6,0.0,0.000976577401388571,2.9981994175568536,0.0007153063551553026
sample_000608,repeated_pattern,20261591,65536,"{""pattern_hex"":""b6d19d6b18e71d30"",""pattern_length"":8}",65536,3.0,8,0.125,0.0,0.0,1.0,1,0.999755859375,0.00012207217517357137,3.0,0.0
sample_000609,long_runs,20261592,65536,"{""byte_distribution"":""uniform_without_adjacent_run_duplicates"",""max_run_length"":2048,""min_run_length"":512}",65536,5.411314625444562,47,0.058502197265625,0.0,0.9992217898832685,1260.3076923076924,2041,0.976318359375,0.0014953841458762494,1.7855222866754814,0.22970250326334127
sample_000610,structured,20261593,65536,"{""format"":""csv"",""group_count"":16,""value_range"":[0,9999]}",65536,3.4189015889595655,25,0.2138214111328125,0.0,0.04609750514991989,1.0483244021434857,4,0.0,0.002456702525368124,3.386493987882627,0.027380355404040043
sample_000611,mixed,20261594,65536,"{""segments"":[{""generator"":""random"",""parameters"":{""distribution"":""uniform_bytes""},""size"":13108},{""generator"":""repeated_pattern"",""parameters"":{""pattern_hex"":""007960ead6cfed45d38cc3d059dd84f740d66f6324655ec725196b14863818fc485e50d81116489e67289ea7dc7c5148ee84aec4f14f053b01e0548753d5a625"",""pattern_length"":64},""size"":13107},{""generator"":""small_alphabet"",""parameters"":{""alphabet"":[8,79,117,134,157,161,189,218],""alphabet_size"":8,""distribution"":""uniform""},""size"":13107},{""generator"":""structured"",""parameters"":{""format"":""log"",""group_count"":16,""value_range"":[0,9999]},""size"":13107},{""generator"":""long_runs"",""parameters"":{""byte_distribution"":""uniform_without_adjacent_run_duplicates"",""max_run_length"":2048,""min_run_length"":512},""size"":13107}]}",65536,6.819599409963141,256,0.0348968505859375,0.003662109375,0.2285954070344091,1.2963307289091088,1732,0.416748046875,0.18559548332951858,4.844239032364925,2.0467279786957175
sample_000612,random,20261595,262144,"{""distribution"":""uniform_bytes""}",262144,7.999284923891554,256,0.0042724609375,0.00380706787109375,0.004001632696657931,1.0040176947088224,3,0.0,0.9813232421875,7.954516753215706,0.00417469384644308
sample_000613,small_alphabet,20261596,262144,"{""alphabet"":[123,185],""alphabet_size"":2,""distribution"":""uniform""}",262144,0.9999998729864419,2,0.5002098083496094,0.0,0.5005321522985546,2.0021232233279616,19,0.115966796875,6.103515625e-05,0.9998049356757682,0.0003257386611578116
sample_000614,repeated_pattern,20261597,262144,"{""pattern_hex"":""69b2b8164cbfa071f7eb2ed1c41682188a0c0ce19f9702aea765bd7681e4e75f11910053ddbfb3c4f80b39f71ce97721b9170584147a2d73d10fa2b84ed388af3726109b00e7ba6aa5659ddda16f5a04f8a1b2c0aacbf1d7f6e1827b180be1df01199843082387b09ec89de8a08ea384756de835df1af1622aecfdf87a726e56"",""pattern_length"":128}",262144,6.566329882778696,101,0.0234375,0.015625,0.007812529802436075,1.0078740157480315,2,0.99951171875,0.001953125,6.566329882778696,0.0
sample_000615,long_runs,20261598,262144,"{""byte_distribution"":""uniform_without_adjacent_run_duplicates"",""max_run_length"":2048,""min_run_length"":512}",262144,6.982809846257158,149,0.025302886962890625,0.003139495849609375,0.999187466382852,1224.9719626168223,2047,0.9786376953125,0.0055084228515625,1.8812837426451823,0.2936238094880295
sample_000616,structured,20261599,262144,"{""format"":""jsonl"",""group_count"":16,""value_range"":[0,9999]}",262144,4.565998971086931,31,0.16144561767578125,0.0,0.012706805064411408,1.0128702963143272,4,0.41107177734375,0.00250244140625,4.548251988274594,0.010692586707257484
sample_000617,mixed,20261600,262144,"{""segments"":[{""generator"":""repeated_pattern"",""parameters"":{""pattern_hex"":""8fb0ffa2f6bef815e820ed237e21ef3b"",""pattern_length"":16},""size"":52429},{""generator"":""long_runs"",""parameters"":{""byte_distribution"":""uniform_without_adjacent_run_duplicates"",""max_run_length"":128,""min_run_length"":32},""size"":52429},{""generator"":""structured"",""parameters"":{""format"":""csv"",""group_count"":16,""value_range"":[0,9999]},""size"":52429},{""generator"":""random"",""parameters"":{""distribution"":""uniform_bytes""},""size"":52429},{""generator"":""small_alphabet"",""parameters"":{""alphabet"":[53,81,129,251],""alphabet_size"":4,""distribution"":""uniform""},""size"":52428}]}",262144,6.711685764045571,256,0.0633392333984375,0.0020294189453125,0.2569933204396074,1.3458811449107946,128,0.34649658203125,0.55810546875,4.590602610355505,1.9909610361023833
sample_000618,random,20261601,1048576,"{""distribution"":""uniform_bytes""}",1048576,7.999815380226446,256,0.004063606262207031,0.0038509368896484375,0.003947261760007629,1.0039629005866317,3,0.0,1.0,7.954744945734022,0.003872772152515669
sample_000619,small_alphabet,20261602,1048576,"{""alphabet"":[20,26,37,40,42,69,87,90,92,106,109,111,112,156,185,228],""alphabet_size"":16,""distribution"":""uniform""}",1048576,3.9999872926742044,16,0.06284618377685547,0.0,0.06239992370598193,1.066552746542982,7,0.0,0.00390625,3.997296629581693,0.0009625650001300074
sample_000620,repeated_pattern,20261603,1048576,"{""pattern_hex"":""fd94f1121a964d4741c6bf7923f5aad7357cf30a1097cc8f10a161170269f19daa0eddf2b1de3b715afa202050174c1df7e7bb4d27730172182453520a22551f314a57ace7a28ca1ec4fef9305ec1440db5d211fdac6cf4741c48d69e0fe317adb38500f2ddbbd2cf34709c18ea9d9437a9df808a3029c4380d7baad75ea0fd4"",""pattern_length"":128}",1048576,6.566329882778696,101,0.0234375,0.0,0.007812507450587702,1.0078740157480315,2,0.9998779296875,0.0019378662109375,6.566329882778696,0.0
sample_000621,long_runs,20261604,1048576,"{""byte_distribution"":""uniform_without_adjacent_run_duplicates"",""max_run_length"":128,""min_run_length"":32}",1048576,7.98559276331851,256,0.0057392120361328125,0.0049591064453125,0.9874515413775838,79.68508245307395,128,0.8093109130859375,0.18670654296875,5.4373702199037535,0.08940765938714534
sample_000622,structured,20261605,1048576,"{""format"":""csv"",""group_count"":16,""value_range"":[0,9999]}",1048576,3.4555456607162687,25,0.1986522674560547,0.0,0.04869179600886918,1.0511839874729203,5,0.0,0.0024566650390625,3.3882229403571835,0.03320937992140223
sample_000623,mixed,20261606,1048576,"{""segments"":[{""generator"":""small_alphabet"",""parameters"":{""alphabet"":[63,174,201,212],""alphabet_size"":4,""distribution"":""uniform""},""size"":209716},{""generator"":""long_runs"",""parameters"":{""byte_distribution"":""uniform_without_adjacent_run_duplicates"",""max_run_length"":128,""min_run_length"":32},""size"":209715},{""generator"":""repeated_pattern"",""parameters"":{""pattern_hex"":""ad909b24"",""pattern_length"":4},""size"":209715},{""generator"":""structured"",""parameters"":{""format"":""csv"",""group_count"":16,""value_range"":[0,9999]},""size"":209715},{""generator"":""random"",""parameters"":{""distribution"":""uniform_bytes""},""size"":209715}]}",1048576,6.430017535192319,256,0.052089691162109375,0.001255035400390625,0.2579729633073457,1.347659342580121,128,0.358978271484375,0.9607086181640625,4.156723179725156,2.2681998770456593
sample_000624,random,20261607,16384,"{""distribution"":""uniform_bytes""}",16384,7.988917060539649,256,0.0052490234375,0.00408935546875,0.004822071659647195,1.0048451395277522,3,0.0,0.8847585912226088,7.957461507644276,0.0028062517895922874
sample_000625,small_alphabet,20261608,16384,"{""alphabet"":[38,39,69,159,166,232,240,242],""alphabet_size"":8,""distribution"":""uniform""}",16384,2.9997792076542935,8,0.127685546875,0.0,0.12293230788011963,1.1401530967292972,5,0.0,0.003906488433131905,2.9989462384292374,0.00039214736230671205
sample_000626,repeated_pattern,20261609,16384,"{""pattern_hex"":""b0b532d63c7897d0cac7ad3af786906d3d3ee9d4a63ce54338f302f307345864820a792980e3c0bd7557de6764599c98de040df0367b2ec7a4f6988c2b359c33"",""pattern_length"":64}",16384,5.78125,57,0.03125,0.0,0.0,1.0,1,0.99609375,0.003906488433131905,5.78125,0.0
sample_000627,long_runs,20261610,16384,"{""byte_distribution"":""uniform_without_adjacent_run_duplicates"",""max_run_length"":2048,""min_run_length"":512}",16384,3.5055670276111415,13,0.1688232421875,0.0,0.99920649453702,1170.2857142857142,2013,0.9755859375,0.0015870109259598364,1.886150161928071,0.4333434205453464
sample_000628,structured,20261611,16384,"{""format"":""log"",""group_count"":16,""value_range"":[0,9999]}",16384,4.784627131175599,35,0.0877685546875,0.0,0.016419459195507538,1.0166925224945702,4,0.1474609375,0.010498687664041995,4.782588249877079,0.007842646613038235
sample_000629,mixed,20261612,16384,"{""segments"":[{""generator"":""structured"",""parameters"":{""format"":""csv"",""group_count"":16,""value_range"":[0,9999]},""size"":3277},{""generator"":""long_runs"",""parameters"":{""byte_distribution"":""uniform_without_adjacent_run_duplicates"",""max_run_length"":2048,""min_run_length"":512},""size"":3277},{""generator"":""small_alphabet"",""parameters"":{""alphabet"":[39,93,97,141,173,174,179,212],""alphabet_size"":8,""distribution"":""uniform""},""size"":3277},{""generator"":""repeated_pattern"",""parameters"":{""pattern_hex"":""64431f5e"",""pattern_length"":4},""size"":3277},{""generator"":""random"",""parameters"":{""distribution"":""uniform_bytes""},""size"":3276}]}",16384,5.588899370660931,256,0.11810302734375,0.000732421875,0.23402307269730818,1.3054980079681275,1925,0.39453125,0.20899713117255692,4.242787605793982,1.8419630679554122
sample_000630,random,20261613,65536,"{""distribution"":""uniform_bytes""}",65536,7.9971956695922595,256,0.00457763671875,0.003753662109375,0.0040131227588311585,1.0040292310756362,3,0.0,0.6317692835889219,7.9549529778626225,0.003831578539625823
sample_000631,small_alphabet,20261614,65536,"{""alphabet"":[10,56,91,126,146,165,209,218],""alphabet_size"":8,""distribution"":""uniform""}",65536,2.9999488294743935,8,0.1267852783203125,0.0,0.12396429388876173,1.1415035184282032,5,0.0,0.000976577401388571,2.9989139090198456,0.0006008499918627967
sample_000632,repeated_pattern,20261615,65536,"{""pattern_hex"":""00ab2c9b42e9db05f678a1f3c657e41dd704afccfc50bb8c4d74a4f240b216b1"",""pattern_length"":32}",65536,5.0,32,0.03125,0.03125,0.0,1.0,1,0.99951171875,0.0004882887006942855,5.0,0.0
sample_000633,long_runs,20261616,65536,"{""byte_distribution"":""uniform_without_adjacent_run_duplicates"",""max_run_length"":32,""min_run_length"":8}",65536,7.9365380233625915,256,0.0069580078125,0.0043182373046875,0.9504234378576333,20.164923076923078,32,0.248291015625,0.05227740901808194,6.92793735865394,0.05828892209243022
sample_000634,structured,20261617,65536,"{""format"":""csv"",""group_count"":16,""value_range"":[0,9999]}",65536,3.4198383345391115,25,0.2139129638671875,0.0,0.045517662317845424,1.0476875609483158,4,0.0,0.002456702525368124,3.386858426926108,0.02827089417304724
sample_000635,mixed,20261618,65536,"{""segments"":[{""generator"":""repeated_pattern"",""parameters"":{""pattern_hex"":""df186d5afc3e393d21b012647238124b6823d10b38c8b33e0d00f55a15c7effc"",""pattern_length"":32},""size"":13108},{""generator"":""structured"",""parameters"":{""format"":""jsonl"",""group_count"":16,""value_range"":[0,9999]},""size"":13107},{""generator"":""small_alphabet"",""parameters"":{""alphabet"":[4,20,209,242],""alphabet_size"":4,""distribution"":""uniform""},""size"":13107},{""generator"":""random"",""parameters"":{""distribution"":""uniform_bytes""},""size"":13107},{""generator"":""long_runs"",""parameters"":{""byte_distribution"":""uniform_without_adjacent_run_duplicates"",""max_run_length"":2048,""min_run_length"":512},""size"":13107}]}",65536,6.476726446514397,256,0.0556793212890625,0.00701904296875,0.2519874876020447,1.3368691607849537,2032,0.44287109375,0.18391699092088198,4.392885876888954,2.029749363063254
sample_000636,random,20261619,262144,"{""distribution"":""uniform_bytes""}",262144,7.999342167996553,256,0.004222869873046875,0.003917694091796875,0.003994003273022739,1.004010003944894,3,0.0,0.98193359375,7.955098854536723,0.004246507315610945
sample_000637,small_alphabet,20261620,262144,"{""alphabet"":[11,14,32,100,184,229,241,242],""alphabet_size"":8,""distribution"":""uniform""}",262144,2.999987070295955,8,0.12563705444335938,0.0,0.12523698897166813,1.1431661390059045,6,0.0,0.0009765625,2.9987277352754216,0.0007618685897543289
sample_000638,repeated_pattern,20261621,262144,"{""pattern_hex"":""1d08941e967b67695f7cafbf647a9193d19cfa82b87e33dc646c91974b1466923cea220e9872219914826fda5e0098eee118c0758b61a46883880e59b1737995dbdae80b8d87610fc60757c491e76fff83227923aeef57f2a9aa0552f86cd9e9d7071d13c4c72f1a824065d21d9c87f47f46d84c62e2b08b62dd5869cddbaa38"",""pattern_length"":128}",262144,6.560432324168044,101,0.0234375,0.0078125,0.0,1.0,1,0.99951171875,0.001953125,6.560432324168044,0.0
sample_000639,long_runs,20261622,262144,"{""byte_distribution"":""uniform_without_adjacent_run_duplicates"",""max_run_length"":128,""min_run_length"":32}",262144,7.924867541708158,256,0.007564544677734375,0.00441741943359375,0.9875258923564619,80.14185264445123,128,0.796630859375,0.05267333984375,5.425818037615297,0.10331980642228451
sample_000640,structured,20261623,262144,"{""format"":""jsonl"",""group_count"":16,""value_range"":[0,9999]}",262144,4.566672833418048,31,0.16141891479492188,0.0,0.012733508047134579,1.012897691707302,4,0.4117431640625,0.00250244140625,4.549113201981691,0.011217895293331002
sample_000641,mixed,20261624,262144,"{""segments"":[{""generator"":""structured"",""parameters"":{""format"":""log"",""group_count"":16,""value_range"":[0,9999]},""size"":52429},{""generator"":""small_alphabet"",""parameters"":{""alphabet"":[214,239],""alphabet_size"":2,""distribution"":""uniform""},""size"":52429},{""generator"":""long_runs"",""parameters"":{""byte_distribution"":""uniform_without_adjacent_run_duplicates"",""max_run_length"":128,""min_run_length"":32},""size"":52429},{""generator"":""repeated_pattern"",""parameters"":{""pattern_hex"":""9ac6d4034a241d38e13eb6fd881b6f3daeddae725351d79df3ebfba5865d59db7e418eb0086b32aa3977e5cbe1d22170fa86040fccc57c82c8473cdb3ef79ff0"",""pattern_length"":64},""size"":52429},{""generator"":""random"",""parameters"":{""distribution"":""uniform_bytes""},""size"":52428}]}",262144,6.927147757739854,256,0.10152435302734375,0.002185821533203125,0.3016330781291127,1.4319096753753966,128,0.414306640625,0.55615234375,5.021706243488994,2.235426759104996
sample_000642,random,20261625,1048576,"{""distribution"":""uniform_bytes""}",1048576,7.999833995976288,256,0.004117012023925781,0.003991127014160156,0.0038242376558662947,1.0038389149177744,3,0.0,1.0,7.954264710260405,0.003934049057644328
sample_000643,small_alphabet,20261626,1048576,"{""alphabet"":[29,90,126,136,149,155,160,172],""alphabet_size"":8,""distribution"":""uniform""}",1048576,2.9999970237003124,8,0.12539386749267578,0.0,0.12485611425029207,1.1426690858765005,7,0.0,0.0009765625,2.998798101076404,0.0006122308345119597
sample_000644,repeated_pattern,20261627,1048576,"{""pattern_hex"":""99f46408"",""pattern_length"":4}",1048576,2.0,4,0.25,0.0,0.0,1.0,1,0.9999847412109375,6.103515625e-05,2.0,0.0
sample_000645,long_runs,20261628,1048576,"{""byte_distribution"":""uniform_without_adjacent_run_duplicates"",""max_run_length"":32,""min_run_length"":8}",1048576,7.996868258803417,256,0.004703521728515625,0.0039215087890625,0.9499454020933171,19.97782308000076,32,0.313995361328125,0.55426025390625,6.934410909392706,0.061949032974659334
sample_000646,structured,20261629,1048576,"{""format"":""jsonl"",""group_count"":16,""value_range"":[0,9999]}",1048576,4.579341096908453,31,0.1592569351196289,0.0,0.013867391459838353,1.014062386669697,5,0.4491424560546875,0.00250244140625,4.556350190211783,0.01199628762994811
sample_000647,mixed,20261630,1048576,"{""segments"":[{""generator"":""small_alphabet"",""parameters"":{""alphabet"":[1,123,158,202,224,228,230,250],""alphabet_size"":8,""distribution"":""uniform""},""size"":209716},{""generator"":""random"",""parameters"":{""distribution"":""uniform_bytes""},""size"":209715},{""generator"":""structured"",""parameters"":{""format"":""csv"",""group_count"":16,""value_range"":[0,9999]},""size"":209715},{""generator"":""long_runs"",""parameters"":{""byte_distribution"":""uniform_without_adjacent_run_duplicates"",""max_run_length"":512,""min_run_length"":128},""size"":209715},{""generator"":""repeated_pattern"",""parameters"":{""pattern_hex"":""cd2d3f00"",""pattern_length"":4},""size"":209715}]}",1048576,6.5883213541257994,256,0.05204010009765625,0.051178932189941406,0.23513053429654532,1.307412247015052,512,0.386962890625,0.9598388671875,3.995835318224399,2.0560278903772593
sample_000648,random,20261631,16384,"{""distribution"":""uniform_bytes""}",16384,7.989964978694959,256,0.00531005859375,0.00335693359375,0.003845449551364219,1.0038600575945102,2,0.0,0.8836598913507905,7.9558484468683135,0.001343192163803481
sample_000649,small_alphabet,20261632,16384,"{""alphabet"":[7,8,27,41,61,73,88,91,103,115,176,199,209,210,212,214],""alphabet_size"":16,""distribution"":""uniform""}",16384,3.999406125664742,16,0.0657958984375,0.0,0.06183238723066593,1.0659033244421312,5,0.0,0.01562595373252762,3.9979112641393444,0.0009008667441289353
sample_000650,repeated_pattern,20261633,16384,"{""pattern_hex"":""a103e5f3d372b95d075a3be53cfead8955642fb59fb5bca5946c37031cb939238f71c00781b248a925daea6207627b6e01dd7e1d0e9679711a7f90b033066d91442773709bfd843071fede6f3b2bd96ef72c583e151729490cdda21248634ee0d6f9028ab4506191141d14ba3bd1c5d4eda7fde3cf503270c4ac5c88009655a2"",""pattern_length"":128}",16384,6.607307324168044,104,0.0234375,0.0078125,0.0,1.0,1,0.9921875,0.00781297686626381,6.607307324168044,0.0
sample_000651,long_runs,20261634,16384,"{""byte_distribution"":""uniform_without_adjacent_run_duplicates"",""max_run_length"":512,""min_run_length"":128}",16384,5.469972325625466,50,0.0494384765625,0.0,0.9967649392663126,303.4074074074074,508,0.9033203125,0.0062870048220716596,3.615467988257863,0.12600716117991376
sample_000652,structured,20261635,16384,"{""format"":""csv"",""group_count"":16,""value_range"":[0,9999]}",16384,3.4008629111407536,25,0.22442626953125,0.0,0.04614539461637063,1.0483747120552853,4,0.0,0.009827259964597448,3.3842179097672895,0.03898250799624166
sample_000653,mixed,20261636,16384,"{""segments"":[{""generator"":""structured"",""parameters"":{""format"":""jsonl"",""group_count"":16,""value_range"":[0,9999]},""size"":3277},{""generator"":""small_alphabet"",""parameters"":{""alphabet"":[35,72,78,93,94,126,186,230],""alphabet_size"":8,""distribution"":""uniform""},""size"":3277},{""generator"":""repeated_pattern"",""parameters"":{""pattern_hex"":""49410ce0907c666773f68d9730d2091d"",""pattern_length"":16},""size"":3277},{""generator"":""long_runs"",""parameters"":{""byte_distribution"":""uniform_without_adjacent_run_duplicates"",""max_run_length"":32,""min_run_length"":8},""size"":3277},{""generator"":""random"",""parameters"":{""distribution"":""uniform_bytes""},""size"":3276}]}",16384,6.940074930924536,256,0.03460693359375,0.00390625,0.21711530244765917,1.277305683324238,32,0.23046875,0.22578282365867058,5.842410541046398,1.3304287943339597
sample_000654,random,20261637,65536,"{""distribution"":""uniform_bytes""}",65536,7.997578147767269,256,0.00457763671875,0.003814697265625,0.0038300144960708017,1.0038446810140154,2,0.0,0.6298466468299382,7.955216504264324,0.003286409477420436
sample_000655,small_alphabet,20261638,65536,"{""alphabet"":[46,59,73,101,106,137,191,196],""alphabet_size"":8,""distribution"":""uniform""}",65536,2.9999471553178805,8,0.126495361328125,0.0,0.12303349355306324,1.140291963182712,6,0.0,0.000976577401388571,2.998752091441201,0.0005625650396934732
sample_000656,repeated_pattern,20261639,65536,"{""pattern_hex"":""b0ec41c4172114d57df74f6a2a6eee732ad6bfe6aa2e8bdc1a851a14569433bc7063437bc81716d6cc4db4b6f21a58f52f26bcc8702ff81cf164e6f684cf05cc10f01c597e40821ecba0c16a3865e5098822c06606399bd5be1f111e9079c7fc5a08f2c80569a6a53742faa3ceba10b59853a19f18a3727b8a4c662284bc6f80"",""pattern_length"":128}",65536,6.576057324168044,102,0.0234375,0.0,0.0,1.0,1,0.998046875,0.001953154802777142,6.576057324168044,0.0
sample_000657,long_runs,20261640,65536,"{""byte_distribution"":""uniform_without_adjacent_run_duplicates"",""max_run_length"":2048,""min_run_length"":512}",65536,5.521503552392116,49,0.0325469970703125,0.0,0.9992523079270619,1310.72,1999,0.976806640625,0.0014953841458762494,1.8080561277736114,0.24448215745535426
sample_000658,structured,20261641,65536,"{""format"":""csv"",""group_count"":16,""value_range"":[0,9999]}",65536,3.419863578289288,25,0.2138671875,0.0,0.044922560463874266,1.047034764826176,4,0.0,0.002456702525368124,3.386718413248978,0.028175425644310043
sample_000659,mixed,20261642,65536,"{""segments"":[{""generator"":""repeated_pattern"",""parameters"":{""pattern_hex"":""c9fafa85f0256b7d"",""pattern_length"":8},""size"":13108},{""generator"":""structured"",""parameters"":{""format"":""log"",""group_count"":16,""value_range"":[0,9999]},""size"":13107},{""generator"":""long_runs"",""parameters"":{""byte_distribution"":""uniform_without_adjacent_run_duplicates"",""max_run_length"":32,""min_run_length"":8},""size"":13107},{""generator"":""small_alphabet"",""parameters"":{""alphabet"":[2,28,30,48,55,64,71,73,81,125,137,173,186,206,208,234],""alphabet_size"":16,""distribution"":""uniform""},""size"":13107},{""generator"":""random"",""parameters"":{""distribution"":""uniform_bytes""},""size"":13107}]}",65536,7.002382081572059,256,0.0506744384765625,0.0013580322265625,0.2312352178225376,1.3007820253265054,32,0.240234375,0.1982299534599832,5.429140401852771,1.8099374891405513
sample_000660,random,20261643,262144,"{""distribution"":""uniform_bytes""}",262144,7.999420681743751,256,0.004283905029296875,0.00384521484375,0.003944412019393995,1.0039600168511356,3,0.0,0.98236083984375,7.954487427970045,0.004624614982956108
sample_000661,small_alphabet,20261644,262144,"{""alphabet"":[15,18],""alphabet_size"":2,""distribution"":""uniform""}",262144,0.9999823690192355,2,0.502471923828125,0.0,0.5001583105404303,2.0006258061069517,20,0.1175537109375,6.103515625e-05,0.9998568220477407,0.00019075332021592582
sample_000662,repeated_pattern,20261645,262144,"{""pattern_hex"":""5b7219a60a64a028595d81676f6942205af86a0929feaed27fb5e2f2dfe1170f"",""pattern_length"":32}",262144,5.0,32,0.03125,0.0,0.0,1.0,1,0.9998779296875,0.00048828125,5.0,0.0
sample_000663,long_runs,20261646,262144,"{""byte_distribution"":""uniform_without_adjacent_run_duplicates"",""max_run_length"":2048,""min_run_length"":512}",262144,6.992257239192912,145,0.0193939208984375,0.0,0.9992141693655753,1266.3961352657004,2042,0.97930908203125,0.0053558349609375,1.850175245996223,0.23811014207531309
sample_000664,structured,20261647,262144,"{""format"":""jsonl"",""group_count"":16,""value_range"":[0,9999]}",262144,4.566193151956704,31,0.16142654418945312,0.0,0.012531328320802004,1.0126903063057495,4,0.41363525390625,0.00250244140625,4.548496623829889,0.010653480643473896
sample_000665,mixed,20261648,262144,"{""segments"":[{""generator"":""structured"",""parameters"":{""format"":""csv"",""group_count"":16,""value_range"":[0,9999]},""size"":52429},{""generator"":""long_runs"",""parameters"":{""byte_distribution"":""uniform_without_adjacent_run_duplicates"",""max_run_length"":128,""min_run_length"":32},""size"":52429},{""generator"":""repeated_pattern"",""parameters"":{""pattern_hex"":""1bd41840473b1a016b5e53c999e04022"",""pattern_length"":16},""size"":52429},{""generator"":""random"",""parameters"":{""distribution"":""uniform_bytes""},""size"":52429},{""generator"":""small_alphabet"",""parameters"":{""alphabet"":[56,59,109,252],""alphabet_size"":4,""distribution"":""uniform""},""size"":52428}]}",262144,6.633129219971386,256,0.06346893310546875,0.001216888427734375,0.25746634470498925,1.346738521764594,128,0.3475341796875,0.5576019287109375,4.562801628785721,2.001122604792689
sample_000666,random,20261649,1048576,"{""distribution"":""uniform_bytes""}",1048576,7.999817176801487,256,0.004136085510253906,0.0038900375366210938,0.003870967741935484,1.0038860066423045,3,0.0,1.0,7.95476218431866,0.003964751418853323
sample_000667,small_alphabet,20261650,1048576,"{""alphabet"":[9,14,31,65,130,135,146,154,171,194,196,199,211,228,234,245],""alphabet_size"":16,""distribution"":""uniform""}",1048576,3.999984543383734,16,0.0629119873046875,0.0,0.06221967908828648,1.066347751628643,6,0.0,0.00390625,3.997322788256044,0.0009992555263925265
sample_000668,repeated_pattern,20261651,1048576,"{""pattern_hex"":""f1eacf625111e985"",""pattern_length"":8}",1048576,3.0,8,0.125,0.0,0.0,1.0,1,0.9999847412109375,0.0001220703125,3.0,0.0
sample_000669,long_runs,20261652,1048576,"{""byte_distribution"":""uniform_without_adjacent_run_duplicates"",""max_run_length"":128,""min_run_length"":32}",1048576,7.98242345866083,256,0.005520820617675781,0.0034151077270507812,0.9875430941992704,80.27068820332236,128,0.810791015625,0.18341064453125,5.420636624067673,0.10281344888106002
sample_000670,structured,20261653,1048576,"{""format"":""log"",""group_count"":16,""value_range"":[0,9999]}",1048576,4.788479490311266,35,0.08774375915527344,0.0,0.01660253200772477,1.0168828133561296,4,0.6231689453125,0.00262451171875,4.786335931875273,0.008245669516023003
sample_000671,mixed,20261654,1048576,"{""segments"":[{""generator"":""repeated_pattern"",""parameters"":{""pattern_hex"":""532b53260bfd0ad469688552c8534c52ef789335777c36e1e37d7c3bb9037f481d5702dfd9247e6a7e3ebdceace68ac49b03332cdde6c4715a393bd9cbfd5341"",""pattern_length"":64},""size"":209716},{""generator"":""random"",""parameters"":{""distribution"":""uniform_bytes""},""size"":209715},{""generator"":""structured"",""parameters"":{""format"":""log"",""group_count"":16,""value_range"":[0,9999]},""size"":209715},{""generator"":""long_runs"",""parameters"":{""byte_distribution"":""uniform_without_adjacent_run_duplicates"",""max_run_length"":2048,""min_run_length"":512},""size"":209715},{""generator"":""small_alphabet"",""parameters"":{""alphabet"":[58,243],""alphabet_size"":2,""distribution"":""uniform""},""size"":209715}]}",1048576,6.854386110904499,256,0.10085487365722656,0.0013341903686523438,0.3042719881744272,1.437342705654646,2041,0.514984130859375,0.959686279296875,4.226027781602879,2.554472658020818
sample_000672,random,20261655,16384,"{""distribution"":""uniform_bytes""}",16384,7.990217326079237,256,0.0052490234375,0.00421142578125,0.004211682841970335,1.0042292368985597,3,0.0,0.8848196301043765,7.956505033040842,0.0026069071898745053
sample_000673,small_alphabet,20261656,16384,"{""alphabet"":[15,88,96,239],""alphabet_size"":4,""distribution"":""uniform""}",16384,1.999957458662463,4,0.251953125,0.0,0.2496490264298358,1.332682609402961,7,0.0,0.0009766221082829762,1.9995886995692913,0.00031951306186135886
sample_000674,repeated_pattern,20261657,16384,"{""pattern_hex"":""cea1873c4460ed61774bcc1d53e84e236c19389bd91181ca92dfd2183fe4fee63065f1f2f50b9137b0034119cf30015541bbaea7cec7717ece4d66a52804288cefb4e00ca439a75fcc4fbd5b50d5e993bae477bd697e3de1d81e047bd2417a3dc08ddd38cd3b25fbc7e0d29d7d1d186fe7149a3b86979bae615b7f0100f263ba"",""pattern_length"":128}",16384,6.513557324168044,98,0.0234375,0.0078125,0.0,1.0,1,0.9921875,0.00781297686626381,6.513557324168044,0.0
sample_000675,long_runs,20261658,16384,"{""byte_distribution"":""uniform_without_adjacent_run_duplicates"",""max_run_length"":2048,""min_run_length"":512}",16384,3.3982591385683056,11,0.1236572265625,0.0,0.9993896111823232,1489.4545454545455,2026,0.9814453125,0.0012818165171214063,1.6407611426518298,0.2131011595610011
sample_000676,structured,20261659,16384,"{""format"":""jsonl"",""group_count"":16,""value_range"":[0,9999]}",16384,4.530460150138612,31,0.16546630859375,0.0,0.01086492095464811,1.0109835863260521,3,0.2275390625,0.010010376609900506,4.526821319220515,0.010908445608936576
sample_000677,mixed,20261660,16384,"{""segments"":[{""generator"":""repeated_pattern"",""parameters"":{""pattern_hex"":""f04067e6c9fd60738a7bd5973707a0ede14f5fae25d60ee857f5e08248d1765e"",""pattern_length"":32},""size"":3277},{""generator"":""random"",""parameters"":{""distribution"":""uniform_bytes""},""size"":3277},{""generator"":""small_alphabet"",""parameters"":{""alphabet"":[168,212],""alphabet_size"":2,""distribution"":""uniform""},""size"":3277},{""generator"":""structured"",""parameters"":{""format"":""log"",""group_count"":16,""value_range"":[0,9999]},""size"":3277},{""generator"":""long_runs"",""parameters"":{""byte_distribution"":""uniform_without_adjacent_run_duplicates"",""max_run_length"":32,""min_run_length"":8},""size"":3276}]}",16384,6.802145735249176,256,0.1029052734375,0.0015869140625,0.29304767136666054,1.414486747820081,32,0.2138671875,0.22315815174266007,5.835981428078776,0.9751824378011101
sample_000678,random,20261661,65536,"{""distribution"":""uniform_bytes""}",65536,7.997021749664,256,0.00469970703125,0.003631591796875,0.004028381780727856,1.0040446133104548,2,0.0,0.6282291905088884,7.955031230161939,0.00333197853262753
sample_000679,small_alphabet,20261662,65536,"{""alphabet"":[20,118],""alphabet_size"":2,""distribution"":""uniform""}",65536,0.9999999758149396,2,0.500091552734375,0.0,0.5002670328831922,2.0010381362401146,18,0.03076171875,6.103608758678569e-05,0.9998501924004778,0.00015463695892218082
sample_000680,repeated_pattern,20261663,65536,"{""pattern_hex"":""970c60732309d42bd611c839d56e42ce"",""pattern_length"":16}",65536,4.0,16,0.0625,0.0,0.0,1.0,1,0.999755859375,0.00024414435034714275,4.0,0.0
sample_000681,long_runs,20261664,65536,"{""byte_distribution"":""uniform_without_adjacent_run_duplicates"",""max_run_length"":128,""min_run_length"":32}",65536,7.731687130423254,247,0.012298583984375,0.0015869140625,0.9877775234607462,81.71571072319202,128,0.75732421875,0.015884641794460974,5.401148942240179,0.07945566662656921
sample_000682,structured,20261665,65536,"{""format"":""jsonl"",""group_count"":16,""value_range"":[0,9999]}",65536,4.549915469699943,31,0.163482666015625,0.0,0.012466620889600977,1.0126238044469167,4,0.34375,0.0025024795910582134,4.538167307755669,0.008418693229375206
sample_000683,mixed,20261666,65536,"{""segments"":[{""generator"":""repeated_pattern"",""parameters"":{""pattern_hex"":""eee17b32"",""pattern_length"":4},""size"":13108},{""generator"":""random"",""parameters"":{""distribution"":""uniform_bytes""},""size"":13107},{""generator"":""small_alphabet"",""parameters"":{""alphabet"":[25,33,43,82,122,181,222,226],""alphabet_size"":8,""distribution"":""uniform""},""size"":13107},{""generator"":""structured"",""parameters"":{""format"":""jsonl"",""group_count"":16,""value_range"":[0,9999]},""size"":13107},{""generator"":""long_runs"",""parameters"":{""byte_distribution"":""uniform_without_adjacent_run_duplicates"",""max_run_length"":2048,""min_run_length"":512},""size"":13107}]}",65536,6.1225631194537575,256,0.0735321044921875,0.000762939453125,0.22777141985198748,1.2949475389752811,1896,0.442138671875,0.1846952010376135,4.0100111878496305,2.2004648128277737
sample_000684,random,20261667,262144,"{""distribution"":""uniform_bytes""}",262144,7.999280166335172,256,0.00431060791015625,0.00391387939453125,0.0038910060539476543,1.0039061901625281,3,0.0,0.9813385009765625,7.954895791098084,0.0036071244029739873
sample_000685,small_alphabet,20261668,262144,"{""alphabet"":[51,223],""alphabet_size"":2,""distribution"":""uniform""}",262144,0.9999988007817743,2,0.5006446838378906,0.0,0.5001773840995182,2.000702150718178,18,0.11395263671875,6.103515625e-05,0.9997731251765066,0.0002978610623481465
sample_000686,repeated_pattern,20261669,262144,"{""pattern_hex"":""b80df549a6ed126c"",""pattern_length"":8}",262144,3.0,8,0.125,0.0,0.0,1.0,1,0.99993896484375,0.0001220703125,3.0,0.0
sample_000687,long_runs,20261670,262144,"{""byte_distribution"":""uniform_without_adjacent_run_duplicates"",""max_run_length"":128,""min_run_length"":32}",262144,7.933561123957298,256,0.00868988037109375,0.0050201416015625,0.9875411512037323,80.23997551270278,128,0.7987060546875,0.05255126953125,5.431067626269559,0.08432004766587496
sample_000688,structured,20261671,262144,"{""format"":""jsonl"",""group_count"":16,""value_range"":[0,9999]}",262144,4.5658901282838436,31,0.16148757934570312,0.0,0.012622881404424302,1.0127842061545,4,0.413818359375,0.00250244140625,4.5485402230155465,0.01109636018960894
sample_000689,mixed,20261672,262144,"{""segments"":[{""generator"":""repeated_pattern"",""parameters"":{""pattern_hex"":""762d25e37dbc5c9a54ec5168aa7d803c"",""pattern_length"":16},""size"":52429},{""generator"":""long_runs"",""parameters"":{""byte_distribution"":""uniform_without_adjacent_run_duplicates"",""max_run_length"":512,""min_run_length"":128},""size"":52429},{""generator"":""random"",""parameters"":{""distribution"":""uniform_bytes""},""size"":52429},{""generator"":""structured"",""parameters"":{""format"":""log"",""group_count"":16,""value_range"":[0,9999]},""size"":52429},{""generator"":""small_alphabet"",""parameters"":{""alphabet"":[42,68,83,102,104,119,120,136,174,187,207,208,213,235,244,248],""alphabet_size"":16,""distribution"":""uniform""},""size"":52428}]}",262144,7.12662020820025,256,0.026050567626953125,0.001617431640625,0.2162369393804145,1.2758944606953213,512,0.44366455078125,0.554290771484375,4.868242439505002,1.5839683665882076
sample_000690,random,20261673,1048576,"{""distribution"":""uniform_bytes""}",1048576,7.999824656737626,256,0.0041332244873046875,0.0039052963256835938,0.004018787401950266,1.00403499935846,3,0.0,1.0,7.954757588963944,0.003631526123410772
sample_000691,small_alphabet,20261674,1048576,"{""alphabet"":[106,202],""alphabet_size"":2,""distribution"":""uniform""}",1048576,0.9999994709491173,2,0.5004281997680664,0.0,0.5002379419688625,2.0009503109501394,20,0.3684844970703125,6.103515625e-05,0.9998167149252487,0.00027150800683854135
sample_000692,repeated_pattern,20261675,1048576,"{""pattern_hex"":""d08a9a04"",""pattern_length"":4}",1048576,2.0,4,0.25,0.0,0.0,1.0,1,0.9999847412109375,6.103515625e-05,2.0,0.0
sample_000693,long_runs,20261676,1048576,"{""byte_distribution"":""uniform_without_adjacent_run_duplicates"",""max_run_length"":2048,""min_run_length"":512}",1048576,7.740967178630707,249,0.012277603149414062,0.0038385391235351562,0.9992265693917937,1291.3497536945813,2047,0.984466552734375,0.01611328125,1.8224496088386422,0.24484817028804443
sample_000694,structured,20261677,1048576,"{""format"":""jsonl"",""group_count"":16,""value_range"":[0,9999]}",1048576,4.5792163762522815,31,0.1592702865600586,0.0,0.013855947357127531,1.0140506185889036,5,0.44927978515625,0.00250244140625,4.556240537361929,0.012293231523709466
sample_000695,mixed,20261678,1048576,"{""segments"":[{""generator"":""structured"",""parameters"":{""format"":""log"",""group_count"":16,""value_range"":[0,9999]},""size"":209716},{""generator"":""repeated_pattern"",""parameters"":{""pattern_hex"":""e210d1e1595e4fc277da03e7f5bb2525f95b02148c5850a6e933cc042e978149"",""pattern_length"":32},""size"":209715},{""generator"":""random"",""parameters"":{""distribution"":""uniform_bytes""},""size"":209715},{""generator"":""small_alphabet"",""parameters"":{""alphabet"":[62,84,89,176],""alphabet_size"":4,""distribution"":""uniform""},""size"":209715},{""generator"":""long_runs"",""parameters"":{""byte_distribution"":""uniform_without_adjacent_run_duplicates"",""max_run_length"":2048,""min_run_length"":512},""size"":209715}]}",1048576,6.962800283480247,256,0.057915687561035156,0.0023488998413085938,0.2601082421381399,1.3515485935761948,2046,0.49554443359375,0.9593658447265625,4.312540642441362,2.2521810245385505
sample_000696,random,20261679,16384,"{""distribution"":""uniform_bytes""}",16384,7.988916092253,256,0.0052490234375,0.00335693359375,0.004333760605505707,1.004352357015877,2,0.0,0.8868339132027101,7.955312593369565,0.002184054552212196
sample_000697,small_alphabet,20261680,16384,"{""alphabet"":[89,127],""alphabet_size"":2,""distribution"":""uniform""}",16384,0.999965076491159,2,0.50347900390625,0.0,0.5027162302386621,2.0108001963672066,13,0.00390625,0.00024415552707074406,0.9999139623665941,8.326597916833986e-05
sample_000698,repeated_pattern,20261681,16384,"{""pattern_hex"":""c03b89339feb3224"",""pattern_length"":8}",16384,3.0,8,0.125,0.0,0.0,1.0,1,0.9990234375,0.0004883110541414881,3.0,0.0
sample_000699,long_runs,20261682,16384,"{""byte_distribution"":""uniform_without_adjacent_run_duplicates"",""max_run_length"":32,""min_run_length"":8}",16384,7.719861128563482,240,0.01202392578125,0.0018310546875,0.9508637001770127,20.327543424317618,32,0.1416015625,0.06348043703839346,6.92545843766606,0.051942523337712924
sample_000700,structured,20261683,16384,"{""format"":""jsonl"",""group_count"":16,""value_range"":[0,9999]}",16384,4.532492823869118,31,0.165283203125,0.0,0.011719465299395715,1.0118577075098814,3,0.2509765625,0.010010376609900506,4.528617763251388,0.00661240068082595
sample_000701,mixed,20261684,16384,"{""segments"":[{""generator"":""structured"",""parameters"":{""format"":""csv"",""group_count"":16,""value_range"":[0,9999]},""size"":3277},{""generator"":""random"",""parameters"":{""distribution"":""uniform_bytes""},""size"":3277},{""generator"":""long_runs"",""parameters"":{""byte_distribution"":""uniform_without_adjacent_run_duplicates"",""max_run_length"":2048,""min_run_length"":512},""size"":3277},{""generator"":""repeated_pattern"",""parameters"":{""pattern_hex"":""9b2c0861e5a02573fd651c4bddd9d6ac3d2ba990d8dec38c2f695aa89ab5a667eafeb25750cf3b9c04bb3bce61cf301e390bb954e67c1478e88ff2200864c2b6"",""pattern_length"":64},""size"":3277},{""generator"":""small_alphabet"",""parameters"":{""alphabet"":[7,91,129,225],""alphabet_size"":4,""distribution"":""uniform""},""size"":3276}]}",16384,6.13146709275183,256,0.097900390625,0.0008544921875,0.259720441921504,1.3508121032236788,1548,0.3896484375,0.20918024781786,4.758209053274111,0.8329180288703579
sample_000702,random,20261685,65536,"{""distribution"":""uniform_bytes""}",65536,7.9973150634091175,256,0.0045166015625,0.003814697265625,0.003952086671244373,1.0039677068492732,3,0.0,0.6340123598077363,7.954231536651458,0.0034564442524539734
sample_000703,small_alphabet,20261686,65536,"{""alphabet"":[78,112,145,147,171,209,216,254],""alphabet_size"":8,""distribution"":""uniform""}",65536,2.9998932680171495,8,0.1276702880859375,0.0,0.12509346150911727,1.1429767344518469,6,0.0,0.000976577401388571,2.9988492477890247,0.00046935860404945755
sample_000704,repeated_pattern,20261687,65536,"{""pattern_hex"":""185b059bd8dfcffc"",""pattern_length"":8}",65536,3.0,8,0.125,0.0,0.0,1.0,1,0.999755859375,0.00012207217517357137,3.0,0.0
sample_000705,long_runs,20261688,65536,"{""byte_distribution"":""uniform_without_adjacent_run_duplicates"",""max_run_length"":32,""min_run_length"":8}",65536,7.937424721146417,256,0.00836181640625,0.002960205078125,0.9501945525291828,20.07228177641654,32,0.243408203125,0.05241474021515221,6.918300910806582,0.06780695292854433
sample_000706,structured,20261689,65536,"{""format"":""jsonl"",""group_count"":16,""value_range"":[0,9999]}",65536,4.548513566664449,31,0.163482666015625,0.0,0.012420843823910887,1.0125768672167115,4,0.36669921875,0.0025024795910582134,4.536765798793614,0.009824989656491343
sample_000707,mixed,20261690,65536,"{""segments"":[{""generator"":""long_runs"",""parameters"":{""byte_distribution"":""uniform_without_adjacent_run_duplicates"",""max_run_length"":2048,""min_run_length"":512},""size"":13108},{""generator"":""small_alphabet"",""parameters"":{""alphabet"":[76,193,196,254],""alphabet_size"":4,""distribution"":""uniform""},""size"":13107},{""generator"":""repeated_pattern"",""parameters"":{""pattern_hex"":""fbaddae974b06ef2f8eff02da9f844e5f1060c4c19d325431219e2d61ea332f1ccd38389ccb04a95fce52ca605e672331ed5f3009b138a39fb361b49a2053acb"",""pattern_length"":64},""size"":13107},{""generator"":""structured"",""parameters"":{""format"":""jsonl"",""group_count"":16,""value_range"":[0,9999]},""size"":13107},{""generator"":""random"",""parameters"":{""distribution"":""uniform_bytes""},""size"":13107}]}",65536,6.635160302073642,256,0.0540618896484375,0.0037689208984375,0.2533607995727474,1.3393280470857516,1930,0.435546875,0.1846952010376135,4.580096713227817,2.236436475702718
sample_000708,random,20261691,262144,"{""distribution"":""uniform_bytes""}",262144,7.999265302672996,256,0.004180908203125,0.003940582275390625,0.004043594526651484,1.0040599960166077,3,0.0,0.9806976318359375,7.954186826559786,0.004324419411601166
sample_000709,small_alphabet,20261692,262144,"{""alphabet"":[17,50,70,132],""alphabet_size"":4,""distribution"":""uniform""}",262144,1.9999857839091475,4,0.2514991760253906,0.0,0.24905871985900824,1.331660359147596,10,0.0,0.000244140625,1.999579157915127,0.0003733559256020289
sample_000710,repeated_pattern,20261693,262144,"{""pattern_hex"":""6af713cc8b9b09f6906f8a4ddf1b7b4c"",""pattern_length"":16}",262144,4.0,16,0.0625,0.0,0.0,1.0,1,0.99993896484375,0.000244140625,4.0,0.0
sample_000711,long_runs,20261694,262144,"{""byte_distribution"":""uniform_without_adjacent_run_duplicates"",""max_run_length"":2048,""min_run_length"":512}",262144,6.927422580167654,141,0.021549224853515625,0.002197265625,0.9992141693655753,1266.3961352657004,2043,0.97967529296875,0.0052947998046875,1.8134867075250347,0.2790138809660746
sample_000712,structured,20261695,262144,"{""format"":""csv"",""group_count"":16,""value_range"":[0,9999]}",262144,3.4205018578160074,25,0.20493698120117188,0.0,0.0479013362935497,1.0503111139602623,5,0.0,0.0024566650390625,3.372705453928184,0.03967929537489917
sample_000713,mixed,20261696,262144,"{""segments"":[{""generator"":""structured"",""parameters"":{""format"":""log"",""group_count"":16,""value_range"":[0,9999]},""size"":52429},{""generator"":""repeated_pattern"",""parameters"":{""pattern_hex"":""3f8549cdc19d0fa19fce960000bdb402f35409b5e9cf86a1fc463acaae3e005d92b49a3289266cb424d21ad966c1890c32baeb9048f34aeb3ead478cd19f0770da6e49d90bfec4e7464d0d8446ca6f3efa3acf237042f974fbcbad32947c140496a23b263d7792099d3be11084360fc8f11994a0c5dddf284530efd60a7c8aab"",""pattern_length"":128},""size"":52429},{""generator"":""long_runs"",""parameters"":{""byte_distribution"":""uniform_without_adjacent_run_duplicates"",""max_run_length"":2048,""min_run_length"":512},""size"":52429},{""generator"":""small_alphabet"",""parameters"":{""alphabet"":[17,23,34,37,77,89,97,137,152,173,211,226,228,234,246,253],""alphabet_size"":16,""distribution"":""uniform""},""size"":52429},{""generator"":""random"",""parameters"":{""distribution"":""uniform_bytes""},""size"":52428}]}",262144,7.273637653544088,256,0.024959564208984375,0.00550079345703125,0.21779715651381115,1.278439405023165,1986,0.4534912109375,0.55523681640625,5.0502881812952936,2.0428152088114415
sample_000714,random,20261697,1048576,"{""distribution"":""uniform_bytes""}",1048576,7.999826021031682,256,0.004085540771484375,0.0038385391235351562,0.004023555778079775,1.0040398063114433,3,0.0,1.0,7.954805602636201,0.003814900561762883
sample_000715,small_alphabet,20261698,1048576,"{""alphabet"":[90,145,184,185,186,193,203,221],""alphabet_size"":8,""distribution"":""uniform""}",1048576,2.999994730100722,8,0.12557506561279297,0.0,0.12551605750661612,1.1435314183887464,8,0.0,0.0009765625,2.998762300521527,0.0006164217739685739
sample_000716,repeated_pattern,20261699,1048576,"{""pattern_hex"":""3099da72a7978ea1"",""pattern_length"":8}",1048576,3.0,8,0.125,0.0,0.0,1.0,1,0.9999847412109375,0.0001220703125,3.0,0.0
sample_000717,long_runs,20261700,1048576,"{""byte_distribution"":""uniform_without_adjacent_run_duplicates"",""max_run_length"":512,""min_run_length"":128}",1048576,7.934404406371678,256,0.007404327392578125,0.004180908203125,0.9968671768829125,319.104077906269,512,0.9488067626953125,0.052520751953125,3.6211612798399213,0.1383580594708024
sample_000718,structured,20261701,1048576,"{""format"":""jsonl"",""group_count"":16,""value_range"":[0,9999]}",1048576,4.579165833073077,31,0.15926456451416016,0.0,0.013648046157880935,1.0138368793297656,5,0.4478302001953125,0.00250244140625,4.556292453099232,0.011604363940125113
sample_000719,mixed,20261702,1048576,"{""segments"":[{""generator"":""random"",""parameters"":{""distribution"":""uniform_bytes""},""size"":209716},{""generator"":""long_runs"",""parameters"":{""byte_distribution"":""uniform_without_adjacent_run_duplicates"",""max_run_length"":512,""min_run_length"":128},""size"":209715},{""generator"":""structured"",""parameters"":{""format"":""csv"",""group_count"":16,""value_range"":[0,9999]},""size"":209715},{""generator"":""small_alphabet"",""parameters"":{""alphabet"":[48,65,111,183,195,214,215,238],""alphabet_size"":8,""distribution"":""uniform""},""size"":209715},{""generator"":""repeated_pattern"",""parameters"":{""pattern_hex"":""1f314a84c3c505ac873f1a96b961b04f9fc2f7c9c64165fb73cd7e36e46db0723149d0ad022e87ebf48cd8a4d13fc1f7ec486e208225ebd9d31f2577d9b6bf20c00cccafc19275c241d86cf6b73853e65d842dbe865c644dc6e273b69335671c5240581f2dfb8cdf34ba572fa55e15503b131c4393c4e702c9ba35cd3932c737"",""pattern_length"":128},""size"":209715}]}",1048576,7.09630587537936,256,0.04497051239013672,0.001972198486328125,0.23500846386762989,1.307203622256131,511,0.3867340087890625,0.960693359375,4.9082993280050236,1.9716801870890148
sample_000720,random,20261703,16384,"{""distribution"":""uniform_bytes""}",16384,7.987492035677607,256,0.00555419921875,0.0040283203125,0.003235060733687359,1.003245361582267,2,0.0,0.8820728804248306,7.952008785000237,0.0034246462737903627
sample_000721,small_alphabet,20261704,16384,"{""alphabet"":[14,29,35,46,57,64,70,71,72,82,95,127,135,174,182,251],""alphabet_size"":16,""distribution"":""uniform""}",16384,3.9989061168173445,16,0.06671142578125,0.0,0.057986937679301714,1.0615524167422574,4,0.0,0.01562595373252762,3.9973060573920662,0.0010392073577821781
sample_000722,repeated_pattern,20261705,16384,"{""pattern_hex"":""203349bc09ffa909fed7b21c80e34835"",""pattern_length"":16}",16384,3.875,15,0.125,0.0,0.0,1.0,1,0.9990234375,0.0009766221082829762,3.875,0.0
sample_000723,long_runs,20261706,16384,"{""byte_distribution"":""uniform_without_adjacent_run_duplicates"",""max_run_length"":128,""min_run_length"":32}",16384,6.948187619763642,143,0.02008056640625,0.004150390625,0.9877922236464628,81.51243781094527,127,0.6796875,0.020936336446316303,5.431846251189368,0.08397542012190841
sample_000724,structured,20261707,16384,"{""format"":""csv"",""group_count"":16,""value_range"":[0,9999]}",16384,3.3964527434831293,25,0.22479248046875,0.0,0.04913629982298724,1.051672122729315,4,0.0,0.009827259964597448,3.3809056760047853,0.0381968547769413
sample_000725,mixed,20261708,16384,"{""segments"":[{""generator"":""small_alphabet"",""parameters"":{""alphabet"":[34,61],""alphabet_size"":2,""distribution"":""uniform""},""size"":3277},{""generator"":""structured"",""parameters"":{""format"":""log"",""group_count"":16,""value_range"":[0,9999]},""size"":3277},{""generator"":""random"",""parameters"":{""distribution"":""uniform_bytes""},""size"":3277},{""generator"":""long_runs"",""parameters"":{""byte_distribution"":""uniform_without_adjacent_run_duplicates"",""max_run_length"":32,""min_run_length"":8},""size"":3277},{""generator"":""repeated_pattern"",""parameters"":{""pattern_hex"":""217420a9d4bcc067"",""pattern_length"":8},""size"":3276}]}",16384,6.42646750980287,256,0.11566162109375,0.00079345703125,0.2942074101202466,1.4168107921134556,32,0.2099609375,0.2222425685161448,5.195956440607443,2.0556194667175864
sample_000726,random,20261709,65536,"{""distribution"":""uniform_bytes""}",65536,7.996973663959088,256,0.00457763671875,0.0035858154296875,0.003799496452277409,1.0038139292661632,3,0.0,0.6320897230487525,7.95469273076192,0.004735818081613737
sample_000727,small_alphabet,20261710,65536,"{""alphabet"":[54,58,139,148,167,184,196,208],""alphabet_size"":8,""distribution"":""uniform""}",65536,2.999991587179241,8,0.125732421875,0.0,0.12506294346532387,1.142936867806069,6,0.0,0.000976577401388571,2.9987956619233977,0.0004873973481859034
sample_000728,repeated_pattern,20261711,65536,"{""pattern_hex"":""b51abf0c66a3b4dc61d6d84a6cab82d0c6882f2b581424fee078407229fb4d8058a7cb97f85ef21cdb63e4da6c57955c8700ce70a6d9b70a4d87473d7d3e0f36"",""pattern_length"":64}",65536,5.875,60,0.03125,0.015625,0.0,1.0,1,0.9990234375,0.000976577401388571,5.875,0.0
sample_000729,long_runs,20261712,65536,"{""byte_distribution"":""uniform_without_adjacent_run_duplicates"",""max_run_length"":32,""min_run_length"":8}",65536,7.93291206823173,256,0.0080718994140625,0.004425048828125,0.9499504081788357,19.97439804937519,32,0.24072265625,0.052811474784466315,6.947005190446892,0.03980471417560083
sample_000730,structured,20261713,65536,"{""format"":""jsonl"",""group_count"":16,""value_range"":[0,9999]}",65536,4.549527661604644,31,0.1634521484375,0.0,0.012680247196154727,1.0128429024032146,4,0.347900390625,0.0025024795910582134,4.537390600218766,0.008739339495528632
sample_000731,mixed,20261714,65536,"{""segments"":[{""generator"":""structured"",""parameters"":{""format"":""jsonl"",""group_count"":16,""value_range"":[0,9999]},""size"":13108},{""generator"":""small_alphabet"",""parameters"":{""alphabet"":[92,204],""alphabet_size"":2,""distribution"":""uniform""},""size"":13107},{""generator"":""long_runs"",""parameters"":{""byte_distribution"":""uniform_without_adjacent_run_duplicates"",""max_run_length"":32,""min_run_length"":8},""size"":13107},{""generator"":""repeated_pattern"",""parameters"":{""pattern_hex"":""a6b51c879d992d02d390535e064f239fc0a7d4b0330bac7cb456d35f93996b7e9af9d76a1b6037573f9d6e28dcbf7d4fa6a5df05f7a2205911ab4296daf20b9d"",""pattern_length"":64},""size"":13107},{""generator"":""random"",""parameters"":{""distribution"":""uniform_bytes""},""size"":13107}]}",65536,6.9083216997319346,256,0.1014404296875,0.0016632080078125,0.2930189974822614,1.41445621910949,32,0.263671875,0.1952697032120241,5.390262067192262,2.221335684801462
sample_000732,random,20261715,262144,"{""distribution"":""uniform_bytes""}",262144,7.999338883629249,256,0.00426483154296875,0.003787994384765625,0.0036850116157974844,1.003698626990022,3,0.0,0.9820098876953125,7.9557936136430465,0.003688993038825848
sample_000733,small_alphabet,20261716,262144,"{""alphabet"":[29,74,81,198],""alphabet_size"":4,""distribution"":""uniform""}",262144,1.9999889393997317,4,0.2513771057128906,0.0,0.250683787093304,1.3345483609853943,11,0.0,0.000244140625,1.9995426745338707,0.00033247733968749403
sample_000734,repeated_pattern,20261717,262144,"{""pattern_hex"":""b798593692916525"",""pattern_length"":8}",262144,3.0,8,0.125,0.0,0.0,1.0,1,0.99993896484375,0.0001220703125,3.0,0.0
sample_000735,long_runs,20261718,262144,"{""byte_distribution"":""uniform_without_adjacent_run_duplicates"",""max_run_length"":32,""min_run_length"":8}",262144,7.983055451668548,256,0.0059814453125,0.004055023193359375,0.9499586103767791,19.982010823995733,32,0.2916259765625,0.1849365234375,6.947835771526312,0.05805882841260666
sample_000736,structured,20261719,262144,"{""format"":""jsonl"",""group_count"":16,""value_range"":[0,9999]}",262144,4.56667933317295,31,0.16142654418945312,0.0,0.012809802283486493,1.0129759724250926,4,0.4151611328125,0.00250244140625,4.548971836306874,0.01067615492515511
sample_000737,mixed,20261720,262144,"{""segments"":[{""generator"":""long_runs"",""parameters"":{""byte_distribution"":""uniform_without_adjacent_run_duplicates"",""max_run_length"":128,""min_run_length"":32},""size"":52429},{""generator"":""random"",""parameters"":{""distribution"":""uniform_bytes""},""size"":52429},{""generator"":""repeated_pattern"",""parameters"":{""pattern_hex"":""50ab1276d58003dc10ffc6d5716e1192d2e7356fe0455ddf6025feea33ecc2e17a26ebec2badb596a41a3a399f63ca9c76202faeeb3c060e44bfb7d203b6e5e4a01858f24f974d0d8aef2cc4ce357167f5b7185f697fe41f3870964e6b4375721b106f877ff88fb872d5862ed8c1a8edd2cfcc15471f4030eb42a2f6d17373d9"",""pattern_length"":128},""size"":52429},{""generator"":""small_alphabet"",""parameters"":{""alphabet"":[101,166],""alphabet_size"":2,""distribution"":""uniform""},""size"":52429},{""generator"":""structured"",""parameters"":{""format"":""jsonl"",""group_count"":16,""value_range"":[0,9999]},""size"":52428}]}",262144,6.899547505555956,256,0.11550521850585938,0.001575469970703125,0.30275078869166827,1.4342050552576868,128,0.4197998046875,0.559234619140625,5.151193163377293,2.317412661849122
sample_000738,random,20261721,1048576,"{""distribution"":""uniform_bytes""}",1048576,7.9998192824292325,256,0.004067420959472656,0.0039052963256835938,0.003964427914073862,1.0039802033475071,3,0.0,1.0,7.954356803490031,0.0039273548395924165
sample_000739,small_alphabet,20261722,1048576,"{""alphabet"":[169,242],""alphabet_size"":2,""distribution"":""uniform""}",1048576,0.9999996580054809,2,0.5003442764282227,0.0,0.5000529289750375,2.0002098303616904,21,0.368896484375,6.103515625e-05,0.9998141319356288,0.0002742222756582209
sample_000740,repeated_pattern,20261723,1048576,"{""pattern_hex"":""d6c7d5d1"",""pattern_length"":4}",1048576,2.0,4,0.25,0.0,0.0,1.0,1,0.9999847412109375,6.103515625e-05,2.0,0.0
sample_000741,long_runs,20261724,1048576,"{""byte_distribution"":""uniform_without_adjacent_run_duplicates"",""max_run_length"":128,""min_run_length"":32}",1048576,7.98518779612274,256,0.005374908447265625,0.004145622253417969,0.9875078082159121,80.04396946564886,128,0.8104705810546875,0.18499755859375,5.425213181197787,0.09357326571092311
sample_000742,structured,20261725,1048576,"{""format"":""jsonl"",""group_count"":16,""value_range"":[0,9999]}",1048576,4.579118055045294,31,0.15924835205078125,0.0,0.013804448894928833,1.0139976656051972,5,0.449249267578125,0.00250244140625,4.556244876725829,0.011678942853198296
sample_000743,mixed,20261726,1048576,"{""segments"":[{""generator"":""structured"",""parameters"":{""format"":""log"",""group_count"":16,""value_range"":[0,9999]},""size"":209716},{""generator"":""repeated_pattern"",""parameters"":{""pattern_hex"":""78c527311c2c9e9bea587cdc9473d8d1cc4f94fa1928e7f28125acde580bfed4274bbe907bc0d60e81737177e27a300913a627d12d13a27beeb103b3f5e5a717d4a22f1d94c994fa2bce051bead153bb81c574f0e29a274c342240b9b6839cedb44caff19f3f75ee3e3de4400361cab2f974a7080b0d261f5b8ff8f948845ab1"",""pattern_length"":128},""size"":209715},{""generator"":""random"",""parameters"":{""distribution"":""uniform_bytes""},""size"":209715},{""generator"":""long_runs"",""parameters"":{""byte_distribution"":""uniform_without_adjacent_run_duplicates"",""max_run_length"":2048,""min_run_length"":512},""size"":209715},{""generator"":""small_alphabet"",""parameters"":{""alphabet"":[44,106,118,119,147,205,232,249],""alphabet_size"":8,""distribution"":""uniform""},""size"":209715}]}",1048576,7.234558467955815,256,0.036047935485839844,0.0008096694946289062,0.2289449967813461,1.2969239712557667,2028,0.4951629638671875,0.960205078125,4.824854217094109,2.22707938964494
sample_000744,random,20261727,16384,"{""distribution"":""uniform_bytes""}",16384,7.988622367734247,256,0.00537109375,0.00433349609375,0.003174021851919673,1.003183933382317,2,0.0,0.8816456082524569,7.955160788465339,0.0022659204683351426
sample_000745,small_alphabet,20261728,16384,"{""alphabet"":[32,50,51,60,75,79,80,91,123,137,142,170,173,176,205,208],""alphabet_size"":16,""distribution"":""uniform""}",16384,3.999323532238713,16,0.0653076171875,0.0,0.06201550387596899,1.0661114003123373,5,0.0,0.01562595373252762,3.998006118272335,0.0008023839589585441
sample_000746,repeated_pattern,20261729,16384,"{""pattern_hex"":""5ba8b6a7cfd7da3c"",""pattern_length"":8}",16384,3.0,8,0.125,0.0,0.0,1.0,1,0.9990234375,0.0004883110541414881,3.0,0.0
sample_000747,long_runs,20261730,16384,"{""byte_distribution"":""uniform_without_adjacent_run_duplicates"",""max_run_length"":128,""min_run_length"":32}",16384,6.8922214017723995,137,0.01959228515625,0.0,0.987548068119392,79.9219512195122,128,0.6748046875,0.02081425868278093,5.445377849556974,0.024177701216318247
sample_000748,structured,20261731,16384,"{""format"":""jsonl"",""group_count"":16,""value_range"":[0,9999]}",16384,4.529804990916821,31,0.1654052734375,0.0,0.011719465299395715,1.0118577075098814,3,0.2431640625,0.010010376609900506,4.526305735925131,0.012636410112845853
sample_000749,mixed,20261732,16384,"{""segments"":[{""generator"":""long_runs"",""parameters"":{""byte_distribution"":""uniform_without_adjacent_run_duplicates"",""max_run_length"":128,""min_run_length"":32},""size"":3277},{""generator"":""random"",""parameters"":{""distribution"":""uniform_bytes""},""size"":3277},{""generator"":""structured"",""parameters"":{""format"":""jsonl"",""group_count"":16,""value_range"":[0,9999]},""size"":3277},{""generator"":""small_alphabet"",""parameters"":{""alphabet"":[78,87,96,98,113,134,149,170,183,189,201,214,226,228,238,242],""alphabet_size"":16,""distribution"":""uniform""},""size"":3277},{""generator"":""repeated_pattern"",""parameters"":{""pattern_hex"":""6582907061a26c81"",""pattern_length"":8},""size"":3276}]}",16384,6.74270861442598,256,0.03814697265625,0.00115966796875,0.2139412805957395,1.272148458731268,122,0.345703125,0.22407373496917538,5.638020389966975,1.2392492898140508
sample_000750,random,20261733,65536,"{""distribution"":""uniform_bytes""}",65536,7.997268850487152,256,0.004547119140625,0.00347900390625,0.00375371938658732,1.003767805176903,3,0.0,0.632166018158236,7.953442758355346,0.004322555188365826
sample_000751,small_alphabet,20261734,65536,"{""alphabet"":[68,87,90,168],""alphabet_size"":4,""distribution"":""uniform""}",65536,1.999975406538603,4,0.252197265625,0.0,0.24939345387960632,1.3322491462026347,8,0.0,0.00024414435034714275,1.9994833310137166,0.00034889535795695623
sample_000752,repeated_pattern,20261735,65536,"{""pattern_hex"":""1d7eaeb41f54df91e2216a0433ea1894"",""pattern_length"":16}",65536,4.0,16,0.0625,0.0,0.0,1.0,1,0.999755859375,0.00024414435034714275,4.0,0.0
sample_000753,long_runs,20261736,65536,"{""byte_distribution"":""uniform_without_adjacent_run_duplicates"",""max_run_length"":512,""min_run_length"":128}",65536,6.963824823303202,141,0.0209808349609375,0.0,0.9967803463797971,309.1320754716981,510,0.915283203125,0.005355916685740444,3.6589338434836884,0.12896914715426663
sample_000754,structured,20261737,65536,"{""format"":""csv"",""group_count"":16,""value_range"":[0,9999]}",65536,3.4187046540017323,25,0.213592529296875,0.0,0.045685511558709084,1.0478718301301526,4,0.0,0.002456702525368124,3.386759482794851,0.027263021966437588
sample_000755,mixed,20261738,65536,"{""segments"":[{""generator"":""structured"",""parameters"":{""format"":""csv"",""group_count"":16,""value_range"":[0,9999]},""size"":13108},{""generator"":""random"",""parameters"":{""distribution"":""uniform_bytes""},""size"":13107},{""generator"":""long_runs"",""parameters"":{""byte_distribution"":""uniform_without_adjacent_run_duplicates"",""max_run_length"":128,""min_run_length"":32},""size"":13107},{""generator"":""small_alphabet"",""parameters"":{""alphabet"":[4,27,154,160,189,211,253,254],""alphabet_size"":8,""distribution"":""uniform""},""size"":13107},{""generator"":""repeated_pattern"",""parameters"":{""pattern_hex"":""559a53fc431d25f8"",""pattern_length"":8},""size"":13107}]}",65536,6.654671977907479,256,0.0511322021484375,0.001495361328125,0.23149462119478142,1.3012210860716769,128,0.331787109375,0.18738078889143206,4.690416083063756,1.8648993086386354
sample_000756,random,20261739,262144,"{""distribution"":""uniform_bytes""}",262144,7.999362989728208,256,0.004230499267578125,0.0040130615234375,0.004009262120293122,1.004025385590575,3,0.0,0.9814453125,7.954462832306658,0.003298392670823865
sample_000757,small_alphabet,20261740,262144,"{""alphabet"":[4,56,64,100,129,180,228,255],""alphabet_size"":8,""distribution"":""uniform""}",262144,2.9999772441687385,8,0.12590408325195312,0.0,0.12488985019626692,1.1427126697325691,7,0.0,0.0009765625,2.998908196235168,0.0005225936195304109
sample_000758,repeated_pattern,20261741,262144,"{""pattern_hex"":""bd9f58530452a6c1991cbb66ba929a50"",""pattern_length"":16}",262144,4.0,16,0.0625,0.0,0.0,1.0,1,0.99993896484375,0.000244140625,4.0,0.0
sample_000759,long_runs,20261742,262144,"{""byte_distribution"":""uniform_without_adjacent_run_duplicates"",""max_run_length"":128,""min_run_length"":32}",262144,7.935578504417539,256,0.007801055908203125,0.00342559814453125,0.9876365189991722,80.85872917951882,128,0.79840087890625,0.0522003173828125,5.404255784432532,0.09175740145601115
sample_000760,structured,20261743,262144,"{""format"":""jsonl"",""group_count"":16,""value_range"":[0,9999]}",262144,4.566753827892165,31,0.16143798828125,0.0,0.012554216591707579,1.012713779635546,4,0.41107177734375,0.00250244140625,4.549205960182913,0.010251767438930116
sample_000761,mixed,20261744,262144,"{""segments"":[{""generator"":""structured"",""parameters"":{""format"":""csv"",""group_count"":16,""value_range"":[0,9999]},""size"":52429},{""generator"":""random"",""parameters"":{""distribution"":""uniform_bytes""},""size"":52429},{""generator"":""small_alphabet"",""parameters"":{""alphabet"":[222,232],""alphabet_size"":2,""distribution"":""uniform""},""size"":52429},{""generator"":""long_runs"",""parameters"":{""byte_distribution"":""uniform_without_adjacent_run_duplicates"",""max_run_length"":32,""min_run_length"":8},""size"":52429},{""generator"":""repeated_pattern"",""parameters"":{""pattern_hex"":""fd9545d398468b8dbc8095b24d2357d4b6a36fe4ba4df2ba518c78bf5ffd92a2412de0bd7dd4876d3a174a126e77ec00a8ba05824ebe2840e15d2dbea530815a"",""pattern_length"":64},""size"":52428}]}",262144,6.772680603108118,256,0.1019134521484375,0.004528045654296875,0.30033989082294776,1.4292630798421042,32,0.2510986328125,0.5723419189453125,5.0325808902021825,2.4388522574772162
sample_000762,random,20261745,1048576,"{""distribution"":""uniform_bytes""}",1048576,7.999850879221997,256,0.004084587097167969,0.0039520263671875,0.0040044822735617385,1.004020578775672,3,0.0,1.0,7.954394057982188,0.004283337352729599
sample_000763,small_alphabet,20261746,1048576,"{""alphabet"":[89,130,139,164],""alphabet_size"":4,""distribution"":""uniform""}",1048576,1.9999987408096542,4,0.2504863739013672,0.0,0.2500479221801016,1.3334181097736215,10,0.0,0.000244140625,1.999464414707597,0.00046890494531389175
sample_000764,repeated_pattern,20261747,1048576,"{""pattern_hex"":""6073b2beada914d50eede012e6ae407939295889e470eaf5daa258529f5ff762"",""pattern_length"":32}",1048576,4.9375,31,0.0625,0.0,0.0,1.0,1,0.999969482421875,0.00048828125,4.9375,0.0
sample_000765,long_runs,20261748,1048576,"{""byte_distribution"":""uniform_without_adjacent_run_duplicates"",""max_run_length"":512,""min_run_length"":128}",1048576,7.940476653419109,256,0.007113456726074219,0.0022764205932617188,0.9968986481653673,322.3412234860129,512,0.9498138427734375,0.052398681640625,3.6082974823267167,0.1429842223777527
sample_000766,structured,20261749,1048576,"{""format"":""jsonl"",""group_count"":16,""value_range"":[0,9999]}",1048576,4.579412087483195,31,0.15924644470214844,0.0,0.013814939322413752,1.014008451875562,5,0.4496002197265625,0.00250244140625,4.55674475868564,0.011784566813693706
sample_000767,mixed,20261750,1048576,"{""segments"":[{""generator"":""long_runs"",""parameters"":{""byte_distribution"":""uniform_without_adjacent_run_duplicates"",""max_run_length"":512,""min_run_length"":128},""size"":209716},{""generator"":""structured"",""parameters"":{""format"":""jsonl"",""group_count"":16,""value_range"":[0,9999]},""size"":209715},{""generator"":""repeated_pattern"",""parameters"":{""pattern_hex"":""78938248eaef05456f9a2c429e20be94747ef96683dcce2596e7fb910915d0d3296e1de52c47efbfcde1cc616540d7b7623cebc1f689d93892e184d5c672a5c1"",""pattern_length"":64},""size"":209715},{""generator"":""random"",""parameters"":{""distribution"":""uniform_bytes""},""size"":209715},{""generator"":""small_alphabet"",""parameters"":{""alphabet"":[5,6,8,29,44,70,78,87,110,145,169,184,191,207,229,244],""alphabet_size"":16,""distribution"":""uniform""},""size"":209715}]}",1048576,7.329815201788477,256,0.03536224365234375,0.0012645721435546875,0.21526738669146223,1.2743190756053338,511,0.4682464599609375,0.9615325927734375,5.208693982468824,1.576242009658942
sample_000768,random,20261751,16384,"{""distribution"":""uniform_bytes""}",16384,7.988808587997757,256,0.00555419921875,0.00372314453125,0.004883110541414881,1.0049067713444553,3,0.0,0.8878715741927607,7.952620455456621,0.005944379343842184
sample_000769,small_alphabet,20261752,16384,"{""alphabet"":[72,192,198,235],""alphabet_size"":4,""distribution"":""uniform""}",16384,1.9998808020280054,4,0.25482177734375,0.0,0.2511139595922603,1.3352893235533823,8,0.0,0.0009766221082829762,1.999340247025465,0.0005768850175351421
sample_000770,repeated_pattern,20261753,16384,"{""pattern_hex"":""4f6c271415060d8dcfc459453587026d"",""pattern_length"":16}",16384,4.0,16,0.0625,0.0,0.0,1.0,1,0.9990234375,0.0009766221082829762,4.0,0.0
sample_000771,long_runs,20261754,16384,"{""byte_distribution"":""uniform_without_adjacent_run_duplicates"",""max_run_length"":512,""min_run_length"":128}",16384,5.439862655399119,47,0.048828125,0.0,0.9970701336751511,334.3673469387755,509,0.9111328125,0.0057986937679301714,3.5770666701792093,0.16057609078736307
sample_000772,structured,20261755,16384,"{""format"":""jsonl"",""group_count"":16,""value_range"":[0,9999]}",16384,4.534283876167331,31,0.16510009765625,0.0,0.009888298846365134,1.0099864381703858,4,0.251953125,0.010010376609900506,4.529503432731919,0.009136836007506553
sample_000773,mixed,20261756,16384,"{""segments"":[{""generator"":""random"",""parameters"":{""distribution"":""uniform_bytes""},""size"":3277},{""generator"":""small_alphabet"",""parameters"":{""alphabet"":[22,46,47,78],""alphabet_size"":4,""distribution"":""uniform""},""size"":3277},{""generator"":""repeated_pattern"",""parameters"":{""pattern_hex"":""ce979f5ed8a3b3e4"",""pattern_length"":8},""size"":3277},{""generator"":""long_runs"",""parameters"":{""byte_distribution"":""uniform_without_adjacent_run_duplicates"",""max_run_length"":128,""min_run_length"":32},""size"":3277},{""generator"":""structured"",""parameters"":{""format"":""jsonl"",""group_count"":16,""value_range"":[0,9999]},""size"":3276}]}",16384,6.473216189344636,256,0.056396484375,0.000732421875,0.2505035707745834,1.3342019543973942,128,0.3505859375,0.21046206433498138,5.160565531695902,1.4458347003049685
sample_000774,random,20261757,65536,"{""distribution"":""uniform_bytes""}",65536,7.997515197532762,256,0.004669189453125,0.003875732421875,0.0038147554741741053,1.0038293049045737,2,0.0,0.6338139925230792,7.953217049170743,0.0033113227556127722
sample_000775,small_alphabet,20261758,65536,"{""alphabet"":[61,190],""alphabet_size"":2,""distribution"":""uniform""}",65536,0.9999998864645752,2,0.5001983642578125,0.0,0.49660486762798506,1.9864811615289018,17,0.034912109375,6.103608758678569e-05,0.9998199234565525,0.0002458339860068555
sample_000776,repeated_pattern,20261759,65536,"{""pattern_hex"":""01f4265fc46d1389e24707dd37f2af9bdaa6458fb62754c27a188d614d39a5a4d87daf558d421366dfc3ea07df9d379c793444aa063a208630d7a9cb21410c2446c89ec7d857aa2f7a9cd2f2d4558d1e105004a5fb5f40f060dfa872f27b2cf71816ca9472fb3112fb5eb073c077262f90b44f2ff7c342889ab3c140afd89c0a"",""pattern_length"":128}",65536,6.468444531114783,97,0.0234375,0.0,0.0,1.0,1,0.998046875,0.0019378957808804456,6.468444531114783,0.0
sample_000777,long_runs,20261760,65536,"{""byte_distribution"":""uniform_without_adjacent_run_duplicates"",""max_run_length"":2048,""min_run_length"":512}",65536,5.646381483878736,54,0.0514678955078125,0.0,0.999145494773785,1149.7543859649122,2004,0.9736328125,0.0016784924086366065,1.9861977464117757,0.27675168471860356
sample_000778,structured,20261761,65536,"{""format"":""jsonl"",""group_count"":16,""value_range"":[0,9999]}",65536,4.5499633583608885,31,0.163421630859375,0.0,0.012619211108567941,1.0127802933131405,4,0.3505859375,0.0025024795910582134,4.538491860163037,0.01134315066683007
sample_000779,mixed,20261762,65536,"{""segments"":[{""generator"":""repeated_pattern"",""parameters"":{""pattern_hex"":""2a97484a6795d6f817ec9a489be2fec90a5f5cb0c803e9684e1cdbb56d9cd080"",""pattern_length"":32},""size"":13108},{""generator"":""long_runs"",""parameters"":{""byte_distribution"":""uniform_without_adjacent_run_duplicates"",""max_run_length"":128,""min_run_length"":32},""size"":13107},{""generator"":""random"",""parameters"":{""distribution"":""uniform_bytes""},""size"":13107},{""generator"":""structured"",""parameters"":{""format"":""csv"",""group_count"":16,""value_range"":[0,9999]},""size"":13107},{""generator"":""small_alphabet"",""parameters"":{""alphabet"":[0,4,37,52,59,78,87,110,115,148,160,185,192,239,244,247],""alphabet_size"":16,""distribution"":""uniform""},""size"":13107}]}",65536,7.073111676044735,256,0.047393798828125,0.0139007568359375,0.21948577096208133,1.2812011260556773,128,0.33056640625,0.19024948500801098,5.2896277962963945,1.4699458989940382
sample_000780,random,20261763,262144,"{""distribution"":""uniform_bytes""}",262144,7.999291959884545,256,0.0043182373046875,0.003875732421875,0.0038147118175957395,1.0038293049045737,3,0.0,0.9816436767578125,7.954136285338702,0.0036466404071721866
sample_000781,small_alphabet,20261764,262144,"{""alphabet"":[143,212,227,236],""alphabet_size"":4,""distribution"":""uniform""}",262144,1.9999726941772906,4,0.2521476745605469,0.0,0.24982166222252739,1.333014670361801,10,0.0,0.000244140625,1.999452496420082,0.00046507854376413925
sample_000782,repeated_pattern,20261765,262144,"{""pattern_hex"":""3975059967a4d67c2620dd4f6c380c4e5bc1fb03430fa4a425b5c92215a47554a942eda7a8dbc9c8beff5009f7c163dac057937e6f3de961d0661bbca834b076"",""pattern_length"":64}",262144,5.75,57,0.0625,0.0,0.01562505960487215,1.0158730158730158,2,0.999755859375,0.0009765625,5.75,0.0
sample_000783,long_runs,20261766,262144,"{""byte_distribution"":""uniform_without_adjacent_run_duplicates"",""max_run_length"":512,""min_run_length"":128}",262144,7.717101529999569,246,0.01165771484375,0.003154754638671875,0.9969062687159298,322.8374384236453,512,0.93853759765625,0.0160675048828125,3.592043586668977,0.13908974323708828
sample_000784,structured,20261767,262144,"{""format"":""log"",""group_count"":16,""value_range"":[0,9999]}",262144,4.7888253927427975,35,0.08772659301757812,0.0,0.016647402371987807,1.0169291644037552,4,0.523193359375,0.00262451171875,4.786831224732889,0.008526365814917336
sample_000785,mixed,20261768,262144,"{""segments"":[{""generator"":""long_runs"",""parameters"":{""byte_distribution"":""uniform_without_adjacent_run_duplicates"",""max_run_length"":512,""min_run_length"":128},""size"":52429},{""generator"":""random"",""parameters"":{""distribution"":""uniform_bytes""},""size"":52429},{""generator"":""structured"",""parameters"":{""format"":""csv"",""group_count"":16,""value_range"":[0,9999]},""size"":52429},{""generator"":""repeated_pattern"",""parameters"":{""pattern_hex"":""ff4f7450"",""pattern_length"":4},""size"":52429},{""generator"":""small_alphabet"",""parameters"":{""alphabet"":[14,57,65,66,73,83,90,94,98,107,152,163,166,170,201,243],""alphabet_size"":16,""distribution"":""uniform""},""size"":52428}]}",262144,6.636966074089657,256,0.05373382568359375,0.000759124755859375,0.22166908900867083,1.2847991766118558,508,0.3831787109375,0.554656982421875,4.226051098560083,1.9745587864583378
sample_000786,random,20261769,1048576,"{""distribution"":""uniform_bytes""}",1048576,7.99981759193582,256,0.004103660583496094,0.003909111022949219,0.003936771332522709,1.0039523269708017,3,0.0,1.0,7.954920171475666,0.004017574514161695
sample_000787,small_alphabet,20261770,1048576,"{""alphabet"":[86,98,152,180],""alphabet_size"":4,""distribution"":""uniform""}",1048576,1.999999041249252,4,0.25034141540527344,0.0,0.2503874305605226,1.3340220298056298,11,0.0,0.000244140625,1.9994872076526615,0.0003903606124391311
sample_000788,repeated_pattern,20261771,1048576,"{""pattern_hex"":""b023e99dd7d709b395bfc56cfa6c5a78"",""pattern_length"":16}",1048576,3.75,14,0.125,0.0,0.06250005960470162,1.0666666666666667,2,0.9999847412109375,0.000244140625,3.75,0.0
sample_000789,long_runs,20261772,1048576,"{""byte_distribution"":""uniform_without_adjacent_run_duplicates"",""max_run_length"":32,""min_run_length"":8}",1048576,7.996069649196102,256,0.0047397613525390625,0.004111289978027344,0.9500455379920368,20.01786873353442,32,0.31646728515625,0.555755615234375,6.932710890643141,0.06084223194583032
sample_000790,structured,20261773,1048576,"{""format"":""csv"",""group_count"":16,""value_range"":[0,9999]}",1048576,3.4560892478883183,25,0.1986093521118164,0.0,0.04874806284719739,1.0512461652597598,5,0.0,0.0024566650390625,3.388331461367609,0.03336898825744378
sample_000791,mixed,20261774,1048576,"{""segments"":[{""generator"":""repeated_pattern"",""parameters"":{""pattern_hex"":""e8ced984f2012180238280c4cf060b6489a9c9b4a0899a9bad8b88370cf6f2cf4624cb081bafd751d3d2f4a4439c2caefaa4d9e880ffaf46ca88c35991154c6b"",""pattern_length"":64},""size"":209716},{""generator"":""small_alphabet"",""parameters"":{""alphabet"":[5,152,165,214],""alphabet_size"":4,""distribution"":""uniform""},""size"":209715},{""generator"":""random"",""parameters"":{""distribution"":""uniform_bytes""},""size"":209715},{""generator"":""long_runs"",""parameters"":{""byte_distribution"":""uniform_without_adjacent_run_duplicates"",""max_run_length"":2048,""min_run_length"":512},""size"":209715},{""generator"":""structured"",""parameters"":{""format"":""csv"",""group_count"":16,""value_range"":[0,9999]},""size"":209715}]}",1048576,6.819143974004929,256,0.055235862731933594,0.0023250579833984375,0.26041341821042846,1.3521062831957684,2045,0.3957977294921875,0.95947265625,4.166287885022821,2.328994175354499
sample_000792,random,20261775,16384,"{""distribution"":""uniform_bytes""}",16384,7.989322688799585,256,0.00537109375,0.004150390625,0.003906488433131905,1.003921568627451,2,0.0,0.8839040468778612,7.956475386603637,0.0022889097818781018
sample_000793,small_alphabet,20261776,16384,"{""alphabet"":[34,58,66,100,118,122,125,140,166,175,199,227,230,233,253,254],""alphabet_size"":16,""distribution"":""uniform""}",16384,3.999684322698376,16,0.06451416015625,0.0,0.06390770921076726,1.0682662841494426,4,0.0,0.01562595373252762,3.9972530823321875,0.0009888067642773973
sample_000794,repeated_pattern,20261777,16384,"{""pattern_hex"":""09d14bca"",""pattern_length"":4}",16384,2.0,4,0.25,0.0,0.0,1.0,1,0.9990234375,0.00024415552707074406,2.0,0.0
sample_000795,long_runs,20261778,16384,"{""byte_distribution"":""uniform_without_adjacent_run_duplicates"",""max_run_length"":2048,""min_run_length"":512}",16384,3.683373991324895,14,0.11761474609375,0.0,0.99920649453702,1170.2857142857142,1927,0.974609375,0.0016480498077275224,1.8329049280667653,0.1960796609883222
sample_000796,structured,20261779,16384,"{""format"":""jsonl"",""group_count"":16,""value_range"":[0,9999]}",16384,4.533169576195914,31,0.165283203125,0.0,0.010681804309345053,1.0107964710963044,3,0.2548828125,0.010010376609900506,4.528192499498542,0.01647739733910548
sample_000797,mixed,20261780,16384,"{""segments"":[{""generator"":""repeated_pattern"",""parameters"":{""pattern_hex"":""2c8056d5c626ca8107ce09f5d6725927"",""pattern_length"":16},""size"":3277},{""generator"":""long_runs"",""parameters"":{""byte_distribution"":""uniform_without_adjacent_run_duplicates"",""max_run_length"":128,""min_run_length"":32},""size"":3277},{""generator"":""small_alphabet"",""parameters"":{""alphabet"":[14,34,35,40,63,67,103,137,155,162,193,196,199,222,249,253],""alphabet_size"":16,""distribution"":""uniform""},""size"":3277},{""generator"":""random"",""parameters"":{""distribution"":""uniform_bytes""},""size"":3277},{""generator"":""structured"",""parameters"":{""format"":""log"",""group_count"":16,""value_range"":[0,9999]},""size"":3276}]}",16384,7.013352745828919,256,0.022216796875,0.000732421875,0.213452969541598,1.2713587336075114,124,0.3349609375,0.22395165720564,5.728302680111957,0.9649230211019406
sample_000798,random,20261781,65536,"{""distribution"":""uniform_bytes""}",65536,7.997447739308316,256,0.0045166015625,0.003997802734375,0.0038452735179674985,1.0038600575945102,3,0.0,0.6331425955596246,7.954652534742817,0.004229215727596191
sample_000799,small_alphabet,20261782,65536,"{""alphabet"":[57,69,168,234],""alphabet_size"":4,""distribution"":""uniform""}",65536,1.9999551832364473,4,0.2533111572265625,0.0,0.25061417563134203,1.3344192865287505,9,0.0,0.00024414435034714275,1.9995445003686412,0.00036039427571380123
sample_000800,repeated_pattern,20261783,65536,"{""pattern_hex"":""8cd8ec1c296e6c025ba97f4b5fca76df"",""pattern_length"":16}",65536,4.0,16,0.0625,0.0,0.0,1.0,1,0.999755859375,0.00024414435034714275,4.0,0.0
sample_000801,long_runs,20261784,65536,"{""byte_distribution"":""uniform_without_adjacent_run_duplicates"",""max_run_length"":512,""min_run_length"":128}",65536,6.954338516827336,139,0.0201416015625,0.0073089599609375,0.9970397497520409,336.0820512820513,508,0.92236328125,0.005081254291599909,3.5693093041785704,0.13220180221033279
sample_000802,structured,20261785,65536,"{""format"":""csv"",""group_count"":16,""value_range"":[0,9999]}",65536,3.4196727639982876,25,0.2135467529296875,0.0,0.04557869840543221,1.047754560424627,4,0.0,0.002456702525368124,3.3868313844159834,0.027188529778446335
sample_000803,mixed,20261786,65536,"{""segments"":[{""generator"":""repeated_pattern"",""parameters"":{""pattern_hex"":""1e50c57058fba47730747f10195f1491d153c23b6cdb6b1c16519b10d7bb3187"",""pattern_length"":32},""size"":13108},{""generator"":""random"",""parameters"":{""distribution"":""uniform_bytes""},""size"":13107},{""generator"":""long_runs"",""parameters"":{""byte_distribution"":""uniform_without_adjacent_run_duplicates"",""max_run_length"":512,""min_run_length"":128},""size"":13107},{""generator"":""structured"",""parameters"":{""format"":""jsonl"",""group_count"":16,""value_range"":[0,9999]},""size"":13107},{""generator"":""small_alphabet"",""parameters"":{""alphabet"":[34,88,144,204],""alphabet_size"":4,""distribution"":""uniform""},""size"":13107}]}",65536,6.713311450122013,256,0.0836029052734375,0.000946044921875,0.25261310749980925,1.3379881995059308,495,0.43115234375,0.1855802243076219,4.743452883657073,1.8686821793828068
sample_000804,random,20261787,262144,"{""distribution"":""uniform_bytes""}",262144,7.999341933613434,256,0.004276275634765625,0.003864288330078125,0.004001632696657931,1.0040176947088224,3,0.0,0.982208251953125,7.954958054245387,0.0038305223392778717
sample_000805,small_alphabet,20261788,262144,"{""alphabet"":[24,26,52,100,108,109,116,118,131,132,141,153,193,205,210,228],""alphabet_size"":16,""distribution"":""uniform""}",262144,3.9999706595524387,16,0.06320571899414062,0.0,0.0622255791686217,1.066354258192587,5,0.0,0.00390625,3.997587537630273,0.0008860280955733257
sample_000806,repeated_pattern,20261789,262144,"{""pattern_hex"":""b127dcd96227858b2cd319b5872f3c95a5032bacccbc8a812929b79e954879865012406515fa9701cb5b0563aa473e09f67ae24cb3ef75edfdf11516a30d889f25116fa010be6e3dfd00f095cf1c24178f2000f840c1b59d07c087305a6461dede3d6ac30138167758fe0037043e77f2feb9156a9ca4f8aad93bf860aaeaf3bb"",""pattern_length"":128}",262144,6.579887206946739,103,0.0234375,0.0234375,0.01562505960487215,1.0158730158730158,2,0.99951171875,0.001953125,6.579887206946739,0.0
sample_000807,long_runs,20261790,262144,"{""byte_distribution"":""uniform_without_adjacent_run_duplicates"",""max_run_length"":32,""min_run_length"":8}",262144,7.982381465850911,256,0.006053924560546875,0.0040435791015625,0.9500844958667597,20.032401039278618,32,0.2945556640625,0.18505859375,6.926935170937352,0.05354216326476462
sample_000808,structured,20261791,262144,"{""format"":""csv"",""group_count"":16,""value_range"":[0,9999]}",262144,3.4188853428330024,25,0.20491790771484375,0.0,0.047584715212689255,1.0499619497737014,5,0.0,0.0024566650390625,3.3709778678916034,0.039858580795794546
sample_000809,mixed,20261792,262144,"{""segments"":[{""generator"":""long_runs"",""parameters"":{""byte_distribution"":""uniform_without_adjacent_run_duplicates"",""max_run_length"":2048,""min_run_length"":512},""size"":52429},{""generator"":""random"",""parameters"":{""distribution"":""uniform_bytes""},""size"":52429},{""generator"":""structured"",""parameters"":{""format"":""csv"",""group_count"":16,""value_range"":[0,9999]},""size"":52429},{""generator"":""repeated_pattern"",""parameters"":{""pattern_hex"":""e0ca57b693a535770254de38524290612ddbf08ae38c4541ebbf99763d8ca90d"",""pattern_length"":32},""size"":52429},{""generator"":""small_alphabet"",""parameters"":{""alphabet"":[39,171,177,212],""alphabet_size"":4,""distribution"":""uniform""},""size"":52428}]}",262144,6.6346839158233655,256,0.051708221435546875,0.000885009765625,0.2593202946483408,1.3501094429995106,2010,0.39483642578125,0.5543365478515625,4.064771326650138,2.232749651254367
sample_000810,random,20261793,1048576,"{""distribution"":""uniform_bytes""}",1048576,7.999788505254025,256,0.004120826721191406,0.0037908554077148438,0.0038051641513482583,1.0038196950753695,3,0.0,1.0,7.95460076529593,0.004038195380394624
sample_000811,small_alphabet,20261794,1048576,"{""alphabet"":[1,31,41,76,88,89,127,135,148,196,201,231,232,233,238,251],""alphabet_size"":16,""distribution"":""uniform""}",1048576,3.9999918823429685,16,0.0629434585571289,0.0,0.06283670695944496,1.0670498337720964,6,0.0,0.00390625,3.997356228442071,0.0009737009618054953
sample_000812,repeated_pattern,20261795,1048576,"{""pattern_hex"":""423b0a1b8d120ab693e04c56c9c635195ad7018586b3163fe3598cb79979e12e851b5c82e792471b99378dceeb34c91b68a596f7a9cc49d04532ad2142ec7758ba6d2c75e517388f3885abe58fd936f00377674a2be9ebe52483cb4ab2b2f05db62cd14f3a74da4db28ce4a77bb41885ff8c7c1413189bea1dd999385e71049f"",""pattern_length"":128}",1048576,6.486137206946739,99,0.03125,0.0,0.007812507450587702,1.0078740157480315,2,0.9998779296875,0.001953125,6.486137206946739,0.0
sample_000813,long_runs,20261796,1048576,"{""byte_distribution"":""uniform_without_adjacent_run_duplicates"",""max_run_length"":512,""min_run_length"":128}",1048576,7.934211801722921,256,0.008101463317871094,0.0013027191162109375,0.9968652695324607,318.90997566909977,512,0.9490814208984375,0.0527496337890625,3.6042360222960235,0.1453017964594575
sample_000814,structured,20261797,1048576,"{""format"":""log"",""group_count"":16,""value_range"":[0,9999]}",1048576,4.7884980715625645,35,0.08776092529296875,0.0,0.016620651837016904,1.0169015505048742,4,0.6239166259765625,0.00262451171875,4.786446280966922,0.007654354006634742
sample_000815,mixed,20261798,1048576,"{""segments"":[{""generator"":""long_runs"",""parameters"":{""byte_distribution"":""uniform_without_adjacent_run_duplicates"",""max_run_length"":128,""min_run_length"":32},""size"":209716},{""generator"":""structured"",""parameters"":{""format"":""csv"",""group_count"":16,""value_range"":[0,9999]},""size"":209715},{""generator"":""small_alphabet"",""parameters"":{""alphabet"":[11,61,68,91,133,141,173,253],""alphabet_size"":8,""distribution"":""uniform""},""size"":209715},{""generator"":""repeated_pattern"",""parameters"":{""pattern_hex"":""18ca597dbd5c11ffbfe8147f77ef7516dc24e0d0956344ef39a8b5a9bbd2b9a9"",""pattern_length"":32},""size"":209715},{""generator"":""random"",""parameters"":{""distribution"":""uniform_bytes""},""size"":209715}]}",1048576,7.018728928871804,256,0.042827606201171875,0.0020551681518554688,0.23320983239157905,1.3041373666418752,128,0.358612060546875,0.9615631103515625,4.93652624180556,1.7569680975996314
sample_000816,random,20261799,16384,"{""distribution"":""uniform_bytes""}",16384,7.987603153062564,256,0.0052490234375,0.00433349609375,0.004638955014344137,1.0046602894285013,2,0.0,0.8813404138436184,7.95009000100679,0.004020249900725538
sample_000817,small_alphabet,20261800,16384,"{""alphabet"":[10,51,210,214],""alphabet_size"":4,""distribution"":""uniform""}",16384,1.9999755124045557,4,0.25140380859375,0.0,0.24946590978453276,1.332357485565585,7,0.0,0.0009766221082829762,1.999397325164159,0.00026667384199973587
sample_000818,repeated_pattern,20261801,16384,"{""pattern_hex"":""ce9963fca0c0bae84dcb561a38c1510a28f61ce7f1a91b03dd05a9d7d338174cb664df22631471ec01f73cba800df8ea08ff7cac826b52d7983af0e856d06ab9"",""pattern_length"":64}",16384,5.78125,57,0.03125,0.0,0.0,1.0,1,0.99609375,0.003906488433131905,5.78125,0.0
sample_000819,long_runs,20261802,16384,"{""byte_distribution"":""uniform_without_adjacent_run_duplicates"",""max_run_length"":128,""min_run_length"":32}",16384,6.934112945444003,140,0.0247802734375,0.00732421875,0.9877311847646951,81.10891089108911,128,0.6748046875,0.02081425868278093,5.471220538600278,0.0841421078270829
sample_000820,structured,20261803,16384,"{""format"":""csv"",""group_count"":16,""value_range"":[0,9999]}",16384,3.4010596698052034,25,0.22412109375,0.0,0.0466947445522798,1.048978807862219,4,0.0,0.009827259964597448,3.383884913774707,0.03631832526665232
sample_000821,mixed,20261804,16384,"{""segments"":[{""generator"":""random"",""parameters"":{""distribution"":""uniform_bytes""},""size"":3277},{""generator"":""small_alphabet"",""parameters"":{""alphabet"":[32,70,89,92,132,157,199,254],""alphabet_size"":8,""distribution"":""uniform""},""size"":3277},{""generator"":""structured"",""parameters"":{""format"":""jsonl"",""group_count"":16,""value_range"":[0,9999]},""size"":3277},{""generator"":""long_runs"",""parameters"":{""byte_distribution"":""uniform_without_adjacent_run_duplicates"",""max_run_length"":512,""min_run_length"":128},""size"":3277},{""generator"":""repeated_pattern"",""parameters"":{""pattern_hex"":""2e2949cc200b9a5c552837e37e4e9c7d9e79777011a5954c97b3c48929ba9274"",""pattern_length"":32},""size"":3276}]}",16384,6.661260091643886,256,0.0345458984375,0.00079345703125,0.2270036012940243,1.2936439005132254,509,0.40625,0.21131660867972898,5.380147147473501,1.2745528589348207
sample_000822,random,20261805,65536,"{""distribution"":""uniform_bytes""}",65536,7.9973561418757475,256,0.004638671875,0.004180908203125,0.0043945983062485695,1.0044139283962727,3,0.0,0.6326390478370336,7.952775469584766,0.003442064551435056
sample_000823,small_alphabet,20261806,65536,"{""alphabet"":[175,247],""alphabet_size"":2,""distribution"":""uniform""}",65536,0.9999957004294572,2,0.501220703125,0.0,0.49828336003662166,1.993126729722332,16,0.03564453125,6.103608758678569e-05,0.9998910852574281,0.00013137737856511116
sample_000824,repeated_pattern,20261807,65536,"{""pattern_hex"":""96607ea750ab55fe3d4d23c1094a3a787b7292efec48aea31ae464e864fdac978e5e08f4d3efdac03daaa31fafdaa7b3c2172a5ea6aa8343c825a884896885da50e3dc9482c9c738540b498d226707b3016eacbbff8d711a81ad927ddf494c33c757aed3eb768ee15313c6b4827e8745e531af5c9e4429b329a0282b8aa66a74"",""pattern_length"":128}",65536,6.581954882778696,102,0.0234375,0.0,0.0,1.0,1,0.998046875,0.001953154802777142,6.581954882778696,0.0
sample_000825,long_runs,20261808,65536,"{""byte_distribution"":""uniform_without_adjacent_run_duplicates"",""max_run_length"":32,""min_run_length"":8}",65536,7.926334877264926,256,0.0073089599609375,0.002288818359375,0.9502098115510795,20.07843137254902,32,0.24951171875,0.052429999237048906,6.924291303864406,0.07452753742046932
sample_000826,structured,20261809,65536,"{""format"":""jsonl"",""group_count"":16,""value_range"":[0,9999]}",65536,4.5491346064863,31,0.1634521484375,0.0,0.01240558480201419,1.0125612224402454,4,0.35595703125,0.0025024795910582134,4.5370890659219665,0.009882332858059655
sample_000827,mixed,20261810,65536,"{""segments"":[{""generator"":""small_alphabet"",""parameters"":{""alphabet"":[53,153],""alphabet_size"":2,""distribution"":""uniform""},""size"":13108},{""generator"":""long_runs"",""parameters"":{""byte_distribution"":""uniform_without_adjacent_run_duplicates"",""max_run_length"":32,""min_run_length"":8},""size"":13107},{""generator"":""structured"",""parameters"":{""format"":""csv"",""group_count"":16,""value_range"":[0,9999]},""size"":13107},{""generator"":""repeated_pattern"",""parameters"":{""pattern_hex"":""c2108e436be444e4dacd625c89ec97f2"",""pattern_length"":16},""size"":13107},{""generator"":""random"",""parameters"":{""distribution"":""uniform_bytes""},""size"":13107}]}",65536,6.485941015300966,256,0.1139678955078125,0.0015716552734375,0.29825284199282825,1.42500543596434,32,0.224853515625,0.1936369878690776,4.799091922782084,2.3807613118060664
sample_000828,random,20261811,262144,"{""distribution"":""uniform_bytes""}",262144,7.999306561165886,256,0.00424957275390625,0.0038299560546875,0.004001632696657931,1.0040176947088224,3,0.0,0.9815521240234375,7.955073965094502,0.004303212984674424
sample_000829,small_alphabet,20261812,262144,"{""alphabet"":[16,177,225,238],""alphabet_size"":4,""distribution"":""uniform""}",262144,1.9999882541993619,4,0.2515144348144531,0.0,0.25002765666067756,1.333380806811766,9,0.0,0.000244140625,1.999356535737956,0.0004917657953528124
sample_000830,repeated_pattern,20261813,262144,"{""pattern_hex"":""6f57bb1c8dce07db5d252c142565842785657aace699dfbce104252722383db2"",""pattern_length"":32}",262144,4.726409765557392,28,0.09375,0.0,0.0,1.0,1,0.9998779296875,0.00048828125,4.726409765557392,0.0
sample_000831,long_runs,20261814,262144,"{""byte_distribution"":""uniform_without_adjacent_run_duplicates"",""max_run_length"":512,""min_run_length"":128}",262144,7.71282908782921,247,0.015583038330078125,0.00099945068359375,0.9968490480386659,316.9818621523579,512,0.93756103515625,0.0163116455078125,3.6265657453128637,0.13206451908652744
sample_000832,structured,20261815,262144,"{""format"":""csv"",""group_count"":16,""value_range"":[0,9999]}",262144,3.418711058412963,25,0.2048492431640625,0.0,0.04792803927627287,1.050340572161231,5,0.0,0.0024566650390625,3.3708650517311467,0.03969659643115675
sample_000833,mixed,20261816,262144,"{""segments"":[{""generator"":""long_runs"",""parameters"":{""byte_distribution"":""uniform_without_adjacent_run_duplicates"",""max_run_length"":128,""min_run_length"":32},""size"":52429},{""generator"":""repeated_pattern"",""parameters"":{""pattern_hex"":""306fd8ae"",""pattern_length"":4},""size"":52429},{""generator"":""structured"",""parameters"":{""format"":""csv"",""group_count"":16,""value_range"":[0,9999]},""size"":52429},{""generator"":""small_alphabet"",""parameters"":{""alphabet"":[140,170,185,194],""alphabet_size"":4,""distribution"":""uniform""},""size"":52429},{""generator"":""random"",""parameters"":{""distribution"":""uniform_bytes""},""size"":52428}]}",262144,6.369511140084092,256,0.06903076171875,0.001735687255859375,0.2565927756987598,1.3451559934318555,128,0.347412109375,0.556121826171875,4.201367600606205,2.252043775971144
sample_000834,random,20261817,1048576,"{""distribution"":""uniform_bytes""}",1048576,7.999822937626736,256,0.004061698913574219,0.003926277160644531,0.0038423574851584293,1.0038571744497855,3,0.0,1.0,7.954743227535499,0.003693386186917869
sample_000835,small_alphabet,20261818,1048576,"{""alphabet"":[2,6,33,77,101,103,131,147,180,189,192,214,219,221,234,236],""alphabet_size"":16,""distribution"":""uniform""}",1048576,3.999990690727049,16,0.06294631958007812,0.0,0.06241708986004816,1.066572273978845,6,0.0,0.00390625,3.997279347234,0.0009654068162639846
sample_000836,repeated_pattern,20261819,1048576,"{""pattern_hex"":""3a243c23cb61246c4625b1fdd036f976e1b95abb312990c253e6de5d015c2068e3bbf638ac15af7f720a571b9afc8f4cc44c5e029b5bceb639b12bb64851a3ff"",""pattern_length"":64}",1048576,5.84375,59,0.03125,0.0,0.0,1.0,1,0.99993896484375,0.0009765625,5.84375,0.0
sample_000837,long_runs,20261820,1048576,"{""byte_distribution"":""uniform_without_adjacent_run_duplicates"",""max_run_length"":32,""min_run_length"":8}",1048576,7.996350163170123,256,0.0045795440673828125,0.0040493011474609375,0.9499930858546122,19.996872437401073,32,0.315216064453125,0.5516815185546875,6.9399599743995095,0.06276351612098446
sample_000838,structured,20261821,1048576,"{""format"":""log"",""group_count"":16,""value_range"":[0,9999]}",1048576,4.788955023040514,35,0.0877218246459961,0.0,0.016757027394320865,1.017042594361812,4,0.623382568359375,0.00262451171875,4.786948022470038,0.008261599491393217
sample_000839,mixed,20261822,1048576,"{""segments"":[{""generator"":""repeated_pattern"",""parameters"":{""pattern_hex"":""0084d29687bad221e83d0c5cadb74386"",""pattern_length"":16},""size"":209716},{""generator"":""structured"",""parameters"":{""format"":""log"",""group_count"":16,""value_range"":[0,9999]},""size"":209715},{""generator"":""long_runs"",""parameters"":{""byte_distribution"":""uniform_without_adjacent_run_duplicates"",""max_run_length"":2048,""min_run_length"":512},""size"":209715},{""generator"":""small_alphabet"",""parameters"":{""alphabet"":[10,21,68,74,83,109,137,150,169,187,198,201,217,223,243,250],""alphabet_size"":16,""distribution"":""uniform""},""size"":209715},{""generator"":""random"",""parameters"":{""distribution"":""uniform_bytes""},""size"":209715}]}",1048576,7.0997300750663905,256,0.028389930725097656,0.014361381530761719,0.21643754619364375,1.2762221207972007,2048,0.495849609375,0.95965576171875,4.502533227803965,1.9798555521590662
sample_000840,random,20261823,16384,"{""distribution"":""uniform_bytes""}",16384,7.988887130439905,256,0.00543212890625,0.00372314453125,0.004089605078434963,1.00410614696329,2,0.0,0.8845754745773058,7.954580260130409,0.004589381041128323
sample_000841,small_alphabet,20261824,16384,"{""alphabet"":[23,61,153,184],""alphabet_size"":4,""distribution"":""uniform""}",16384,1.9998389180676854,4,0.25396728515625,0.0,0.24507111029725936,1.3246018271485165,7,0.0,0.0009766221082829762,1.9995047671874295,0.0001549683030377176
sample_000842,repeated_pattern,20261825,16384,"{""pattern_hex"":""b98c5bfc44cc5f24a75f73ca7a977d18"",""pattern_length"":16}",16384,3.875,15,0.125,0.0,0.0,1.0,1,0.9990234375,0.0009766221082829762,3.875,0.0
sample_000843,long_runs,20261826,16384,"{""byte_distribution"":""uniform_without_adjacent_run_duplicates"",""max_run_length"":128,""min_run_length"":32}",16384,6.931742207945204,141,0.0260009765625,0.0032958984375,0.9874870292376243,79.53398058252426,128,0.6728515625,0.02111945309161936,5.383986583648192,0.13397656096614238
sample_000844,structured,20261827,16384,"{""format"":""log"",""group_count"":16,""value_range"":[0,9999]}",16384,4.784548558138182,35,0.0875244140625,0.0,0.016724653604345968,1.017008069522036,4,0.1279296875,0.010498687664041995,4.782793515885151,0.007987716060025145
sample_000845,mixed,20261828,16384,"{""segments"":[{""generator"":""long_runs"",""parameters"":{""byte_distribution"":""uniform_without_adjacent_run_duplicates"",""max_run_length"":512,""min_run_length"":128},""size"":3277},{""generator"":""random"",""parameters"":{""distribution"":""uniform_bytes""},""size"":3277},{""generator"":""repeated_pattern"",""parameters"":{""pattern_hex"":""30ce637835b1a9363b452808a9d68d7e883f9615e21a671dd83ee0a798ba8309"",""pattern_length"":32},""size"":3277},{""generator"":""small_alphabet"",""parameters"":{""alphabet"":[2,197],""alphabet_size"":2,""distribution"":""uniform""},""size"":3277},{""generator"":""structured"",""parameters"":{""format"":""csv"",""group_count"":16,""value_range"":[0,9999]},""size"":3276}]}",16384,6.073380944443594,256,0.1029052734375,0.0006103515625,0.3089177806262589,1.4469663516735847,506,0.37890625,0.208203625709577,4.83604916981209,1.5592074081027691
sample_000846,random,20261829,65536,"{""distribution"":""uniform_bytes""}",65536,7.9971556782180215,256,0.004638671875,0.0038909912109375,0.003723201342793927,1.0037370581388225,3,0.0,0.6338445105668726,7.954622387176393,0.003867258761176047
sample_000847,small_alphabet,20261830,65536,"{""alphabet"":[13,41,52,73,74,86,89,128,131,153,163,188,229,235,245,252],""alphabet_size"":16,""distribution"":""uniform""}",65536,3.999788974797817,16,0.0644989013671875,0.0,0.061783779659723814,1.0658513181648153,4,0.0,0.003906309605554284,3.9974843395342257,0.0008308973435327306
sample_000848,repeated_pattern,20261831,65536,"{""pattern_hex"":""38f43772cd9f3d0a8f4572f6f72990f265b040b79c5621c0d0418cb133b6f45c93c3e794caa446cf56efc33ee10b7114ae948f0b328d1d538c723cc31d14caf1af9d72944637eb031735f2e0d7d608c4f61f2ba89af1c5966d3530909727f73edf06555457ff214c84b10e30a114207677d13ef8ada0e09c00ce2d378659a7c6"",""pattern_length"":128}",65536,6.454887206946739,96,0.03125,0.0078125,0.0,1.0,1,0.998046875,0.001953154802777142,6.454887206946739,0.0
sample_000849,long_runs,20261832,65536,"{""byte_distribution"":""uniform_without_adjacent_run_duplicates"",""max_run_length"":32,""min_run_length"":8}",65536,7.934861174146004,256,0.00726318359375,0.0029754638671875,0.9501487754634927,20.053855569155445,32,0.24267578125,0.052567330434119174,6.927188940288642,0.057894777534550475
sample_000850,structured,20261833,65536,"{""format"":""log"",""group_count"":16,""value_range"":[0,9999]}",65536,4.78824598056591,35,0.0877685546875,0.0,0.01696803234912642,1.0172606482056377,4,0.342041015625,0.0026245517662317848,4.786389415768478,0.007166409771129905
sample_000851,mixed,20261834,65536,"{""segments"":[{""generator"":""long_runs"",""parameters"":{""byte_distribution"":""uniform_without_adjacent_run_duplicates"",""max_run_length"":128,""min_run_length"":32},""size"":13108},{""generator"":""small_alphabet"",""parameters"":{""alphabet"":[6,28,48,60,70,93,143,209],""alphabet_size"":8,""distribution"":""uniform""},""size"":13107},{""generator"":""structured"",""parameters"":{""format"":""jsonl"",""group_count"":16,""value_range"":[0,9999]},""size"":13107},{""generator"":""repeated_pattern"",""parameters"":{""pattern_hex"":""4b6c890db66c0c00"",""pattern_length"":8},""size"":13107},{""generator"":""random"",""parameters"":{""distribution"":""uniform_bytes""},""size"":13107}]}",65536,6.771526744225589,256,0.05718994140625,0.0257720947265625,0.2252079041733425,1.2906630954959923,128,0.372802734375,0.18770122835126268,4.910434000340652,1.7180243258133683
sample_000852,random,20261835,262144,"{""distribution"":""uniform_bytes""}",262144,7.999212130963901,256,0.004314422607421875,0.004009246826171875,0.003749861716696612,1.0037639616941274,4,0.0,0.982147216796875,7.955267417603188,0.0041455892615433415
sample_000853,small_alphabet,20261836,262144,"{""alphabet"":[126,140,167,248],""alphabet_size"":4,""distribution"":""uniform""}",262144,1.9999827438939142,4,0.2513389587402344,0.0,0.2482080391236844,1.3301535432671328,8,0.0,0.000244140625,1.9995297273469865,0.0003920054233126632
sample_000854,repeated_pattern,20261837,262144,"{""pattern_hex"":""4d1a05971423c9dc7613150fc33b1bcaaafda49edc35b64eb0f0da3510a50403"",""pattern_length"":32}",262144,4.875,30,0.0625,0.0,0.0,1.0,1,0.9998779296875,0.00048828125,4.875,0.0
sample_000855,long_runs,20261838,262144,"{""byte_distribution"":""uniform_without_adjacent_run_duplicates"",""max_run_length"":512,""min_run_length"":128}",262144,7.746911979636055,248,0.01197052001953125,0.001514434814453125,0.9968490480386659,316.9818621523579,512,0.93780517578125,0.0163116455078125,3.6122866070916277,0.15220048968598454
sample_000856,structured,20261839,262144,"{""format"":""jsonl"",""group_count"":16,""value_range"":[0,9999]}",262144,4.566175537577099,31,0.16144561767578125,0.0,0.012680102081688238,1.0128429024032146,4,0.413330078125,0.00250244140625,4.548685348996373,0.01037116275629152
sample_000857,mixed,20261840,262144,"{""segments"":[{""generator"":""repeated_pattern"",""parameters"":{""pattern_hex"":""7e332b1d5f443ffbfb7c8f5b3fea2718611765d66c19190e31a53a803925f2b6753aec8506e7fab889c1c89648d4a377cb511fc0f0b35063a289434a52f8b205"",""pattern_length"":64},""size"":52429},{""generator"":""random"",""parameters"":{""distribution"":""uniform_bytes""},""size"":52429},{""generator"":""structured"",""parameters"":{""format"":""csv"",""group_count"":16,""value_range"":[0,9999]},""size"":52429},{""generator"":""long_runs"",""parameters"":{""byte_distribution"":""uniform_without_adjacent_run_duplicates"",""max_run_length"":2048,""min_run_length"":512},""size"":52429},{""generator"":""small_alphabet"",""parameters"":{""alphabet"":[6,78,87,139],""alphabet_size"":4,""distribution"":""uniform""},""size"":52428}]}",262144,6.664797806980836,256,0.05428314208984375,0.000885009765625,0.2656756045364553,1.3617940872420116,2011,0.39520263671875,0.5519256591796875,4.2198286747828035,2.3662660978924404
sample_000858,random,20261841,1048576,"{""distribution"":""uniform_bytes""}",1048576,7.999825071385648,256,0.004058837890625,0.003952980041503906,0.003849033211739742,1.0038639018132383,3,0.0,1.0,7.954809354792074,0.004208754253683681
sample_000859,small_alphabet,20261842,1048576,"{""alphabet"":[19,25,34,41,48,64,96,135,141,142,144,178,196,201,211,235],""alphabet_size"":16,""distribution"":""uniform""}",1048576,3.9999878150406043,16,0.06290435791015625,0.0,0.062125265240922205,1.0662404047860912,6,0.0,0.00390625,3.99733121763772,0.0009257339251459724
sample_000860,repeated_pattern,20261843,1048576,"{""pattern_hex"":""c0a3d00ac99b6f557b51fa6d06c14d2c86ae7f7dc1f029211cb0c913c6ecd046"",""pattern_length"":32}",1048576,4.8125,29,0.0625,0.0,0.0,1.0,1,0.999969482421875,0.00048828125,4.8125,0.0
sample_000861,long_runs,20261844,1048576,"{""byte_distribution"":""uniform_without_adjacent_run_duplicates"",""max_run_length"":32,""min_run_length"":8}",1048576,7.996281212310127,256,0.004578590393066406,0.0033750534057617188,0.9498633860238895,19.94514294409678,32,0.3142852783203125,0.55487060546875,6.941396509034879,0.061074583034421315
sample_000862,structured,20261845,1048576,"{""format"":""jsonl"",""group_count"":16,""value_range"":[0,9999]}",1048576,4.57884332420304,31,0.15926551818847656,0.0,0.013767255561118661,1.0139594252228905,5,0.4496612548828125,0.00250244140625,4.555859723928303,0.011603224459435704
sample_000863,mixed,20261846,1048576,"{""segments"":[{""generator"":""long_runs"",""parameters"":{""byte_distribution"":""uniform_without_adjacent_run_duplicates"",""max_run_length"":32,""min_run_length"":8},""size"":209716},{""generator"":""structured"",""parameters"":{""format"":""log"",""group_count"":16,""value_range"":[0,9999]},""size"":209715},{""generator"":""random"",""parameters"":{""distribution"":""uniform_bytes""},""size"":209715},{""generator"":""small_alphabet"",""parameters"":{""alphabet"":[31,141,166,240],""alphabet_size"":4,""distribution"":""uniform""},""size"":209715},{""generator"":""repeated_pattern"",""parameters"":{""pattern_hex"":""efa872f877aaab98e2822f1a73585f27"",""pattern_length"":16},""size"":209715}]}",1048576,6.934761462441796,256,0.05178356170654297,0.0016632080078125,0.24390148534916434,1.3225785701041968,32,0.3587493896484375,0.9656829833984375,5.1450604681759815,2.107628328647304
sample_000864,random,20261847,16384,"{""distribution"":""uniform_bytes""}",16384,7.988482295072746,256,0.00531005859375,0.0037841796875,0.004272721723738021,1.0042907931837686,2,0.0,0.8859183299761948,7.957445132259889,0.004015605868801716
sample_000865,small_alphabet,20261848,16384,"{""alphabet"":[53,114,146,173,179,191,200,253],""alphabet_size"":8,""distribution"":""uniform""}",16384,2.999880147788704,8,0.127685546875,0.0,0.1261063297320393,1.1442938957955022,5,0.0,0.003906488433131905,2.9992890102051986,0.00025342598899437966
sample_000866,repeated_pattern,20261849,16384,"{""pattern_hex"":""659c55c755326d3d920c5e81d68ee851"",""pattern_length"":16}",16384,3.875,15,0.125,0.0,0.0,1.0,1,0.9990234375,0.0009766221082829762,3.875,0.0
sample_000867,long_runs,20261850,16384,"{""byte_distribution"":""uniform_without_adjacent_run_duplicates"",""max_run_length"":2048,""min_run_length"":512}",16384,3.61198702940019,13,0.11370849609375,0.0,0.99920649453702,1170.2857142857142,1841,0.9755859375,0.0015870109259598364,1.8563435558208004,0.20419075275030868
sample_000868,structured,20261851,16384,"{""format"":""log"",""group_count"":16,""value_range"":[0,9999]}",16384,4.788258267577848,35,0.087890625,0.0,0.01593114814136605,1.0161880543323203,3,0.134765625,0.010498687664041995,4.786329479221118,0.00577565189235734
sample_000869,mixed,20261852,16384,"{""segments"":[{""generator"":""long_runs"",""parameters"":{""byte_distribution"":""uniform_without_adjacent_run_duplicates"",""max_run_length"":128,""min_run_length"":32},""size"":3277},{""generator"":""repeated_pattern"",""parameters"":{""pattern_hex"":""88e2bf90e255a0352052e0f67cf3047a65181c59098b9fe69e5a07229fbb7dcf7c906503d97d73a6cdc548ed47b2c62c9c6d237470d36644f174b67917b17642ee8f657ae24bde051c0af4ad8975a0d319df26684ba8d454afb6f528ccf6b70cd21942744b4f207fe1c317688a187b4d50603e5e08f56cdd182e153926c2c79b"",""pattern_length"":128},""size"":3277},{""generator"":""structured"",""parameters"":{""format"":""csv"",""group_count"":16,""value_range"":[0,9999]},""size"":3277},{""generator"":""random"",""parameters"":{""distribution"":""uniform_bytes""},""size"":3277},{""generator"":""small_alphabet"",""parameters"":{""alphabet"":[151,227],""alphabet_size"":2,""distribution"":""uniform""},""size"":3276}]}",16384,6.580289587034644,256,0.10479736328125,0.00048828125,0.30629310871024845,1.4414921696287173,122,0.3115234375,0.21638283586644694,5.564046577203521,1.4858267046605214
sample_000870,random,20261853,65536,"{""distribution"":""uniform_bytes""}",65536,7.997281314721318,256,0.00457763671875,0.0039825439453125,0.0037079423208972303,1.0037216853261453,3,0.0,0.6331578545815213,7.955677265561832,0.002776309586235761
sample_000871,small_alphabet,20261854,65536,"{""alphabet"":[2,3,15,20,54,65,82,123,128,150,163,166,183,207,222,237],""alphabet_size"":16,""distribution"":""uniform""}",65536,3.999902915436878,16,0.064178466796875,0.0,0.06295872434576943,1.067187754437388,6,0.0,0.003906309605554284,3.9973304701337455,0.000978668728231457
sample_000872,repeated_pattern,20261855,65536,"{""pattern_hex"":""5d2c1e5bd8eac2a638440ae689d3cec5"",""pattern_length"":16}",65536,4.0,16,0.0625,0.0,0.0,1.0,1,0.999755859375,0.00024414435034714275,4.0,0.0
sample_000873,long_runs,20261856,65536,"{""byte_distribution"":""uniform_without_adjacent_run_duplicates"",""max_run_length"":32,""min_run_length"":8}",65536,7.937005984564072,256,0.0074920654296875,0.004180908203125,0.9501487754634927,20.053855569155445,32,0.25390625,0.05282673380636301,6.904527514861419,0.061198228154751996
sample_000874,structured,20261857,65536,"{""format"":""csv"",""group_count"":16,""value_range"":[0,9999]}",65536,3.417552911873305,25,0.2138671875,0.0,0.04644846265354391,1.0487102349100685,4,0.0,0.002456702525368124,3.384323121192965,0.029205872141661166
sample_000875,mixed,20261858,65536,"{""segments"":[{""generator"":""small_alphabet"",""parameters"":{""alphabet"":[6,117,122,203],""alphabet_size"":4,""distribution"":""uniform""},""size"":13108},{""generator"":""long_runs"",""parameters"":{""byte_distribution"":""uniform_without_adjacent_run_duplicates"",""max_run_length"":512,""min_run_length"":128},""size"":13107},{""generator"":""structured"",""parameters"":{""format"":""log"",""group_count"":16,""value_range"":[0,9999]},""size"":13107},{""generator"":""random"",""parameters"":{""distribution"":""uniform_bytes""},""size"":13107},{""generator"":""repeated_pattern"",""parameters"":{""pattern_hex"":""f2194ae4cb407587e1556acb551fbb854fe7d5f11dbcbc8da5f88fe22dc7f9b71d2fbbf851b100d722b26e3d74d82f1305d2b02e05dc0e8a1832da2396934ebb"",""pattern_length"":64},""size"":13107}]}",65536,6.838934488553509,256,0.0630645751953125,0.00384521484375,0.2566414892805371,1.345238828335078,506,0.406005859375,0.18588540474555582,4.949659279266844,1.9730947361825533
sample_000876,random,20261859,262144,"{""distribution"":""uniform_bytes""}",262144,7.999275102949207,256,0.0042877197265625,0.003925323486328125,0.004131332898456186,1.0041484557249072,3,0.0,0.9805450439453125,7.953810160955164,0.003939866499255747
sample_000877,small_alphabet,20261860,262144,"{""alphabet"":[124,127,133,161,172,192,199,226],""alphabet_size"":8,""distribution"":""uniform""}",262144,2.9999852105339224,8,0.12598800659179688,0.0,0.12560701601797492,1.1436499038029466,7,0.0,0.0009765625,2.998648273105425,0.0007033547303182032
sample_000878,repeated_pattern,20261861,262144,"{""pattern_hex"":""20b16c34b788824551fbdf705a428aa67bf80ed948b27e3e123faec9b33f8a147c135e70319cc8a0bbf618d55662fe0bcbc78d8ddc8a58bbeca4d74bfd85a1a9f69ebcd14994667b694645a6028f2035fa52d40ba3abdbaa287be188891ca2eb99253ea94ce810a5750766d38c1cfbda975aac96ec6b080c5e9021af742d88ef"",""pattern_length"":128}",262144,6.622932324168044,105,0.0234375,0.0,0.007812529802436075,1.0078740157480315,2,0.99951171875,0.001953125,6.622932324168044,0.0
sample_000879,long_runs,20261862,262144,"{""byte_distribution"":""uniform_without_adjacent_run_duplicates"",""max_run_length"":512,""min_run_length"":128}",262144,7.742832963544646,246,0.010223388671875,0.00698089599609375,0.9969100834277475,323.2355117139334,512,0.93902587890625,0.0160369873046875,3.6081859782509493,0.12672457941534865
sample_000880,structured,20261863,262144,"{""format"":""jsonl"",""group_count"":16,""value_range"":[0,9999]}",262144,4.566992527931129,31,0.16143417358398438,0.0,0.012466478219902877,1.0126238044469167,4,0.4134521484375,0.00250244140625,4.549684909600846,0.010745003197547384
sample_000881,mixed,20261864,262144,"{""segments"":[{""generator"":""repeated_pattern"",""parameters"":{""pattern_hex"":""0f71d5c76d0956ada55ea2defce7041aa1146ba923a93f9977fba2ba4c4496ab712b56ecfbe4c2a54d2cf2317ae66259ed033555ed9b955bbece0c0a5ec7a5f0"",""pattern_length"":64},""size"":52429},{""generator"":""random"",""parameters"":{""distribution"":""uniform_bytes""},""size"":52429},{""generator"":""structured"",""parameters"":{""format"":""jsonl"",""group_count"":16,""value_range"":[0,9999]},""size"":52429},{""generator"":""long_runs"",""parameters"":{""byte_distribution"":""uniform_without_adjacent_run_duplicates"",""max_run_length"":128,""min_run_length"":32},""size"":52429},{""generator"":""small_alphabet"",""parameters"":{""alphabet"":[18,26,46,63,67,104,120,126,128,131,172,213,229,235,243,248],""alphabet_size"":16,""distribution"":""uniform""},""size"":52428}]}",262144,7.358633372411988,256,0.03368377685546875,0.001316070556640625,0.21324239060360184,1.2710381877775838,128,0.41778564453125,0.55853271484375,5.54126855188044,1.3472252437414967
sample_000882,random,20261865,1048576,"{""distribution"":""uniform_bytes""}",1048576,7.999828562225784,256,0.004050254821777344,0.003926277160644531,0.00391102210142336,1.0039263744943632,3,0.0,1.0,7.954381874053727,0.003753563773218116
sample_000883,small_alphabet,20261866,1048576,"{""alphabet"":[11,15,20,42,84,119,183,228],""alphabet_size"":8,""distribution"":""uniform""}",1048576,2.9999920370196467,8,0.1256999969482422,0.0,0.12514507784374032,1.143046507774551,8,0.0,0.0009765625,2.9987829873596463,0.000650714737130394
sample_000884,repeated_pattern,20261867,1048576,"{""pattern_hex"":""8353f0551765a0adef7520de1dbfc9c2a9bfb47e8a99690f2145272562474f2252b1b4bacd99c91273841d13ea4907da01f3fd4340ab1ecd752e471921d6b848"",""pattern_length"":64}",1048576,5.71875,55,0.03125,0.0,0.0,1.0,1,0.99993896484375,0.0009765625,5.71875,0.0
sample_000885,long_runs,20261868,1048576,"{""byte_distribution"":""uniform_without_adjacent_run_duplicates"",""max_run_length"":512,""min_run_length"":128}",1048576,7.933185363944211,256,0.007319450378417969,0.0028009414672851562,0.9968824356865269,320.66544342507643,512,0.949066162109375,0.05242919921875,3.605689572660687,0.1552600329277673
sample_000886,structured,20261869,1048576,"{""format"":""jsonl"",""group_count"":16,""value_range"":[0,9999]}",1048576,4.579136187599763,31,0.15923690795898438,0.0,0.013772023937248171,1.01396432767482,5,0.4496307373046875,0.00250244140625,4.556269761474794,0.011800518305507013
sample_000887,mixed,20261870,1048576,"{""segments"":[{""generator"":""random"",""parameters"":{""distribution"":""uniform_bytes""},""size"":209716},{""generator"":""repeated_pattern"",""parameters"":{""pattern_hex"":""878475fd"",""pattern_length"":4},""size"":209715},{""generator"":""small_alphabet"",""parameters"":{""alphabet"":[35,237],""alphabet_size"":2,""distribution"":""uniform""},""size"":209715},{""generator"":""structured"",""parameters"":{""format"":""jsonl"",""group_count"":16,""value_range"":[0,9999]},""size"":209715},{""generator"":""long_runs"",""parameters"":{""byte_distribution"":""uniform_without_adjacent_run_duplicates"",""max_run_length"":128,""min_run_length"":32},""size"":209715}]}",1048576,6.362943991713562,256,0.10169219970703125,0.0014657974243164062,0.3007596023174308,1.430122734780219,128,0.4577789306640625,0.9611358642578125,4.198418482477997,2.470372797119807
sample_000888,random,20261871,16384,"{""distribution"":""uniform_bytes""}",16384,7.989558698480697,256,0.00531005859375,0.003662109375,0.004699993896111823,1.0047218985711657,3,0.0,0.8881767686015992,7.955575390143964,0.004415824290096258
sample_000889,small_alphabet,20261872,16384,"{""alphabet"":[12,15,17,42,63,95,120,124,149,165,174,181,199,208,221,246],""alphabet_size"":16,""distribution"":""uniform""}",16384,3.999030661688197,16,0.0660400390625,0.0,0.06097784288591833,1.0649333766655833,4,0.0,0.01562595373252762,3.99744739296613,0.00033266850287806183
sample_000890,repeated_pattern,20261873,16384,"{""pattern_hex"":""8476dba0fbc05cec207f82379f177210d9de250e2652a2f2def32f20d26c6d63"",""pattern_length"":32}",16384,4.875,30,0.0625,0.0,0.0,1.0,1,0.998046875,0.0019532442165659525,4.875,0.0
sample_000891,long_runs,20261874,16384,"{""byte_distribution"":""uniform_without_adjacent_run_duplicates"",""max_run_length"":2048,""min_run_length"":512}",16384,3.65784571827532,14,0.116455078125,0.0,0.99920649453702,1170.2857142857142,1908,0.974609375,0.0016480498077275224,1.8467316168287822,0.3032894520343488
sample_000892,structured,20261875,16384,"{""format"":""csv"",""group_count"":16,""value_range"":[0,9999]}",16384,3.3979508880769664,25,0.2242431640625,0.0,0.048037599951168894,1.0504584214913124,4,0.0,0.009827259964597448,3.3816787784249005,0.03882832702238337
sample_000893,mixed,20261876,16384,"{""segments"":[{""generator"":""long_runs"",""parameters"":{""byte_distribution"":""uniform_without_adjacent_run_duplicates"",""max_run_length"":2048,""min_run_length"":512},""size"":3277},{""generator"":""small_alphabet"",""parameters"":{""alphabet"":[115,126,181,228],""alphabet_size"":4,""distribution"":""uniform""},""size"":3277},{""generator"":""random"",""parameters"":{""distribution"":""uniform_bytes""},""size"":3277},{""generator"":""repeated_pattern"",""parameters"":{""pattern_hex"":""9a2439597ed828d0"",""pattern_length"":8},""size"":3277},{""generator"":""structured"",""parameters"":{""format"":""csv"",""group_count"":16,""value_range"":[0,9999]},""size"":3276}]}",16384,5.5677577199457815,256,0.115478515625,0.00067138671875,0.2584996642861503,1.3485883611819902,1873,0.39453125,0.20588414820240494,4.248261203343471,1.5053016848441525
sample_000894,random,20261877,65536,"{""distribution"":""uniform_bytes""}",65536,7.996999132589742,256,0.0046234130859375,0.003631591796875,0.0036621652552071412,1.0036755697133055,3,0.0,0.6320134279392691,7.953403887984271,0.0027042653529860084
sample_000895,small_alphabet,20261878,65536,"{""alphabet"":[67,91],""alphabet_size"":2,""distribution"":""uniform""}",65536,0.9999945583545957,2,0.501373291015625,0.0,0.49965667200732433,1.9985971760544052,17,0.02880859375,6.103608758678569e-05,0.9998269265447295,0.00019726840026433894
sample_000896,repeated_pattern,20261879,65536,"{""pattern_hex"":""2d6df831"",""pattern_length"":4}",65536,2.0,4,0.25,0.0,0.0,1.0,1,0.999755859375,6.103608758678569e-05,2.0,0.0
sample_000897,long_runs,20261880,65536,"{""byte_distribution"":""uniform_without_adjacent_run_duplicates"",""max_run_length"":128,""min_run_length"":32}",65536,7.729080997281837,243,0.01055908203125,0.0029296875,0.9875791561760892,80.41226993865031,128,0.75537109375,0.016083009079118027,5.408581703580638,0.08336150951270457
sample_000898,structured,20261881,65536,"{""format"":""jsonl"",""group_count"":16,""value_range"":[0,9999]}",65536,4.5472191412433025,31,0.163604736328125,0.0,0.012298771648737316,1.0124517225397807,4,0.353271484375,0.0025024795910582134,4.534071161175101,0.009895324720129169
sample_000899,mixed,20261882,65536,"{""segments"":[{""generator"":""repeated_pattern"",""parameters"":{""pattern_hex"":""3862ca30cad6e60e4e3349dddebc430056a7523b53182506e899987b7141839bd163539c5b671d8463a38d2f1092f8a6baee99d624f797051a807e2c5afce989ad00175378e81b0b7bc5c7cf3c6526ac39e5ea3710b299dd74e3cf200ed4add9dfd5f3ad007c58e5b2960a718e995bd5f8d26265bfe487d977b9fc36dd680138"",""pattern_length"":128},""size"":13108},{""generator"":""random"",""parameters"":{""distribution"":""uniform_bytes""},""size"":13107},{""generator"":""structured"",""parameters"":{""format"":""jsonl"",""group_count"":16,""value_range"":[0,9999]},""size"":13107},{""generator"":""small_alphabet"",""parameters"":{""alphabet"":[16,24,76,195],""alphabet_size"":4,""distribution"":""uniform""},""size"":13107},{""generator"":""long_runs"",""parameters"":{""byte_distribution"":""uniform_without_adjacent_run_duplicates"",""max_run_length"":128,""min_run_length"":32},""size"":13107}]}",65536,7.060251742119623,256,0.05517578125,0.0056304931640625,0.25256733043411916,1.3379062551037073,128,0.379150390625,0.18857099259937438,5.417132780578374,1.8649093456299755
sample_000900,random,20261883,262144,"{""distribution"":""uniform_bytes""}",262144,7.999372542631056,256,0.00418853759765625,0.003780364990234375,0.003807082393960548,1.0038216170264909,3,0.0,0.9815673828125,7.954256762828883,0.004110830300989492
sample_000901,small_alphabet,20261884,262144,"{""alphabet"":[44,123],""alphabet_size"":2,""distribution"":""uniform""}",262144,0.9999989912392211,2,0.5005912780761719,0.0,0.5012683916793506,2.005078782316047,19,0.114990234375,6.103515625e-05,0.9997953736441912,0.0002877496771000575
sample_000902,repeated_pattern,20261885,262144,"{""pattern_hex"":""44fc0d7a142f5c3c909605dd41469d6272ce0088ad7deca2925b50deee6aa6ff8552268306ada105bc501106d16bd96565c896a2fa7256919549c6455b30c5d5"",""pattern_length"":64}",262144,5.71875,55,0.03125,0.015625,0.01562505960487215,1.0158730158730158,2,0.999755859375,0.0009765625,5.71875,0.0
sample_000903,long_runs,20261886,262144,"{""byte_distribution"":""uniform_without_adjacent_run_duplicates"",""max_run_length"":32,""min_run_length"":8}",262144,7.981826543721716,256,0.00614166259765625,0.00418853759765625,0.9501188282731181,20.046187963600214,32,0.2957763671875,0.184844970703125,6.928141498975084,0.05570807494312002
sample_000904,structured,20261887,262144,"{""format"":""jsonl"",""group_count"":16,""value_range"":[0,9999]}",262144,4.566670122255284,31,0.16139984130859375,0.0,0.012729693335316983,1.0128937779890035,4,0.4154052734375,0.00250244140625,4.54933140289595,0.011835683566695098
sample_000905,mixed,20261888,262144,"{""segments"":[{""generator"":""long_runs"",""parameters"":{""byte_distribution"":""uniform_without_adjacent_run_duplicates"",""max_run_length"":32,""min_run_length"":8},""size"":52429},{""generator"":""structured"",""parameters"":{""format"":""jsonl"",""group_count"":16,""value_range"":[0,9999]},""size"":52429},{""generator"":""repeated_pattern"",""parameters"":{""pattern_hex"":""4a7d729c59f2d62e"",""pattern_length"":8},""size"":52429},{""generator"":""small_alphabet"",""parameters"":{""alphabet"":[39,51,66,76,78,185,202,204],""alphabet_size"":8,""distribution"":""uniform""},""size"":52429},{""generator"":""random"",""parameters"":{""distribution"":""uniform_bytes""},""size"":52428}]}",262144,6.888602357701704,256,0.034515380859375,0.0016021728515625,0.21830832789736898,1.2792754104120714,32,0.3104248046875,0.572967529296875,5.13079582506778,2.0106468253835565
sample_000906,random,20261889,1048576,"{""distribution"":""uniform_bytes""}",1048576,7.999809285278103,256,0.004077911376953125,0.003910064697265625,0.003896716973034833,1.0039119570316615,3,0.0,1.0,7.9545736475398705,0.004145404675205825
sample_000907,small_alphabet,20261890,1048576,"{""alphabet"":[39,155,157,221],""alphabet_size"":4,""distribution"":""uniform""}",1048576,1.999996694143261,4,0.2505512237548828,0.0,0.24960923157618672,1.3326385729282373,10,0.0,0.000244140625,1.9994866597273324,0.00041774821984804375
sample_000908,repeated_pattern,20261891,1048576,"{""pattern_hex"":""7f1e6d57a82fbf6f"",""pattern_length"":8}",1048576,3.0,8,0.125,0.0,0.0,1.0,1,0.9999847412109375,0.0001220703125,3.0,0.0
sample_000909,long_runs,20261892,1048576,"{""byte_distribution"":""uniform_without_adjacent_run_duplicates"",""max_run_length"":512,""min_run_length"":128}",1048576,7.936467207959873,256,0.007803916931152344,0.0020208358764648438,0.9968967408149155,322.1431643625192,512,0.9496917724609375,0.052581787109375,3.597540263028422,0.14790311026296538
sample_000910,structured,20261893,1048576,"{""format"":""log"",""group_count"":16,""value_range"":[0,9999]}",1048576,4.789179628743555,35,0.08771896362304688,0.0,0.01663400329017953,1.0169153572668537,4,0.6230926513671875,0.00262451171875,4.787113723258817,0.0077536384074013585
sample_000911,mixed,20261894,1048576,"{""segments"":[{""generator"":""small_alphabet"",""parameters"":{""alphabet"":[36,111,127,160,197,221,240,251],""alphabet_size"":8,""distribution"":""uniform""},""size"":209716},{""generator"":""long_runs"",""parameters"":{""byte_distribution"":""uniform_without_adjacent_run_duplicates"",""max_run_length"":128,""min_run_length"":32},""size"":209715},{""generator"":""random"",""parameters"":{""distribution"":""uniform_bytes""},""size"":209715},{""generator"":""repeated_pattern"",""parameters"":{""pattern_hex"":""b1b2fd3e"",""pattern_length"":4},""size"":209715},{""generator"":""structured"",""parameters"":{""format"":""jsonl"",""group_count"":16,""value_range"":[0,9999]},""size"":209715}]}",1048576,6.741342381053048,256,0.05199623107910156,0.0014085769653320312,0.22572252819302385,1.2915263047042145,128,0.44091796875,0.961944580078125,4.59182002705522,2.0519966094963267
sample_000912,random,20261895,16384,"{""distribution"":""uniform_bytes""}",16384,7.987642170833294,256,0.00531005859375,0.004150390625,0.005127266068485625,1.005153374233129,3,0.0,0.8795092473905878,7.953768707117232,0.0008272813723506759
sample_000913,small_alphabet,20261896,16384,"{""alphabet"":[34,153,201,209],""alphabet_size"":4,""distribution"":""uniform""}",16384,1.9999414062158456,4,0.252685546875,0.0,0.2443996825978148,1.3234248788368337,7,0.0,0.0009766221082829762,1.999380234476439,0.0003178989768973957
sample_000914,repeated_pattern,20261897,16384,"{""pattern_hex"":""45c6225dbf069d09"",""pattern_length"":8}",16384,3.0,8,0.125,0.0,0.0,1.0,1,0.9990234375,0.0004883110541414881,3.0,0.0
sample_000915,long_runs,20261898,16384,"{""byte_distribution"":""uniform_without_adjacent_run_duplicates"",""max_run_length"":512,""min_run_length"":128}",16384,5.434552725152389,47,0.04620361328125,0.0,0.9970090947933834,327.68,509,0.9091796875,0.0058597326496978575,3.5565109701154083,0.09668543638457794
sample_000916,structured,20261899,16384,"{""format"":""jsonl"",""group_count"":16,""value_range"":[0,9999]}",16384,4.53507463567634,31,0.1650390625,0.0,0.011109076481718855,1.0112331810887545,3,0.283203125,0.010010376609900506,4.530824804357287,0.01271665730923837
sample_000917,mixed,20261900,16384,"{""segments"":[{""generator"":""long_runs"",""parameters"":{""byte_distribution"":""uniform_without_adjacent_run_duplicates"",""max_run_length"":2048,""min_run_length"":512},""size"":3277},{""generator"":""random"",""parameters"":{""distribution"":""uniform_bytes""},""size"":3277},{""generator"":""small_alphabet"",""parameters"":{""alphabet"":[29,192],""alphabet_size"":2,""distribution"":""uniform""},""size"":3277},{""generator"":""repeated_pattern"",""parameters"":{""pattern_hex"":""b0a167aafa285456c1c1c1ba22bc3f4fab8c6ad30898a8cc410d647710c1ce5915da4cd877440ece8a077ca28e644e5cc01ab57cc1ef815e9fc6933b5ade51a2"",""pattern_length"":64},""size"":3277},{""generator"":""structured"",""parameters"":{""format"":""csv"",""group_count"":16,""value_range"":[0,9999]},""size"":3276}]}",16384,5.846725719267881,256,0.16485595703125,0.00079345703125,0.3152047854483306,1.4602495543672014,1399,0.388671875,0.20905817005432462,4.754339364271241,0.8631132024543373
sample_000918,random,20261901,65536,"{""distribution"":""uniform_bytes""}",65536,7.996827989438232,256,0.0046234130859375,0.0038604736328125,0.0039673456931410694,1.0039830871989706,3,0.0,0.6329289692530708,7.953284092214824,0.003945034565164938
sample_000919,small_alphabet,20261902,65536,"{""alphabet"":[4,119],""alphabet_size"":2,""distribution"":""uniform""}",65536,0.9999930105062924,2,0.501556396484375,0.0,0.4989547570000763,1.9957974236379694,15,0.0302734375,6.103608758678569e-05,0.9998039214260007,0.00020243037135152142
sample_000920,repeated_pattern,20261903,65536,"{""pattern_hex"":""1e02bb70ec14292beab4782c0510db7b"",""pattern_length"":16}",65536,4.0,16,0.0625,0.0,0.0,1.0,1,0.999755859375,0.00024414435034714275,4.0,0.0
sample_000921,long_runs,20261904,65536,"{""byte_distribution"":""uniform_without_adjacent_run_duplicates"",""max_run_length"":32,""min_run_length"":8}",65536,7.931890957405181,256,0.0076904296875,0.0036773681640625,0.9497672999160753,19.901609474643184,32,0.240966796875,0.05305561913481346,6.9352292445568695,0.05485189610005484
sample_000922,structured,20261905,65536,"{""format"":""jsonl"",""group_count"":16,""value_range"":[0,9999]}",65536,4.550376841149622,31,0.1634521484375,0.0,0.012527656977187763,1.0126863941899096,4,0.355712890625,0.0025024795910582134,4.538216752461127,0.010964593651810264
sample_000923,mixed,20261906,65536,"{""segments"":[{""generator"":""repeated_pattern"",""parameters"":{""pattern_hex"":""d6e892714cb54317"",""pattern_length"":8},""size"":13108},{""generator"":""small_alphabet"",""parameters"":{""alphabet"":[6,47,77,124,139,180,207,245],""alphabet_size"":8,""distribution"":""uniform""},""size"":13107},{""generator"":""random"",""parameters"":{""distribution"":""uniform_bytes""},""size"":13107},{""generator"":""long_runs"",""parameters"":{""byte_distribution"":""uniform_without_adjacent_run_duplicates"",""max_run_length"":2048,""min_run_length"":512},""size"":13107},{""generator"":""structured"",""parameters"":{""format"":""log"",""group_count"":16,""value_range"":[0,9999]},""size"":13107}]}",65536,6.430661394389368,256,0.041961669921875,0.000823974609375,0.22948043030441748,1.2978196724557896,1974,0.416259765625,0.18504615854123752,4.295779282123825,1.9277435901661606
sample_000924,random,20261907,262144,"{""distribution"":""uniform_bytes""}",262144,7.999251768296747,256,0.00423431396484375,0.00406646728515625,0.004058853373921867,1.0040753791941168,3,0.0,0.981597900390625,7.954875112409785,0.0036491217799818915
sample_000925,small_alphabet,20261908,262144,"{""alphabet"":[3,58,207,218],""alphabet_size"":4,""distribution"":""uniform""}",262144,1.999991553894521,4,0.2510185241699219,0.0,0.2505273839087826,1.3342698630834224,11,0.0,0.000244140625,1.999495106022654,0.00042097675529145827
sample_000926,repeated_pattern,20261909,262144,"{""pattern_hex"":""4e069c0f7f1a755d0460a7de556808b9e84d9b1841aa4971a27b967c9c70613b"",""pattern_length"":32}",262144,4.9375,31,0.0625,0.0,0.0,1.0,1,0.9998779296875,0.00048828125,4.9375,0.0
sample_000927,long_runs,20261910,262144,"{""byte_distribution"":""uniform_without_adjacent_run_duplicates"",""max_run_length"":512,""min_run_length"":128}",262144,7.704834655658585,240,0.010967254638671875,0.001743316650390625,0.9968986392922946,322.04422604422604,512,0.9395751953125,0.016021728515625,3.6095499995894795,0.14254472661138143
sample_000928,structured,20261911,262144,"{""format"":""log"",""group_count"":16,""value_range"":[0,9999]}",262144,4.7897290000946535,35,0.08776473999023438,0.0,0.016540590441095127,1.0168187178054986,4,0.52410888671875,0.00262451171875,4.788046312478841,0.006659259883467845
sample_000929,mixed,20261912,262144,"{""segments"":[{""generator"":""long_runs"",""parameters"":{""byte_distribution"":""uniform_without_adjacent_run_duplicates"",""max_run_length"":128,""min_run_length"":32},""size"":52429},{""generator"":""random"",""parameters"":{""distribution"":""uniform_bytes""},""size"":52429},{""generator"":""small_alphabet"",""parameters"":{""alphabet"":[49,228],""alphabet_size"":2,""distribution"":""uniform""},""size"":52429},{""generator"":""repeated_pattern"",""parameters"":{""pattern_hex"":""845e0b0a"",""pattern_length"":4},""size"":52429},{""generator"":""structured"",""parameters"":{""format"":""jsonl"",""group_count"":16,""value_range"":[0,9999]},""size"":52428}]}",262144,6.325953464315573,256,0.10641098022460938,0.002002716064453125,0.3005840323792739,1.4297619826777495,128,0.419677734375,0.5567626953125,4.223809677621574,2.435435342763514
sample_000930,random,20261913,1048576,"{""distribution"":""uniform_bytes""}",1048576,7.999830668642962,256,0.00409698486328125,0.003928184509277344,0.004064563812793553,1.0040811480072085,3,0.0,1.0,7.954473635236605,0.00403079470149297
sample_000931,small_alphabet,20261914,1048576,"{""alphabet"":[13,20,45,46,95,111,170,248],""alphabet_size"":8,""distribution"":""uniform""}",1048576,2.999995061919066,8,0.12545299530029297,0.0,0.1251946689554872,1.143111304916603,7,0.0,0.0009765625,2.9988336359320042,0.0006140013746864698
sample_000932,repeated_pattern,20261915,1048576,"{""pattern_hex"":""e544a32dc50ab1dc8d42c89bffd4df57"",""pattern_length"":16}",1048576,4.0,16,0.0625,0.0,0.0,1.0,1,0.9999847412109375,0.000244140625,4.0,0.0
sample_000933,long_runs,20261916,1048576,"{""byte_distribution"":""uniform_without_adjacent_run_duplicates"",""max_run_length"":512,""min_run_length"":128}",1048576,7.94988666013836,256,0.007232666015625,0.0031757354736328125,0.996891972438786,321.64907975460125,512,0.9493255615234375,0.0524749755859375,3.6044366070221536,0.15031215975731504
sample_000934,structured,20261917,1048576,"{""format"":""jsonl"",""group_count"":16,""value_range"":[0,9999]}",1048576,4.57863083131063,31,0.15926074981689453,0.0,0.013750089407052428,1.0139417767884598,5,0.4487762451171875,0.00250244140625,4.555934675421696,0.011756800855793805
sample_000935,mixed,20261918,1048576,"{""segments"":[{""generator"":""structured"",""parameters"":{""format"":""log"",""group_count"":16,""value_range"":[0,9999]},""size"":209716},{""generator"":""repeated_pattern"",""parameters"":{""pattern_hex"":""ed6c1188cae4e52753c6f40a970fef5f5ef6d102b06de76bcfb1120e9c7ac83630bebc473180025034976a4101b15e6b1c7dd058f464d0f8c2dd49d4f984c498"",""pattern_length"":64},""size"":209715},{""generator"":""small_alphabet"",""parameters"":{""alphabet"":[101,217],""alphabet_size"":2,""distribution"":""uniform""},""size"":209715},{""generator"":""long_runs"",""parameters"":{""byte_distribution"":""uniform_without_adjacent_run_duplicates"",""max_run_length"":128,""min_run_length"":32},""size"":209715},{""generator"":""random"",""parameters"":{""distribution"":""uniform_bytes""},""size"":209715}]}",1048576,6.895557518842743,256,0.1105794906616211,0.001407623291015625,0.3015969291657726,1.4318373299432359,128,0.4775543212890625,0.9605255126953125,5.000637242026351,2.249900500912584
sample_000936,random,20261919,16384,"{""distribution"":""uniform_bytes""}",16384,7.989359666225037,256,0.005126953125,0.004638671875,0.003296099615455045,1.0033067973055725,2,0.0,0.8867728743209424,7.958191645413745,0.004810887831879181
sample_000937,small_alphabet,20261920,16384,"{""alphabet"":[188,202,226,229],""alphabet_size"":4,""distribution"":""uniform""}",16384,1.9999533531927984,4,0.25274658203125,0.0,0.24934383202099739,1.332140824457273,7,0.0,0.0009766221082829762,1.999484433509056,0.0002901211356512976
sample_000938,repeated_pattern,20261921,16384,"{""pattern_hex"":""4a692552"",""pattern_length"":4}",16384,2.0,4,0.25,0.0,0.0,1.0,1,0.9990234375,0.00024415552707074406,2.0,0.0
sample_000939,long_runs,20261922,16384,"{""byte_distribution"":""uniform_without_adjacent_run_duplicates"",""max_run_length"":512,""min_run_length"":128}",16384,5.3452728539721654,45,0.0604248046875,0.0,0.996887017029848,315.0769230769231,511,0.91015625,0.0058597326496978575,3.6050338577883494,0.09876359119855851
sample_000940,structured,20261923,16384,"{""format"":""jsonl"",""group_count"":16,""value_range"":[0,9999]}",16384,4.531970531744256,31,0.1650390625,0.0,0.011658426417628029,1.0117952201568579,3,0.2646484375,0.010010376609900506,4.528857408123166,0.009747925356879569
sample_000941,mixed,20261924,16384,"{""segments"":[{""generator"":""structured"",""parameters"":{""format"":""csv"",""group_count"":16,""value_range"":[0,9999]},""size"":3277},{""generator"":""long_runs"",""parameters"":{""byte_distribution"":""uniform_without_adjacent_run_duplicates"",""max_run_length"":32,""min_run_length"":8},""size"":3277},{""generator"":""repeated_pattern"",""parameters"":{""pattern_hex"":""ff3d5c1aae6d6bff017d7e3e4b364656"",""pattern_length"":16},""size"":3277},{""generator"":""small_alphabet"",""parameters"":{""alphabet"":[229,250],""alphabet_size"":2,""distribution"":""uniform""},""size"":3277},{""generator"":""random"",""parameters"":{""distribution"":""uniform_bytes""},""size"":3276}]}",16384,6.449216596771196,256,0.10516357421875,0.00311279296875,0.2964048098638833,1.421235253296322,32,0.203125,0.22120490752609412,5.260495990593421,1.6193541596708783
sample_000942,random,20261925,65536,"{""distribution"":""uniform_bytes""}",65536,7.997032497160783,256,0.0045623779296875,0.003997802734375,0.004043640802624552,1.0040599960166077,3,0.0,0.6335088120851453,7.954938592699061,0.003802687657130954
sample_000943,small_alphabet,20261926,65536,"{""alphabet"":[37,39,113,148,166,192,215,240],""alphabet_size"":8,""distribution"":""uniform""}",65536,2.999940588014855,8,0.1270294189453125,0.0,0.12565804531929503,1.1437147693757526,6,0.0,0.000976577401388571,2.9989052445386397,0.0005723210693779927
sample_000944,repeated_pattern,20261927,65536,"{""pattern_hex"":""42cbc4fa"",""pattern_length"":4}",65536,2.0,4,0.25,0.0,0.0,1.0,1,0.999755859375,6.103608758678569e-05,2.0,0.0
sample_000945,long_runs,20261928,65536,"{""byte_distribution"":""uniform_without_adjacent_run_duplicates"",""max_run_length"":2048,""min_run_length"":512}",65536,5.5321906181768075,50,0.04034423828125,0.0,0.9992217898832685,1260.3076923076924,2043,0.9765625,0.0015411612115663385,1.8393347752281102,0.234100650619433
sample_000946,structured,20261929,65536,"{""format"":""log"",""group_count"":16,""value_range"":[0,9999]}",65536,4.787803201130849,35,0.08770751953125,0.0,0.016647592889295796,1.0169291644037552,4,0.337158203125,0.0026245517662317848,4.785887580761814,0.007621348512772154
sample_000947,mixed,20261930,65536,"{""segments"":[{""generator"":""small_alphabet"",""parameters"":{""alphabet"":[11,45,88,187],""alphabet_size"":4,""distribution"":""uniform""},""size"":13108},{""generator"":""random"",""parameters"":{""distribution"":""uniform_bytes""},""size"":13107},{""generator"":""long_runs"",""parameters"":{""byte_distribution"":""uniform_without_adjacent_run_duplicates"",""max_run_length"":512,""min_run_length"":128},""size"":13107},{""generator"":""repeated_pattern"",""parameters"":{""pattern_hex"":""c20053dc350c0ca00b357a1ab71b342fe573b9a62ba7109ce6b47ebfbce1f0b16a3ea5b543ee805b847f7657b882f715cdb8e42acffb5dc5f02a3a102ae37d9990d288cd4c1bc06fe31135b285d8e51316372791bd2961d9daff0758bae7d9d88407eee91749dfa31b34cde00f0852d573b3286a3c11796f33289f9a4fd3733a"",""pattern_length"":128},""size"":13107},{""generator"":""structured"",""parameters"":{""format"":""csv"",""group_count"":16,""value_range"":[0,9999]},""size"":13107}]}",65536,6.769134250797879,256,0.0538482666015625,0.002532958984375,0.25963225757228964,1.3506729045155705,507,0.37890625,0.18651102464332037,4.843945991903177,2.0825924781803193
sample_000948,random,20261931,262144,"{""distribution"":""uniform_bytes""}",262144,7.999379704094813,256,0.004222869873046875,0.003704071044921875,0.004085556356645037,1.0041023008890233,3,0.0,0.98175048828125,7.954676589310277,0.004171475834653578
sample_000949,small_alphabet,20261932,262144,"{""alphabet"":[90,192],""alphabet_size"":2,""distribution"":""uniform""}",262144,0.9999973335954617,2,0.5009613037109375,0.0,0.5008831057857734,2.003531003278789,16,0.11663818359375,6.103515625e-05,0.9997624144634863,0.000373326244255621
sample_000950,repeated_pattern,20261933,262144,"{""pattern_hex"":""f645d56f4fbea555"",""pattern_length"":8}",262144,3.0,8,0.125,0.0,0.0,1.0,1,0.99993896484375,0.0001220703125,3.0,0.0
sample_000951,long_runs,20261934,262144,"{""byte_distribution"":""uniform_without_adjacent_run_duplicates"",""max_run_length"":512,""min_run_length"":128}",262144,7.727565349753082,245,0.013744354248046875,0.002849578857421875,0.9968948245804771,321.64907975460125,512,0.9385986328125,0.016082763671875,3.58957239765528,0.1328596665187646
sample_000952,structured,20261935,262144,"{""format"":""log"",""group_count"":16,""value_range"":[0,9999]}",262144,4.78854890506312,35,0.08771514892578125,0.0,0.016838137962867594,1.0171264501610213,4,0.52349853515625,0.00262451171875,4.786529026320915,0.007189357674427371
sample_000953,mixed,20261936,262144,"{""segments"":[{""generator"":""random"",""parameters"":{""distribution"":""uniform_bytes""},""size"":52429},{""generator"":""small_alphabet"",""parameters"":{""alphabet"":[6,62,85,138,145,151,168,188],""alphabet_size"":8,""distribution"":""uniform""},""size"":52429},{""generator"":""structured"",""parameters"":{""format"":""csv"",""group_count"":16,""value_range"":[0,9999]},""size"":52429},{""generator"":""long_runs"",""parameters"":{""byte_distribution"":""uniform_without_adjacent_run_duplicates"",""max_run_length"":2048,""min_run_length"":512},""size"":52429},{""generator"":""repeated_pattern"",""parameters"":{""pattern_hex"":""0db3e8e682b0dad715392193d2d32eeb"",""pattern_length"":16},""size"":52428}]}",262144,6.606852031775022,256,0.054576873779296875,0.00075531005859375,0.2345895179348676,1.306486982177744,2042,0.39544677734375,0.551666259765625,4.056007175274588,2.0919743291578468
sample_000954,random,20261937,1048576,"{""distribution"":""uniform_bytes""}",1048576,7.9997924565999154,256,0.0040607452392578125,0.0039043426513671875,0.0038995779987125384,1.0039148404910736,3,0.0,1.0,7.9548584442185275,0.004107329185249266
sample_000955,small_alphabet,20261938,1048576,"{""alphabet"":[75,93,143,168],""alphabet_size"":4,""distribution"":""uniform""}",1048576,1.9999996730046838,4,0.2502613067626953,0.0,0.2500545979066829,1.3334299793355586,11,1.52587890625e-05,0.000244140625,1.9994906233239607,0.0004158753016810664
sample_000956,repeated_pattern,20261939,1048576,"{""pattern_hex"":""2e985d8f"",""pattern_length"":4}",1048576,2.0,4,0.25,0.0,0.0,1.0,1,0.9999847412109375,6.103515625e-05,2.0,0.0
sample_000957,long_runs,20261940,1048576,"{""byte_distribution"":""uniform_without_adjacent_run_duplicates"",""max_run_length"":512,""min_run_length"":128}",1048576,7.935007662000382,256,0.0076618194580078125,0.00337982177734375,0.9968852967122046,320.95990205081114,512,0.949462890625,0.0524444580078125,3.6108425343223916,0.13268484665542687
sample_000958,structured,20261941,1048576,"{""format"":""csv"",""group_count"":16,""value_range"":[0,9999]}",1048576,3.455627650214484,25,0.1985921859741211,0.0,0.04860596523853802,1.0510891541676148,5,0.0,0.0024566650390625,3.38797723785387,0.033805776382384925
sample_000959,mixed,20261942,1048576,"{""segments"":[{""generator"":""random"",""parameters"":{""distribution"":""uniform_bytes""},""size"":209716},{""generator"":""structured"",""parameters"":{""format"":""csv"",""group_count"":16,""value_range"":[0,9999]},""size"":209715},{""generator"":""small_alphabet"",""parameters"":{""alphabet"":[207,227],""alphabet_size"":2,""distribution"":""uniform""},""size"":209715},{""generator"":""repeated_pattern"",""parameters"":{""pattern_hex"":""eaa76b856e4861c1b92d576f08f339bf413a392edd6ce7d483d14cd8f2b26512a2d1a05583dbf51ed4b08501fd83fe533f9a504c262753c56a3a10d3b610884948ad01c371a2a46466839c1ab339e57c2b6fd1fbe3146c47362e48fdc4b82285111c03da3440059f2c0dce40b1671553dbdc4677df62e23dc344308529db79d9"",""pattern_length"":128},""size"":209715},{""generator"":""long_runs"",""parameters"":{""byte_distribution"":""uniform_without_adjacent_run_duplicates"",""max_run_length"":2048,""min_run_length"":512},""size"":209715}]}",1048576,6.7482902220289365,256,0.10328960418701172,0.0056705474853515625,0.310509977827051,1.4503466886496639,2025,0.41424560546875,0.9594268798828125,4.147021311241443,2.6661139859895644
sample_000960,random,20261943,16384,"{""distribution"":""uniform_bytes""}",16384,7.988583402338955,256,0.00506591796875,0.00396728515625,0.003479216260758103,1.003491149629448,2,0.0,0.883171580296649,7.952419600214439,0.0020251624959555905
sample_000961,small_alphabet,20261944,16384,"{""alphabet"":[91,163],""alphabet_size"":2,""distribution"":""uniform""}",16384,0.9999009357256291,2,0.505859375,0.0,0.4966733809436611,1.9866618164180914,13,0.009765625,0.00024415552707074406,0.999837382364291,9.13763455607639e-05
sample_000962,repeated_pattern,20261945,16384,"{""pattern_hex"":""f62aac252c94f49e41fb1fee4f2be7427d93979a28cb92599b1d41483c870d53260f4a662a1aba89214f4d348dcb6d4f6167a94f11b150df02a2c613a544396d"",""pattern_length"":64}",16384,5.75,57,0.0625,0.0,0.0,1.0,1,0.99609375,0.003906488433131905,5.75,0.0
sample_000963,long_runs,20261946,16384,"{""byte_distribution"":""uniform_without_adjacent_run_duplicates"",""max_run_length"":512,""min_run_length"":128}",16384,5.449457385296307,48,0.04486083984375,0.0,0.9968259781480803,309.1320754716981,509,0.908203125,0.0061038881767686015,3.6487638428106006,0.12370168077301827
sample_000964,structured,20261947,16384,"{""format"":""csv"",""group_count"":16,""value_range"":[0,9999]}",16384,3.3976426190100257,25,0.22430419921875,0.0,0.04522981138985534,1.0473694304161605,4,0.0,0.009827259964597448,3.381844731086501,0.03865940003206197
sample_000965,mixed,20261948,16384,"{""segments"":[{""generator"":""long_runs"",""parameters"":{""byte_distribution"":""uniform_without_adjacent_run_duplicates"",""max_run_length"":32,""min_run_length"":8},""size"":3277},{""generator"":""random"",""parameters"":{""distribution"":""uniform_bytes""},""size"":3277},{""generator"":""small_alphabet"",""parameters"":{""alphabet"":[63,108],""alphabet_size"":2,""distribution"":""uniform""},""size"":3277},{""generator"":""structured"",""parameters"":{""format"":""jsonl"",""group_count"":16,""value_range"":[0,9999]},""size"":3277},{""generator"":""repeated_pattern"",""parameters"":{""pattern_hex"":""5919aa9f01ce8e906d059171db16de7c"",""pattern_length"":16},""size"":3276}]}",16384,6.585559086336811,256,0.1109619140625,0.000732421875,0.29176585484953915,1.4119269217511203,32,0.2216796875,0.2213880241713972,5.5356453178556775,1.247902722140093
sample_000966,random,20261949,65536,"{""distribution"":""uniform_bytes""}",65536,7.997098591699793,256,0.004547119140625,0.0037841796875,0.0032654306858930344,1.0032760785034138,3,0.0,0.6311436636911574,7.953265654861135,0.0034701869961849363
sample_000967,small_alphabet,20261950,65536,"{""alphabet"":[94,106,144,221],""alphabet_size"":4,""distribution"":""uniform""}",65536,1.9999556641264529,4,0.25225830078125,0.0,0.24895094224460212,1.331464212429654,8,0.0,0.00024414435034714275,1.999456838204613,0.0002677557961159649
sample_000968,repeated_pattern,20261951,65536,"{""pattern_hex"":""d33f90876caab5f875352839cae5e67e5b96794edbf94dda3fa101726fbb8b60"",""pattern_length"":32}",65536,4.9375,31,0.0625,0.0,0.0,1.0,1,0.99951171875,0.0004882887006942855,4.9375,0.0
sample_000969,long_runs,20261952,65536,"{""byte_distribution"":""uniform_without_adjacent_run_duplicates"",""max_run_length"":512,""min_run_length"":128}",65536,6.9107221813631625,139,0.0244140625,0.0107574462890625,0.9969634546425574,327.68,512,0.921630859375,0.0051575494010833904,3.5872571287763226,0.14826410071251872
sample_000970,structured,20261953,65536,"{""format"":""jsonl"",""group_count"":16,""value_range"":[0,9999]}",65536,4.547966340266535,31,0.1635284423828125,0.0,0.01283283741512169,1.0129994589999227,4,0.359130859375,0.0025024795910582134,4.535933036309822,0.008196191187162399
sample_000971,mixed,20261954,65536,"{""segments"":[{""generator"":""repeated_pattern"",""parameters"":{""pattern_hex"":""4ed2607aefa3900c"",""pattern_length"":8},""size"":13108},{""generator"":""small_alphabet"",""parameters"":{""alphabet"":[0,3,26,29,49,63,68,72,80,125,143,164,170,189,201,213],""alphabet_size"":16,""distribution"":""uniform""},""size"":13107},{""generator"":""long_runs"",""parameters"":{""byte_distribution"":""uniform_without_adjacent_run_duplicates"",""max_run_length"":32,""min_run_length"":8},""size"":13107},{""generator"":""structured"",""parameters"":{""format"":""jsonl"",""group_count"":16,""value_range"":[0,9999]},""size"":13107},{""generator"":""random"",""parameters"":{""distribution"":""uniform_bytes""},""size"":13107}]}",65536,7.049524027756108,256,0.0347137451171875,0.0135650634765625,0.20532539864194704,1.2583717357910906,32,0.266357421875,0.19765011062790874,5.433796001301089,1.7696027594661683
sample_000972,random,20261955,262144,"{""distribution"":""uniform_bytes""}",262144,7.999413371525252,256,0.004299163818359375,0.004016876220703125,0.004123703474820994,1.0041407629576002,3,0.0,0.982330322265625,7.9548856456742625,0.0040634753679356
sample_000973,small_alphabet,20261956,262144,"{""alphabet"":[2,20,43,58,61,69,88,115,119,125,186,198,200,210,218,220],""alphabet_size"":16,""distribution"":""uniform""}",262144,3.999961599139234,16,0.06295394897460938,0.0,0.06209206425500585,1.0662024590530652,6,0.0,0.00390625,3.9975674380239967,0.0008013011401713273
sample_000974,repeated_pattern,20261957,262144,"{""pattern_hex"":""89e25ba1"",""pattern_length"":4}",262144,2.0,4,0.25,0.0,0.0,1.0,1,0.99993896484375,6.103515625e-05,2.0,0.0
sample_000975,long_runs,20261958,262144,"{""byte_distribution"":""uniform_without_adjacent_run_duplicates"",""max_run_length"":2048,""min_run_length"":512}",262144,6.947577993905535,140,0.01937103271484375,0.0,0.9992179840773928,1272.5436893203882,2048,0.97955322265625,0.0052642822265625,1.8215112395180513,0.22858830257386448
sample_000976,structured,20261959,262144,"{""format"":""jsonl"",""group_count"":16,""value_range"":[0,9999]}",262144,4.565970038562811,31,0.16146087646484375,0.0,0.01240925754263894,1.0125651335890393,4,0.41278076171875,0.00250244140625,4.548120130184155,0.011231376013556036
sample_000977,mixed,20261960,262144,"{""segments"":[{""generator"":""random"",""parameters"":{""distribution"":""uniform_bytes""},""size"":52429},{""generator"":""structured"",""parameters"":{""format"":""csv"",""group_count"":16,""value_range"":[0,9999]},""size"":52429},{""generator"":""small_alphabet"",""parameters"":{""alphabet"":[133,152],""alphabet_size"":2,""distribution"":""uniform""},""size"":52429},{""generator"":""repeated_pattern"",""parameters"":{""pattern_hex"":""316fc67e1cefc903155b482b15d41f5e"",""pattern_length"":16},""size"":52429},{""generator"":""long_runs"",""parameters"":{""byte_distribution"":""uniform_without_adjacent_run_duplicates"",""max_run_length"":512,""min_run_length"":128},""size"":52428}]}",262144,6.431932644791248,256,0.10336685180664062,0.00079345703125,0.30904124847888365,1.4472619264510216,512,0.38873291015625,0.5555267333984375,4.005295582315518,2.2213740246758458
sample_000978,random,20261961,1048576,"{""distribution"":""uniform_bytes""}",1048576,7.999836858884024,256,0.004042625427246094,0.0039005279541015625,0.0039148368023269675,1.003930219221022,3,0.0,1.0,7.9547948976090375,0.00401470577166084
sample_000979,small_alphabet,20261962,1048576,"{""alphabet"":[117,132],""alphabet_size"":2,""distribution"":""uniform""}",1048576,0.9999999721593635,2,0.5000982284545898,0.0,0.5000500679493598,2.000198383933953,21,0.3675079345703125,6.103515625e-05,0.9998277085495771,0.00021866378190579986
sample_000980,repeated_pattern,20261963,1048576,"{""pattern_hex"":""21cd134700f8e72509aa036058d6b1d6"",""pattern_length"":16}",1048576,3.875,15,0.125,0.0625,0.0,1.0,1,0.9999847412109375,0.000244140625,3.875,0.0
sample_000981,long_runs,20261964,1048576,"{""byte_distribution"":""uniform_without_adjacent_run_duplicates"",""max_run_length"":512,""min_run_length"":128}",1048576,7.94779383966541,256,0.00679779052734375,0.00530242919921875,0.9968786209856233,320.27367135003055,512,0.94921875,0.052703857421875,3.6114675672780807,0.14355770885344876
sample_000982,structured,20261965,1048576,"{""format"":""csv"",""group_count"":16,""value_range"":[0,9999]}",1048576,3.4556218529561433,25,0.1986408233642578,0.0,0.04853157857091767,1.0510069791427572,5,0.0,0.0024566650390625,3.3877263255487753,0.03458225536267735
sample_000983,mixed,20261966,1048576,"{""segments"":[{""generator"":""repeated_pattern"",""parameters"":{""pattern_hex"":""bfb456a05aff655be89334172498dce6f54b911709fe2641988ea57ab88da345"",""pattern_length"":32},""size"":209716},{""generator"":""small_alphabet"",""parameters"":{""alphabet"":[40,105,113,186],""alphabet_size"":4,""distribution"":""uniform""},""size"":209715},{""generator"":""long_runs"",""parameters"":{""byte_distribution"":""uniform_without_adjacent_run_duplicates"",""max_run_length"":128,""min_run_length"":32},""size"":209715},{""generator"":""structured"",""parameters"":{""format"":""log"",""group_count"":16,""value_range"":[0,9999]},""size"":209715},{""generator"":""random"",""parameters"":{""distribution"":""uniform_bytes""},""size"":209715}]}",1048576,7.025593947382714,256,0.05600929260253906,0.001636505126953125,0.25166440168800513,1.336298422173427,128,0.4584503173828125,0.960540771484375,5.016798359266968,1.88747028035361
sample_000984,random,20261967,16384,"{""distribution"":""uniform_bytes""}",16384,7.987727239853281,256,0.005126953125,0.00408935546875,0.003479216260758103,1.003491149629448,2,0.0,0.8844533968137703,7.958482438823761,0.0016184906867870712
sample_000985,small_alphabet,20261968,16384,"{""alphabet"":[8,55,59,73,100,157,163,241],""alphabet_size"":8,""distribution"":""uniform""}",16384,2.9996345400535174,8,0.1302490234375,0.0,0.1243972410425441,1.1420605046702914,5,0.0,0.003906488433131905,2.9985074204570483,0.00039555616231863545
sample_000986,repeated_pattern,20261969,16384,"{""pattern_hex"":""0661ce60ebe5da69a0580279b00b93f25449db93eb2f503ead282cc1fe4ec8c1"",""pattern_length"":32}",16384,4.8125,29,0.0625,0.0,0.0,1.0,1,0.998046875,0.0019532442165659525,4.8125,0.0
sample_000987,long_runs,20261970,16384,"{""byte_distribution"":""uniform_without_adjacent_run_duplicates"",""max_run_length"":32,""min_run_length"":8}",16384,7.711545906761135,244,0.0123291015625,0.00799560546875,0.9498260391869621,19.907654921020654,32,0.134765625,0.06445705914667643,6.924227829391349,0.06845938818126314
sample_000988,structured,20261971,16384,"{""format"":""log"",""group_count"":16,""value_range"":[0,9999]}",16384,4.779269836563309,35,0.087890625,0.0,0.01593114814136605,1.0161880543323203,3,0.1455078125,0.010498687664041995,4.776898222932785,0.004790853591896119
sample_000989,mixed,20261972,16384,"{""segments"":[{""generator"":""random"",""parameters"":{""distribution"":""uniform_bytes""},""size"":3277},{""generator"":""structured"",""parameters"":{""format"":""jsonl"",""group_count"":16,""value_range"":[0,9999]},""size"":3277},{""generator"":""repeated_pattern"",""parameters"":{""pattern_hex"":""06dfc5ea454e8f82"",""pattern_length"":8},""size"":3277},{""generator"":""long_runs"",""parameters"":{""byte_distribution"":""uniform_without_adjacent_run_duplicates"",""max_run_length"":2048,""min_run_length"":512},""size"":3277},{""generator"":""small_alphabet"",""parameters"":{""alphabet"":[113,155],""alphabet_size"":2,""distribution"":""uniform""},""size"":3276}]}",16384,5.588982467439528,256,0.12652587890625,0.00091552734375,0.30446194225721784,1.4376974376974376,1884,0.412109375,0.20441921503998048,4.22927143374391,2.3360829434528245
sample_000990,random,20261973,65536,"{""distribution"":""uniform_bytes""}",65536,7.997069706463292,256,0.0046234130859375,0.003753662109375,0.0040588998245212485,1.0040753791941168,2,0.0,0.632318608377203,7.955603752119266,0.002678302577017373
sample_000991,small_alphabet,20261974,65536,"{""alphabet"":[8,23,24,40,63,81,82,112,129,135,144,206,212,228,237,243],""alphabet_size"":16,""distribution"":""uniform""}",65536,3.99978173783009,16,0.064239501953125,0.0,0.06291294728007935,1.0671356227508835,4,0.0,0.003906309605554284,3.997451594135302,0.0007628339269706309
sample_000992,repeated_pattern,20261975,65536,"{""pattern_hex"":""c17401ae962a80a86a5256f8eab3b5e37a0450013b0a45d5813b3434d3a2133c"",""pattern_length"":32}",65536,4.8125,29,0.0625,0.0,0.03125047684443427,1.032258064516129,2,0.99951171875,0.0004882887006942855,4.8125,0.0
sample_000993,long_runs,20261976,65536,"{""byte_distribution"":""uniform_without_adjacent_run_duplicates"",""max_run_length"":128,""min_run_length"":32}",65536,7.718942670703796,245,0.0152435302734375,0.00250244140625,0.9873960479133288,79.24546553808948,128,0.753662109375,0.0162050812542916,5.440713857648234,0.0895599083462389
sample_000994,structured,20261977,65536,"{""format"":""jsonl"",""group_count"":16,""value_range"":[0,9999]}",65536,4.549130168776021,31,0.1634674072265625,0.0,0.012558175020981156,1.012717691962975,4,0.346923828125,0.0025024795910582134,4.5370185102919365,0.012178438171093917
sample_000995,mixed,20261978,65536,"{""segments"":[{""generator"":""long_runs"",""parameters"":{""byte_distribution"":""uniform_without_adjacent_run_duplicates"",""max_run_length"":128,""min_run_length"":32},""size"":13108},{""generator"":""small_alphabet"",""parameters"":{""alphabet"":[32,65,66,111,122,130,144,237],""alphabet_size"":8,""distribution"":""uniform""},""size"":13107},{""generator"":""repeated_pattern"",""parameters"":{""pattern_hex"":""d228d78391f26f0a62302c8fbe96f84c"",""pattern_length"":16},""size"":13107},{""generator"":""structured"",""parameters"":{""format"":""jsonl"",""group_count"":16,""value_range"":[0,9999]},""size"":13107},{""generator"":""random"",""parameters"":{""distribution"":""uniform_bytes""},""size"":13107}]}",65536,6.921078793619493,256,0.0449371337890625,0.0008392333984375,0.22619974059662776,1.292317400220855,128,0.3818359375,0.1880827038986801,5.151127498094353,1.5698122062790079
sample_000996,random,20261979,262144,"{""distribution"":""uniform_bytes""}",262144,7.999362397428464,256,0.004207611083984375,0.00390625,0.003994003273022739,1.004010003944894,3,0.0,0.9816131591796875,7.954932313624665,0.0034377768420642283
sample_000997,small_alphabet,20261980,262144,"{""alphabet"":[131,148],""alphabet_size"":2,""distribution"":""uniform""}",262144,0.9999980591060543,2,0.5008201599121094,0.0,0.4999980926440912,1.999984741327352,16,0.11236572265625,6.103515625e-05,0.9998212037925266,0.00020977618901243678
sample_000998,repeated_pattern,20261981,262144,"{""pattern_hex"":""e82bd1e8"",""pattern_length"":4}",262144,1.5,3,0.5,0.0,0.2499971389661368,1.3333265516837989,2,0.99993896484375,6.103515625e-05,1.5,0.0
sample_000999,long_runs,20261982,262144,"{""byte_distribution"":""uniform_without_adjacent_run_duplicates"",""max_run_length"":128,""min_run_length"":32}",262144,7.940965090064424,256,0.007717132568359375,0.002544403076171875,0.98744959812011,79.6548161652993,128,0.7957763671875,0.0529327392578125,5.435884025332931,0.09299668990711087
sample_001000,structured,20261983,262144,"{""format"":""csv"",""group_count"":16,""value_range"":[0,9999]}",262144,3.420385776798411,25,0.20492935180664062,0.0,0.04769534185539953,1.0500839205098522,5,0.0,0.0024566650390625,3.3726501276483813,0.04060228622950616
sample_001001,mixed,20261984,262144,"{""segments"":[{""generator"":""small_alphabet"",""parameters"":{""alphabet"":[124,159,183,225],""alphabet_size"":4,""distribution"":""uniform""},""size"":52429},{""generator"":""random"",""parameters"":{""distribution"":""uniform_bytes""},""size"":52429},{""generator"":""long_runs"",""parameters"":{""byte_distribution"":""uniform_without_adjacent_run_duplicates"",""max_run_length"":32,""min_run_length"":8},""size"":52429},{""generator"":""repeated_pattern"",""parameters"":{""pattern_hex"":""a10a14755ebaedeebfbc69085f19e112"",""pattern_length"":16},""size"":52429},{""generator"":""structured"",""parameters"":{""format"":""jsonl"",""group_count"":16,""value_range"":[0,9999]},""size"":52428}]}",262144,6.829603934001213,256,0.06396102905273438,0.001445770263671875,0.24323365491353954,1.3214102085874726,32,0.3143310546875,0.569915771484375,5.108757194674526,2.088254947237648
sample_001002,random,20261985,1048576,"{""distribution"":""uniform_bytes""}",1048576,7.999831394850313,256,0.004058837890625,0.0038366317749023438,0.003991130820399113,1.0040071199387968,3,0.0,1.0,7.954535492566674,0.00412185481549091
sample_001003,small_alphabet,20261986,1048576,"{""alphabet"":[7,19,36,70,132,176,197,220],""alphabet_size"":8,""distribution"":""uniform""}",1048576,2.9999941899921,8,0.12578868865966797,0.0,0.12447941253606085,1.1421774413158325,7,0.0,0.0009765625,2.9987785276678913,0.0006496044094376252
sample_001004,repeated_pattern,20261987,1048576,"{""pattern_hex"":""5d79d8ad6236a830f9b2b10024ba406153566bda9f6b278aa95c11646814291a"",""pattern_length"":32}",1048576,4.9375,31,0.0625,0.03125,0.0,1.0,1,0.999969482421875,0.00048828125,4.9375,0.0
sample_001005,long_runs,20261988,1048576,"{""byte_distribution"":""uniform_without_adjacent_run_duplicates"",""max_run_length"":512,""min_run_length"":128}",1048576,7.931411303203941,256,0.0077075958251953125,0.004673957824707031,0.9968872040626564,321.1565084226646,512,0.94952392578125,0.052490234375,3.606964171241255,0.13799757832185053
sample_001006,structured,20261989,1048576,"{""format"":""jsonl"",""group_count"":16,""value_range"":[0,9999]}",1048576,4.579274217515669,31,0.1592540740966797,0.0,0.013861669408482942,1.0140565025951582,5,0.4495849609375,0.00250244140625,4.556434738622044,0.011761439595222531
sample_001007,mixed,20261990,1048576,"{""segments"":[{""generator"":""structured"",""parameters"":{""format"":""log"",""group_count"":16,""value_range"":[0,9999]},""size"":209716},{""generator"":""random"",""parameters"":{""distribution"":""uniform_bytes""},""size"":209715},{""generator"":""long_runs"",""parameters"":{""byte_distribution"":""uniform_without_adjacent_run_duplicates"",""max_run_length"":128,""min_run_length"":32},""size"":209715},{""generator"":""repeated_pattern"",""parameters"":{""pattern_hex"":""3cc712715348e92f"",""pattern_length"":8},""size"":209715},{""generator"":""small_alphabet"",""parameters"":{""alphabet"":[8,36,37,68,96,159,174,232],""alphabet_size"":8,""distribution"":""uniform""},""size"":209715}]}",1048576,6.968567728271045,256,0.027169227600097656,0.001567840576171875,0.22671244307750996,1.2931796347294386,128,0.4585418701171875,0.9610595703125,4.833327460614142,1.8289860826487783
