sample_id,mode,best_algorithm,best_score,score_gzip,score_bz2,score_lzma,score_zstd
sample_000000,archive,zstd,0.0,0.6014283878285467,1.662398913627932,1.3586813075663748,0.0
sample_000000,balanced,zstd,0.0,1.0018522071796403,2.7522560105378573,2.262438676074096,0.0
sample_000000,fast_access,zstd,0.0,1.3389303406319382,4.082197602235848,2.8205731721269984,0.0
sample_000001,archive,zstd,0.13142189926808293,0.5889066972757748,0.7422032593554266,1.1390094874794057,0.13142189926808293
sample_000001,balanced,zstd,0.09387278519148781,0.8980433014304053,1.2370054322590445,1.8491107167348866,0.09387278519148781
sample_000001,fast_access,zstd,0.056323671114892684,0.7172365604347956,1.6943752114816544,2.299808404249453,0.056323671114892684
sample_000002,archive,zstd,0.0,0.7385395175200946,2.0581147845586596,2.112407534251935,0.0
sample_000002,balanced,zstd,0.0,0.7377877317369324,2.7763051389232816,2.9835957810954676,0.0
sample_000002,fast_access,zstd,0.0,0.8330792680448561,3.3582655585578536,3.67155470652909,0.0
sample_000003,archive,zstd,0.0,0.7516690226206542,1.4109102911711684,1.5081447505293744,0.0
sample_000003,balanced,zstd,0.0,1.185723546430978,1.9200965231031222,2.3655180575716455,0.0
sample_000003,fast_access,zstd,0.0,1.341640537464594,2.3993255090640173,2.665473503239398,0.0
sample_000004,archive,zstd,0.19350587112706155,0.22772358130382597,0.5551236750069946,0.8262953939991111,0.19350587112706155
sample_000004,balanced,zstd,0.18005803499488465,0.25517491536180587,0.912651244622756,1.3771589899985188,0.18005803499488465
sample_000004,fast_access,gzip,0.18548527426775907,0.18548527426775907,1.363816407369688,1.717108391412757,0.21054173226204048
sample_000005,archive,zstd,0.05682781832532998,0.32117792970920145,1.013368569978881,1.2237870492547769,0.05682781832532998
sample_000005,balanced,zstd,0.04059129880380713,0.48659765737071387,1.6358393130081532,2.0396450820912952,0.04059129880380713
sample_000005,fast_access,zstd,0.024354779282284276,0.6237560944864646,2.35280687235269,2.7779631958024487,0.024354779282284276
sample_000006,archive,zstd,0.0,0.45003580327548154,1.53482618370013,1.2485690656535264,0.0
sample_000006,balanced,zstd,0.0,0.7497749456622516,2.5516967471433256,2.080399436274025,0.0
sample_000006,fast_access,zstd,0.0,1.0012627901403275,4.053345257182391,2.7537810823914617,0.0
sample_000007,archive,zstd,0.0,0.7716449106827362,1.0675151007858767,1.336977750824557,0.0
sample_000007,balanced,zstd,0.0,1.1823707842836182,1.765595361732374,2.1501016797892016,0.0
sample_000007,fast_access,zstd,0.0,1.478683472897449,2.60500812974215,2.8433857509011236,0.0
sample_000008,archive,zstd,0.0,1.1216469595364635,2.1860722780230946,1.6667614487277012,0.0
sample_000008,balanced,zstd,0.0,1.155269389574109,2.9277701605462414,2.352884194942746,0.0
sample_000008,fast_access,zstd,0.0,1.4309809805201683,3.8439240844709808,3.072865811389831,0.0
sample_000009,archive,zstd,0.0,0.6281390941274747,1.0621216662582078,1.131000849022327,0.0
sample_000009,balanced,zstd,0.0,0.8272069367535287,1.3860470783136023,1.8343980231741202,0.0
sample_000009,fast_access,zstd,0.0,0.6427090378862553,1.7869391413364066,2.2456747623492217,0.0
sample_000010,archive,zstd,0.18318088060949705,0.6448438612852434,0.8261953564238445,1.000354448564948,0.18318088060949705
sample_000010,balanced,zstd,0.13084348614964075,0.9089834079095691,1.3200002345435875,1.6672574142749133,0.13084348614964075
sample_000010,fast_access,zstd,0.07850609168978445,1.0262843042502907,1.957205670138955,2.249089014964858,0.07850609168978445
sample_000011,archive,zstd,0.06407902722060674,0.5241591475734902,1.0325045337983711,0.9945559981315937,0.06407902722060674
sample_000011,balanced,zstd,0.045770733729004816,0.8042217349962351,1.6622558544122992,1.6575933302193229,0.045770733729004816
sample_000011,fast_access,zstd,0.02746244023740289,0.8165646820883027,2.3140681884683754,2.150105975939611,0.02746244023740289
sample_000012,archive,zstd,0.0,1.0310451405737122,1.8079562410877184,1.4512792523925788,0.0
sample_000012,balanced,zstd,0.0,1.7181975331900614,3.0092267385652365,2.4186538195412917,0.0
sample_000012,fast_access,zstd,0.0,2.626931296625068,4.738796425375108,3.238117857742392,0.0
sample_000013,archive,zstd,0.12702220047790497,0.4599383672602762,0.5897621720961203,0.8462867028451256,0.12702220047790497
sample_000013,balanced,zstd,0.11804676233311015,0.6987081823582267,0.9829369534935338,1.374833171868727,0.11804676233311015
sample_000013,fast_access,zstd,0.13775377427965219,0.5487881814252464,1.4983210561840017,1.7426927306181534,0.13775377427965219
sample_000014,archive,zstd,0.0,1.937040364967274,1.677660364536738,1.9784058722354352,0.0
sample_000014,balanced,zstd,0.0,1.6451301052296758,2.404242830959817,2.294624855874876,0.0
sample_000014,fast_access,zstd,0.0,1.5572245349353735,2.9325313349852173,2.5079230961500456,0.0
sample_000015,archive,zstd,0.03149814731739099,0.6779367214816608,0.7463675836350673,1.0399685705703094,0.03149814731739099
sample_000015,balanced,zstd,0.05249691219565166,0.8354699565215702,1.1517216115583433,1.713407274347384,0.05249691219565166
sample_000015,fast_access,zstd,0.10499382439130332,0.6242122783250765,1.6348050753527341,1.9775280521588312,0.10499382439130332
sample_000016,archive,zstd,0.4420130265109435,0.5063109134409898,0.926015673993329,0.997312988581645,0.4420130265109435
sample_000016,balanced,zstd,0.38697933419381625,0.6372101703520711,1.5433594566555484,1.6422878721116496,0.38697933419381625
sample_000016,fast_access,zstd,0.4067641728969885,0.4787719334742201,2.195893323197839,1.9397536962663149,0.4067641728969885
sample_000017,archive,zstd,0.06492189140710335,0.46628475385926577,0.9346613182589749,0.9746493230599413,0.06492189140710335
sample_000017,balanced,zstd,0.04637277957650239,0.72103986251855,1.5345514018830164,1.6244155384332357,0.04637277957650239
sample_000017,fast_access,zstd,0.027823667745901434,0.8450690740892202,2.063742371531257,2.241458312574758,0.027823667745901434
sample_000018,archive,zstd,0.0,0.6465746944252533,1.5241007071577686,1.1141304910105352,0.0
sample_000018,balanced,zstd,0.0,1.0774306112282765,2.537264290770996,1.8568339283093847,0.0
sample_000018,fast_access,zstd,0.0,1.242639634262908,3.624999875794784,2.0151958941188637,0.0
sample_000019,archive,zstd,0.08638804076536091,0.7779332045484106,0.8462708030751349,0.9887613350806006,0.08638804076536091
sample_000019,balanced,zstd,0.06170574340382923,1.2650361473072935,1.4104513384585582,1.646452046251195,0.06170574340382923
sample_000019,fast_access,zstd,0.037023446042297535,1.059846881528103,2.0470613642833473,1.8995561613052017,0.037023446042297535
sample_000020,archive,zstd,0.1276250897557682,2.00009317926721,1.2296445639901035,1.5662175322978678,0.1276250897557682
sample_000020,balanced,zstd,0.0911607783969773,1.6918661028213895,2.0494076066501727,1.8349286806259921,0.0911607783969773
sample_000020,fast_access,zstd,0.054696467038186376,1.2246690168626528,2.35659583863601,1.8181072959007936,0.054696467038186376
sample_000021,archive,zstd,0.04879435615644136,0.7420488946200342,0.7133086928051532,1.0237056793861963,0.04879435615644136
sample_000021,balanced,zstd,0.03485311154031526,1.0438311894755017,1.0850846627884976,1.7061761323103268,0.03485311154031526
sample_000021,fast_access,zstd,0.020911866924189153,0.8769616809377994,1.4941547375578035,2.003719093586579,0.020911866924189153
sample_000022,archive,zstd,0.27412135024305545,0.6456424301763376,0.8614705651446963,0.9521992285827026,0.27412135024305545
sample_000022,balanced,zstd,0.19580096445932535,0.881357830254237,1.3375399437696154,1.5869987143045043,0.19580096445932535
sample_000022,fast_access,zstd,0.11748057867559521,0.7436347664407369,1.8581750235421346,1.8764255344178344,0.11748057867559521
sample_000023,archive,zstd,0.03772096991979094,0.4863256975698504,1.0456899336450516,0.913905675429183,0.03772096991979094
sample_000023,balanced,zstd,0.026943549942707815,0.7551907197166388,1.7127071332014279,1.5231761257153051,0.026943549942707815
sample_000023,fast_access,zstd,0.01616612996562469,0.8020934765580935,2.3148362693663387,1.9862735462720476,0.01616612996562469
sample_000024,archive,zstd,0.0,0.5055150553482395,1.494097367569935,1.3638970257650107,0.0
sample_000024,balanced,zstd,0.0,0.8419966530457949,2.47159522157167,2.271131539738489,0.0
sample_000024,fast_access,zstd,0.0,1.1058810921712467,3.551437158322472,2.8881412507408184,0.0
sample_000025,archive,zstd,0.0946111125987286,0.481058994075861,0.7328465993498173,1.0466064774695876,0.0946111125987286
sample_000025,balanced,zstd,0.06757936614194901,0.6953296364294954,1.2214109989163622,1.665167514110498,0.06757936614194901
sample_000025,fast_access,zstd,0.04054761968516941,0.838533951628178,1.9319213844372574,2.185579998987386,0.04054761968516941
sample_000026,archive,zstd,0.0,0.5870108186316116,2.127603520962257,1.7198008354102483,0.0
sample_000026,balanced,zstd,0.0,0.5726248360314312,2.9156144673620377,2.5010246118734494,0.0
sample_000026,fast_access,zstd,0.0,0.6095646835662861,3.5788188487976513,2.9001737160231906,0.0
sample_000027,archive,zstd,0.0,0.5197751366339965,1.2055922140022064,1.397832408909889,0.0
sample_000027,balanced,zstd,0.0,0.79233752058514,1.5661092407145312,2.1568196376327786,0.0
sample_000027,fast_access,zstd,0.0,0.7877907614731654,1.9011940653785278,2.421303635318027,0.0
sample_000028,archive,zstd,0.15382840638808506,0.3636777372231597,0.667085364563317,0.9349624412724178,0.15382840638808506
sample_000028,balanced,zstd,0.10987743313434647,0.4789114091302572,1.0958754786994251,1.5582707354540295,0.10987743313434647
sample_000028,fast_access,zstd,0.06592645988060788,0.4031863354046252,1.5164298970063688,1.9780653125266752,0.06592645988060788
sample_000029,archive,zstd,0.03775135456776429,0.48777406965722936,1.211450451741583,1.1973989572805053,0.03775135456776429
sample_000029,balanced,zstd,0.02696525326268878,0.7652129884209449,1.9474598983415243,1.9956649288008421,0.02696525326268878
sample_000029,fast_access,zstd,0.016179151957613266,0.8346491742274617,2.5706236047021407,2.559314239657577,0.016179151957613266
sample_000030,archive,zstd,0.0,0.7738791447965875,1.7956853626573839,1.3908412364221399,0.0
sample_000030,balanced,zstd,0.0,1.2895138481974282,2.986321015889426,2.317519720888381,0.0
sample_000030,fast_access,zstd,0.0,1.828872322102388,4.700521732305738,3.097624782721322,0.0
sample_000031,archive,zstd,0.12264979671126476,0.8399757105333744,0.837639783003569,1.044126012621363,0.12264979671126476
sample_000031,balanced,zstd,0.0876069976509034,1.3382576619951418,1.3960663050059483,1.7193124073123132,0.0876069976509034
sample_000031,fast_access,zstd,0.052564198590542045,1.2749353660622846,2.096118899481323,2.2322741544713782,0.052564198590542045
sample_000032,archive,zstd,0.025869345219935468,1.1933236645668976,1.785079834089013,2.1017509477073912,0.025869345219935468
sample_000032,balanced,zstd,0.04311557536655911,0.8523740461192126,2.314867254129771,2.32572892429579,0.04311557536655911
sample_000032,fast_access,zstd,0.08570158307574748,0.5114244276715275,2.6845145710992937,2.328078513501845,0.08570158307574748
sample_000033,archive,zstd,0.06279229912425643,0.6089191014175184,1.0442688552927373,1.0128885599853548,0.06279229912425643
sample_000033,balanced,zstd,0.10465383187376073,0.7935273706803718,1.3508080400937121,1.6376911016344518,0.10465383187376073
sample_000033,fast_access,zstd,0.20930766374752147,0.6016212267919737,1.6642202733147236,1.8981147389942157,0.20930766374752147
sample_000034,archive,zstd,0.18563943465296937,0.5356838952167334,0.742297749723464,0.8548235383141816,0.18563943465296937
sample_000034,balanced,zstd,0.13259959618069242,0.7211473114636796,1.1790255414810396,1.4247058971903026,0.13259959618069242
sample_000034,fast_access,zstd,0.07955975770841545,0.6992772743519877,1.7502483792281356,1.8756213750091686,0.07955975770841545
sample_000035,archive,zstd,0.12015613922848045,0.4041629600237764,0.9569179743888746,0.8607978557003431,0.12015613922848045
sample_000035,balanced,zstd,0.0858258137346289,0.5703152706373518,1.5311412734584826,1.4346630928339053,0.0858258137346289
sample_000035,fast_access,zstd,0.05149548824077734,0.4829234566844909,2.0455679099724784,1.7833020639038044,0.05149548824077734
sample_000036,archive,zstd,0.0,0.7403812972419122,1.5173774382679222,1.097948161156183,0.0
sample_000036,balanced,zstd,0.0,1.233757794303728,2.5249590663091626,1.8297686674806322,0.0
sample_000036,fast_access,zstd,0.0,1.5790977734148597,3.7019053222820117,2.0691985184550035,0.0
sample_000037,archive,zstd,0.07667214136536854,0.427267483084936,0.7343864826382809,0.925650257458386,0.07667214136536854
sample_000037,balanced,zstd,0.054765815260977534,0.6313821652975418,1.2239774710638016,1.4956856584055709,0.054765815260977534
sample_000037,fast_access,zstd,0.03285948915658652,0.8096768372075869,1.957629028729975,2.034843429295906,0.03285948915658652
sample_000038,archive,zstd,0.0,2.226332080592743,2.4572219843658107,1.8488607118284164,0.0
sample_000038,balanced,zstd,0.0,2.2404669630923495,3.450041903108988,2.4843202232664146,0.0
sample_000038,fast_access,zstd,0.0,2.5503735682155453,4.518311558269611,3.154250220215867,0.0
sample_000039,archive,zstd,0.0,0.8024053549220111,1.1787168198368894,1.0219446050113041,0.0
sample_000039,balanced,zstd,0.0,1.1321276111449055,1.46992047488466,1.6042817832272944,0.0
sample_000039,fast_access,zstd,0.0,1.091460622753254,1.7755285741824895,1.9292677667751799,0.0
sample_000040,archive,zstd,0.27098583745886723,0.5763051157417015,0.7676509681807655,0.8591430779802147,0.27098583745886723
sample_000040,balanced,zstd,0.19356131247061945,0.7781265996280754,1.1905749353916795,1.4319051299670247,0.19356131247061945
sample_000040,fast_access,zstd,0.11613678748237166,0.7070400925070319,1.734323947511535,1.8331931908542327,0.11613678748237166
sample_000041,archive,zstd,0.06397084409244974,0.4612985164204092,0.9552277065562159,0.950352624713573,0.06397084409244974
sample_000041,balanced,zstd,0.04569346006603553,0.7133919869204361,1.5684511089986954,1.5839210411892886,0.04569346006603553
sample_000041,fast_access,zstd,0.027416076039621318,0.8582182930946678,2.158326763635106,2.2198797164363544,0.027416076039621318
sample_000042,archive,zstd,0.0,0.6299226872311466,1.469872050525065,1.058366170715001,0.0
sample_000042,balanced,zstd,0.0,1.0496772659047653,2.446491484526259,1.7638933944834945,0.0
sample_000042,fast_access,zstd,0.0,1.1864846761344847,3.4921801816254674,1.915321244546952,0.0
sample_000043,archive,zstd,0.26750858814522194,0.9043500319963154,1.0556686466518546,1.0598414745449536,0.26750858814522194
sample_000043,balanced,zstd,0.2363691913889296,1.4447401763738654,1.6524692864753878,1.7664024575749226,0.2363691913889296
sample_000043,fast_access,zstd,0.2527860044820968,1.1464156595560933,2.3348110300370886,1.9329156714483222,0.2527860044820968
sample_000044,archive,zstd,0.0,1.9519394021766974,1.2906390890481534,1.3846987959263037,0.0
sample_000044,balanced,zstd,0.0,1.491738315785707,2.0167437787249023,1.6689947058950483,0.0
sample_000044,fast_access,zstd,0.0,0.9357279937251335,2.176908661895983,1.6389426601840995,0.0
sample_000045,archive,zstd,0.048929156438650145,0.6883351661100936,0.584231511167113,1.0243254542096638,0.048929156438650145
sample_000045,balanced,zstd,0.06407846853489263,0.8684760778758044,0.9521855263312395,1.7072090903494397,0.06407846853489263
sample_000045,fast_access,zstd,0.10981330526378473,0.6529684824544908,1.3447587246476402,1.9224581688307736,0.10981330526378473
sample_000046,archive,zstd,0.560393668384223,0.6514377909822446,0.9289542200060117,1.1187277623869878,0.560393668384223
sample_000046,balanced,zstd,0.4406782879735931,0.7316564202080611,1.548257033343353,1.7020523088584525,0.4406782879735931
sample_000046,fast_access,zstd,0.3633798586470687,0.5322141514520969,2.1468817962644344,1.8422164233476774,0.3633798586470687
sample_000047,archive,zstd,0.04835553837378224,0.43932861894615005,1.048958216809184,0.8903317165169748,0.04835553837378224
sample_000047,balanced,zstd,0.034539670266987316,0.6759643700722624,1.7146501848719118,1.483886194194958,0.034539670266987316
sample_000047,fast_access,zstd,0.02072380216019239,0.544908825351922,2.2984682766221884,1.845019589209552,0.02072380216019239
sample_000048,archive,zstd,0.0,0.3152716116200589,1.3853019809783136,1.110567884711018,0.0
sample_000048,balanced,zstd,0.0,0.5249242468321604,2.2909422385749614,1.8489163046485013,0.0
sample_000048,fast_access,zstd,0.0,0.8113447480853192,3.5869402170059272,2.3957355868494496,0.0
sample_000049,archive,zstd,0.22016821483686633,0.5606962672420442,0.8305533032033169,1.0680595196120828,0.22016821483686633
sample_000049,balanced,zstd,0.23689185749424768,0.8504167055459344,1.3842555053388614,1.7289864573878786,0.23689185749424768
sample_000049,fast_access,zstd,0.3372257893929394,0.6677218034581266,1.9888727379932292,2.139891049797087,0.3372257893929394
sample_000050,archive,zstd,0.0,0.7674873000478002,2.0000641322406683,1.6343312731921324,0.0
sample_000050,balanced,zstd,0.0,0.8808127628545179,2.7048009010969025,2.358575341509922,0.0
sample_000050,fast_access,zstd,0.0,1.1670401521519933,3.311148935794536,2.753037257654866,0.0
sample_000051,archive,zstd,0.07794008555776616,0.5913960932596554,1.2634788772024244,1.1818476636906392,0.07794008555776616
sample_000051,balanced,zstd,0.12990014259627694,0.7345470609787376,1.707441112994128,1.9042449993583657,0.12990014259627694
sample_000051,fast_access,zstd,0.2598002851925539,0.5499706846148869,2.076309308311323,2.123483608695515,0.2598002851925539
sample_000052,archive,zstd,0.15383001294688423,0.4325895966308665,0.7317005407302487,0.9335405456288202,0.15383001294688423
sample_000052,balanced,zstd,0.10987858067634589,0.5971101139988695,1.202368861068512,1.555900909381367,0.10987858067634589
sample_000052,fast_access,zstd,0.06592714840580753,0.6580184228677819,1.7042883717944708,1.9775574543413992,0.06592714840580753
sample_000053,archive,zstd,0.05546099405588934,0.3515914097859487,1.1514683781662143,1.1590215990307895,0.05546099405588934
sample_000053,balanced,zstd,0.049275022564918,0.527027482632206,1.7824948276610262,1.9317026650513156,0.049275022564918
sample_000053,fast_access,zstd,0.05323207922519355,0.41277825605410856,2.405076148404399,2.4509169348280686,0.05323207922519355
sample_000054,archive,zstd,0.0,0.6452141202934326,1.6462853907910642,1.2617039810614372,0.0
sample_000054,balanced,zstd,0.0,1.0750721406921702,2.7372707023239133,2.1022909619538765,0.0
sample_000054,fast_access,zstd,0.0,1.1809275663299317,3.9929252884769646,2.46548694271718,0.0
sample_000055,archive,zstd,0.06962774330218532,0.6945522002011812,0.873127975929666,1.0682234187241404,0.06962774330218532
sample_000055,balanced,zstd,0.049734102358703805,1.0660105368361523,1.4552132932161097,1.7302479984764298,0.049734102358703805
sample_000055,fast_access,zstd,0.029840461415222282,1.0024957997264359,2.1388969739733517,2.2321463597815283,0.029840461415222282
sample_000056,archive,zstd,0.0,1.3562703889996657,2.3044943812242535,1.8852924171637593,0.0
sample_000056,balanced,zstd,0.0,1.3687811836991375,3.1244808106477233,2.5249743780537997,0.0
sample_000056,fast_access,zstd,0.0,1.3825269631835857,3.8017707653384054,2.93035943720753,0.0
sample_000057,archive,zstd,0.0,0.6931883475511543,0.9408044548396568,1.1004503155124836,0.0
sample_000057,balanced,zstd,0.0,0.8652371830777852,1.3646281861440839,1.802269421667477,0.0
sample_000057,fast_access,zstd,0.0,0.6716437495389643,1.7260545605534985,2.0576262537635177,0.0
sample_000058,archive,gzip,0.5233458415848249,0.5233458415848249,0.9299278100901873,1.2107469533788926,0.5277836963889635
sample_000058,balanced,zstd,0.46784389266640203,0.5784310874671851,1.5498796834836457,1.8315161065661858,0.46784389266640203
sample_000058,fast_access,gzip,0.41867307269761966,0.41867307269761966,2.1791685643364893,2.083261722344006,0.5033024039518401
sample_000059,archive,zstd,0.08958243491215433,0.5996085101597396,1.0345165145943689,1.106592921079212,0.08958243491215433
sample_000059,balanced,zstd,0.06398745350868167,0.9386885763236008,1.7071977081647398,1.8443215351320201,0.06398745350868167
sample_000059,fast_access,zstd,0.038392472105209,0.8582990088503972,2.226997765760373,2.352656454297536,0.038392472105209
sample_000060,archive,zstd,0.0,0.6759699488571874,1.5033756100857936,1.0556171040417786,0.0
sample_000060,balanced,zstd,0.0,1.1264055469958534,2.501592353562028,1.7592169056232914,0.0
sample_000060,fast_access,zstd,0.0,1.4856353049668152,3.7646836939157216,2.033116214873296,0.0
sample_000061,archive,zstd,0.12546219139145917,0.7325070386749172,0.7544269203449983,0.9118007288095715,0.12546219139145917
sample_000061,balanced,zstd,0.08961585099389942,1.1823286500093888,1.2573782005749972,1.5090754782032396,0.08961585099389942
sample_000061,fast_access,zstd,0.05376951059633965,0.9905706027030896,1.8594104485948757,1.8395376882770424,0.05376951059633965
sample_000062,archive,zstd,0.0,1.802422963421894,2.296573533603946,1.3741640279628962,0.0
sample_000062,balanced,zstd,0.0,1.727665192922332,3.1132898538335443,1.8533354782200946,0.0
sample_000062,fast_access,zstd,0.0,1.816411697101345,3.9132755628623643,2.2241861276289665,0.0
sample_000063,archive,zstd,0.02339269387828578,0.6454996728237187,0.6866932160240593,0.9828557012532818,0.02339269387828578
sample_000063,balanced,zstd,0.0389878231304763,0.7812981988433869,1.0520075392192232,1.6185977155170783,0.0389878231304763
sample_000063,fast_access,zstd,0.0779756462609526,0.5808583706952879,1.4688271306835996,1.8987093336813032,0.0779756462609526
sample_000064,archive,zstd,0.5022885408470352,0.6437806473254519,0.8323447293289215,1.128508518614063,0.5022885408470352
sample_000064,balanced,zstd,0.3676209792819041,0.7379924389894137,1.3872412155482026,1.6984951061070135,0.3676209792819041
sample_000064,fast_access,zstd,0.242239040327496,0.5401476552085801,1.8569134075560545,1.8633750447392234,0.242239040327496
sample_000065,archive,zstd,0.05890943586362175,0.729768503351365,1.1143799656771116,1.1063081721457622,0.05890943586362175
sample_000065,balanced,zstd,0.042078168474015534,1.1718342800779822,1.8479694625078995,1.8438469535762705,0.042078168474015534
sample_000065,fast_access,zstd,0.02524690108440932,1.0817286854968968,2.480640861681234,2.4221078227713813,0.02524690108440932
sample_000066,archive,zstd,0.0,0.7056513984327024,1.6769746148201712,1.110605173123298,0.0
sample_000066,balanced,zstd,0.0,1.175891784574025,2.7917212620287084,1.8509583984973226,0.0
sample_000066,fast_access,zstd,0.0,1.3078370966228985,4.040035797125443,1.9680588278650408,0.0
sample_000067,archive,zstd,0.2649599622235568,0.9218026817469516,1.173945854369972,1.0595177779228742,0.2649599622235568
sample_000067,balanced,zstd,0.23258621825072778,1.474313625766595,1.8500888675750384,1.7658629632047904,0.23258621825072778
sample_000067,fast_access,zstd,0.24570803177349537,1.1701472740415273,2.699462278606375,1.8988990085391642,0.24570803177349537
sample_000068,archive,zstd,0.0,2.283937977802128,2.5139362710212554,1.2503222007501964,0.0
sample_000068,balanced,zstd,0.0,1.954264900430616,3.1865427092063556,1.693914603970519,0.0
sample_000068,fast_access,zstd,0.0,1.5004551240944257,3.376094238430116,1.9008336210920018,0.0
sample_000069,archive,zstd,0.12902956347990532,0.7015899565113478,0.8451355740853836,0.8498112076247898,0.12902956347990532
sample_000069,balanced,zstd,0.09599462041640273,1.0441162180483954,1.166461850356335,1.416352012707983,0.09599462041640273
sample_000069,fast_access,zstd,0.06698185618019402,0.8165129180181387,1.3613219927102098,1.5452642974902226,0.06698185618019402
sample_000070,archive,zstd,0.2750599020260036,0.5967483947810951,0.819654942227162,0.925740075457534,0.2750599020260036
sample_000070,balanced,zstd,0.1964713585900026,0.7989837795544211,1.2682847311240144,1.5429001257625568,0.1964713585900026
sample_000070,fast_access,zstd,0.11788281515400155,0.6505584930710597,1.7927782474323368,1.83785073436897,0.11788281515400155
sample_000071,archive,zstd,0.07235200963316715,0.6205576855095902,1.1621725123193856,1.0091270056133321,0.07235200963316715
sample_000071,balanced,zstd,0.07367934620664857,1.0075755514222537,1.9253018623911236,1.6818783426888868,0.07367934620664857
sample_000071,fast_access,zstd,0.0981059890722356,0.8020573524737435,2.566900152818584,2.090330110613072,0.0981059890722356
sample_000072,archive,zstd,0.0,0.5055711608097889,1.7757625538319393,1.4540891060083743,0.0
sample_000072,balanced,zstd,0.0,0.8420901621483773,2.9418286354233496,2.4214516734774287,0.0
sample_000072,fast_access,zstd,0.0,1.036919945466951,4.30562278726209,2.986457730642756,0.0
sample_000073,archive,zstd,0.16857834395963772,0.3324984309700449,0.6655728400367277,1.039516616641545,0.16857834395963772
sample_000073,balanced,zstd,0.19236933891812968,0.44780493729233173,1.1092880667278795,1.6535007070452221,0.19236933891812968
sample_000073,fast_access,zstd,0.29171438177092945,0.3422900826852039,1.6251248300736987,2.1543904935208227,0.29171438177092945
sample_000074,archive,zstd,0.0,1.127894656349091,2.306372971646396,2.3936637495082587,0.0
sample_000074,balanced,zstd,0.0,1.1948135159255657,3.1589440414210737,3.0652433417671707,0.0
sample_000074,fast_access,zstd,0.0,1.1857916987531114,3.8174503115254894,3.2501094709092686,0.0
sample_000075,archive,zstd,0.0,0.718206205338183,1.3571086353185111,1.2846078200735445,0.0
sample_000075,balanced,zstd,0.0,0.9532257701971374,1.8671254599190554,2.075449644456255,0.0
sample_000075,fast_access,zstd,0.0,0.8702749207975266,2.2406119927339603,2.324442367610177,0.0
sample_000076,archive,zstd,0.1498553163156203,0.35211217053229654,0.7337212979781518,0.9486827506973542,0.1498553163156203
sample_000076,balanced,zstd,0.10703951165401451,0.46455810961839106,1.2086555445557647,1.5811379178289238,0.10703951165401451
sample_000076,fast_access,zstd,0.0642237069924087,0.3853178063196984,1.698987145588196,2.0107704275719054,0.0642237069924087
sample_000077,archive,zstd,0.046106598512425344,0.6575474613282841,1.373166725379901,1.3334813635858755,0.046106598512425344
sample_000077,balanced,zstd,0.03293328465173239,1.0499935572880381,2.1951129379867105,2.2224689393097927,0.03293328465173239
sample_000077,fast_access,zstd,0.019759970791039434,1.1512243368459387,3.002183312240419,2.7849135977940636,0.019759970791039434
sample_000078,archive,zstd,0.0,0.26378209783337914,1.4191316629201651,1.0570545343828979,0.0
sample_000078,balanced,zstd,0.0,0.43935210325874746,2.358590516639083,1.7612085508229778,0.0
sample_000078,fast_access,zstd,0.0,0.39813496655100333,3.7119679039250437,2.283788662975932,0.0
sample_000079,archive,zstd,0.10538242513938288,0.4377108045853835,0.6238553647495173,0.9284422040374294,0.10538242513938288
sample_000079,balanced,zstd,0.10996747930747361,0.6395135787308794,1.0397589412491954,1.5002518230453499,0.10996747930747361
sample_000079,fast_access,zstd,0.15098156789387446,0.49811019864798967,1.5898036388348924,1.96510300954367,0.15098156789387446
sample_000080,archive,zstd,0.0,1.1008854885294301,2.0707865538128796,1.856611453503478,0.0
sample_000080,balanced,zstd,0.0,0.9494191641930722,2.7349677649621,2.477172771953331,0.0
sample_000080,fast_access,zstd,0.0,0.7238110583544144,3.133658560735232,2.815696947273471,0.0
sample_000081,archive,zstd,0.13835362268345888,0.7079485039622109,1.0725382081624513,1.1779427668579774,0.13835362268345888
sample_000081,balanced,zstd,0.23058937113909814,0.8867014822260502,1.5859217625557747,1.9323745472285436,0.23058937113909814
sample_000081,fast_access,zstd,0.4611787422781963,0.665379282124195,2.095355235167741,2.3559081693518964,0.4611787422781963
sample_000082,archive,zstd,0.18581167697411832,0.7697030701596085,0.974013087392956,1.0324088531161606,0.18581167697411832
sample_000082,balanced,zstd,0.13272262641008453,1.1110218435506276,1.5629481908213088,1.7206814218602675,0.13272262641008453
sample_000082,fast_access,zstd,0.07963357584605071,1.2917916800833074,2.3284507868108824,2.350790153913046,0.07963357584605071
sample_000083,archive,zstd,0.10956502179766553,0.6265593638453643,1.0725169323936545,1.0829776413235657,0.10956502179766553
sample_000083,balanced,zstd,0.07826072985547539,0.9595046207953757,1.7485073318394346,1.8049627355392763,0.07826072985547539
sample_000083,fast_access,zstd,0.04695643791328523,0.9084694618716372,2.3154550082249727,2.2852719556290975,0.04695643791328523
sample_000084,archive,zstd,0.0,0.7006005083689957,1.5154399112340466,1.160395264269143,0.0
sample_000084,balanced,zstd,0.0,1.1674564795155338,2.5217551326766343,1.9338471726688988,0.0
sample_000084,fast_access,zstd,0.0,1.6450066508878665,3.8692161315570406,2.4367192957902657,0.0
sample_000085,archive,zstd,0.09988591554850168,0.48126771534001295,0.7290548770453349,0.8801811154610912,0.09988591554850168
sample_000085,balanced,zstd,0.07134708253464406,0.733775294429848,1.2150914617422246,1.4302648136971543,0.07134708253464406
sample_000085,fast_access,zstd,0.042808249520786434,0.6338649773687164,1.8518995431302427,1.7940902594739212,0.042808249520786434
sample_000086,archive,zstd,0.0,1.683117814830336,1.3815090288443652,1.9083649356804642,0.0
sample_000086,balanced,zstd,0.0,1.4028920794614206,2.0199722168897014,2.1226315217460794,0.0
sample_000086,fast_access,zstd,0.0,1.134648415149234,2.375697231084485,2.2163637863287455,0.0
sample_000087,archive,zstd,0.0,0.8350757321679831,1.059554824764619,1.205043607845547,0.0
sample_000087,balanced,zstd,0.0,1.1717896093343567,1.5417510616589247,1.9859513861513927,0.0
sample_000087,fast_access,zstd,0.0,1.0820743869069656,2.090445322320482,2.4183951903475966,0.0
sample_000088,archive,zstd,0.27157994168348887,0.537339297033517,0.7176135575642715,0.8223930731547491,0.27157994168348887
sample_000088,balanced,zstd,0.19398567263106348,0.7114805729159838,1.1060161015977301,1.370655121924582,0.19398567263106348
sample_000088,fast_access,zstd,0.11639140357863809,0.6107901382538694,1.5671482290500078,1.6810614738798992,0.11639140357863809
sample_000089,archive,zstd,0.08800524820959511,0.455324384555688,1.0815458384783112,1.058351395609403,0.08800524820959511
sample_000089,balanced,zstd,0.06286089157828223,0.7095977597693769,1.7805097651796222,1.7639189926823384,0.06286089157828223
sample_000089,fast_access,zstd,0.03771653494696934,0.7763570399688683,2.476997911479718,2.4036604412903295,0.03771653494696934
sample_000090,archive,zstd,0.0,0.6602139541326737,1.5740261956594677,1.095817150188408,0.0
sample_000090,balanced,zstd,0.0,1.1001627107406438,2.62030128452185,1.8263116936058394,0.0
sample_000090,fast_access,zstd,0.0,1.2419167133938869,3.8177050322247914,1.9915963298518675,0.0
sample_000091,archive,zstd,0.0887280538628841,0.7723484646743087,0.8247499571000723,0.9830782315583808,0.0887280538628841
sample_000091,balanced,zstd,0.0633771813306315,1.255519468883683,1.374583261833454,1.6362981111552888,0.0633771813306315
sample_000091,fast_access,zstd,0.0380263087983789,1.0426664697949484,2.0407513783162257,1.89229559426839,0.0380263087983789
sample_000092,archive,zstd,0.0,2.084725070011524,1.3546462287411587,1.437402496600129,0.0
sample_000092,balanced,zstd,0.0,1.7126240782310371,2.1137603400115332,1.7568342070180902,0.0
sample_000092,fast_access,zstd,0.0,1.1374466351502932,2.315276735095359,1.7508984348983563,0.0
sample_000093,archive,zstd,0.17858870736015964,0.7482282931303995,0.9613875405011659,1.0092943614929588,0.17858870736015964
sample_000093,balanced,zstd,0.1771704583118618,1.1266402438174306,1.3614042197555227,1.6821572691549314,0.1771704583118618
sample_000093,fast_access,zstd,0.22783965997089906,0.8832511583439593,1.6528225755205976,1.9382405956551776,0.22783965997089906
sample_000094,archive,zstd,0.37906837606434746,0.5402048391307357,1.0126356268280228,0.9815322162110078,0.37906837606434746
sample_000094,balanced,zstd,0.2707631257602482,0.6928981039735539,1.659740082851896,1.6358870270183463,0.2707631257602482
sample_000094,fast_access,zstd,0.1624578754561489,0.5385745966806397,2.232076922597384,1.7803534766666962,0.1624578754561489
sample_000095,archive,zstd,0.04166014296529629,0.4125667359087196,1.0570403062717504,0.8862967940780129,0.04166014296529629
sample_000095,balanced,zstd,0.02975724497521164,0.6611803489255109,1.7617338437862506,1.477106962967515,0.02975724497521164
sample_000095,fast_access,zstd,0.017854346985126984,0.5275513744279131,2.3222588145077028,1.783047733724182,0.017854346985126984
sample_000096,archive,zstd,0.0,0.5231821950224236,1.5975476201720231,1.3243717360797977,0.0
sample_000096,balanced,zstd,0.0,0.8714418858361017,2.643577419184389,2.2052560569298008,0.0
sample_000096,fast_access,zstd,0.0,1.0958150269726734,3.8761715391023737,2.6881673446316507,0.0
sample_000097,archive,zstd,0.16244363903565248,0.49452878993628235,0.7338623819096599,0.9667997239157358,0.16244363903565248
sample_000097,balanced,zstd,0.14332477599156737,0.7387645209444722,1.2231039698494333,1.5611140541535917,0.14332477599156737
sample_000097,fast_access,zstd,0.15286419846188865,0.578194097413178,1.7054945160526063,1.8605021775393402,0.15286419846188865
sample_000098,archive,zstd,0.0,0.9714695956456728,2.1114886529515555,2.0669050779787304,0.0
sample_000098,balanced,zstd,0.0,1.0322101776440602,2.836480138334636,2.69948821361441,0.0
sample_000098,fast_access,zstd,0.0,1.174734817214946,3.3898332620988327,2.9623323851208623,0.0
sample_000099,archive,zstd,0.0,0.6939986680994987,1.3926927713467476,1.2448079747227943,0.0
sample_000099,balanced,zstd,0.0,0.909939139019016,1.9233221944050127,2.0067441678835176,0.0
sample_000099,fast_access,zstd,0.0,0.8855965915422002,2.3220445675914014,2.200474807197168,0.0
sample_000100,archive,zstd,0.17572403867543918,0.27798174097410233,0.777782502125079,0.977978028626294,0.17572403867543918
sample_000100,balanced,zstd,0.14653969110192622,0.3390483913688993,1.2834105817014025,1.6299633810438232,0.14653969110192622
sample_000100,fast_access,zstd,0.1394289901788564,0.25260053655692877,1.8347604942239772,2.0717621867876166,0.1394289901788564
sample_000101,archive,zstd,0.05541773967002264,0.37594819591377915,1.1490460584861297,1.0968638627736524,0.05541773967002264
sample_000101,balanced,zstd,0.03958409976430189,0.5669407541041187,1.841424932239045,1.8281064379560874,0.03958409976430189
sample_000101,fast_access,zstd,0.023750459858581135,0.6077307984678535,2.365971312560924,2.1983140133848633,0.023750459858581135
sample_000102,archive,zstd,0.0,0.7312745120538529,1.6753411149296573,1.3664425436945984,0.0
sample_000102,balanced,zstd,0.0,1.2185061269595372,2.7858177807052944,2.2768552330091447,0.0
sample_000102,fast_access,zstd,0.0,1.4882000506460207,4.115655775968975,2.84653763583686,0.0
sample_000103,archive,zstd,0.06946791321318407,0.50080717810152,0.7069243427834062,0.8915863710398708,0.06946791321318407
sample_000103,balanced,zstd,0.0496199380094172,0.7450097744585449,1.1782072379723436,1.4377792680695687,0.0496199380094172
sample_000103,fast_access,zstd,0.029771962805650316,0.6537022094880567,1.7341838812338009,1.84167569250411,0.029771962805650316
sample_000104,archive,zstd,0.01750013798587766,1.0144168606641006,2.180338230065101,1.5716352060144156,0.01750013798587766
sample_000104,balanced,zstd,0.029166896643129433,0.9688808202191845,2.898492597937869,2.1943404570872698,0.029166896643129433
sample_000104,fast_access,zstd,0.058333793286258866,0.6668325640422001,3.255942152892894,2.402947122703056,0.058333793286258866
sample_000105,archive,zstd,0.0,0.7960169442644777,1.19003850536689,1.199673664723587,0.0
sample_000105,balanced,zstd,0.0,1.1055664436627872,1.6021432956862598,1.9490542807106777,0.0
sample_000105,fast_access,zstd,0.0,0.8812755432865693,1.9007981312260054,2.169497712095837,0.0
sample_000106,archive,zstd,0.3435649012194997,0.529751062270583,0.902429544579028,1.0906201763766097,0.3435649012194997
sample_000106,balanced,zstd,0.25349347269296224,0.6775108286195252,1.5040492409650468,1.7447834528009833,0.25349347269296224
sample_000106,fast_access,zstd,0.17191651457941048,0.5111975216209033,2.0578052561335887,2.0314696144068023,0.17191651457941048
sample_000107,archive,zstd,0.10355300916805504,0.6206067741021931,1.1796620311848838,1.198793415921791,0.10355300916805504
sample_000107,balanced,zstd,0.07396643512003932,0.9538266977354223,1.9122041865225077,1.9979890265363185,0.07396643512003932
sample_000107,fast_access,zstd,0.044379861072023595,0.9776637278850513,2.6428205827195184,2.6236217818760976,0.044379861072023595
sample_000108,archive,zstd,0.0,1.1298034717816268,1.8871104157861787,1.5051436722451035,0.0
sample_000108,balanced,zstd,0.0,1.882794751869919,3.141195862245598,2.508427852628833,0.0
sample_000108,fast_access,zstd,0.0,2.8879858826463067,4.879813782978165,3.3608646574604,0.0
sample_000109,archive,zstd,0.2501694161542638,0.850903130917343,0.9009065338248379,1.0014622205052337,0.2501694161542638
sample_000109,balanced,zstd,0.22405786821309426,1.364742981976653,1.4104984272265568,1.6691037008420562,0.22405786821309426
sample_000109,fast_access,zstd,0.24558001977997576,1.0837800501484847,2.0156707837602816,1.9118671630116437,0.24558001977997576
sample_000110,archive,zstd,0.0,2.026612476710536,2.269062102030012,1.685408506040884,0.0
sample_000110,balanced,zstd,0.0,1.9061028286507353,3.128734884281939,2.2118998802871936,0.0
sample_000110,fast_access,zstd,0.0,1.9596049214347588,4.019227299776271,2.7820825046537796,0.0
sample_000111,archive,zstd,0.02607593169497126,0.7334739729924776,0.6685567784849178,1.129698507035705,0.02607593169497126
sample_000111,balanced,zstd,0.043459886158285436,0.9270618872694701,1.0220407858175542,1.8628613761647592,0.043459886158285436
sample_000111,fast_access,zstd,0.08691977231657087,0.6973402996578772,1.3167630497556229,2.133733913427312,0.08691977231657087
sample_000112,archive,zstd,0.27419621180701725,0.5202436871552224,0.7410090730040829,0.7881283404553358,0.27419621180701725
sample_000112,balanced,zstd,0.19585443700501234,0.6810357572852604,1.1421836498027305,1.3135472340922263,0.19585443700501234
sample_000112,fast_access,zstd,0.1175126622030074,0.5429977600105842,1.6232952799960576,1.6186051506925898,0.1175126622030074
sample_000113,archive,zstd,0.06641893305882952,0.667190389484359,1.0956376472074345,1.0880049092134,0.06641893305882952
sample_000113,balanced,zstd,0.04744209504202109,1.062806770018357,1.805205987014368,1.813341515355667,0.04744209504202109
sample_000113,fast_access,zstd,0.028465257025212652,0.8872317380306489,2.448357934878308,2.3679385710296743,0.028465257025212652
sample_000114,archive,zstd,0.0,0.641741276950129,1.5193394262290767,1.074576156813908,0.0
sample_000114,balanced,zstd,0.0,1.0693749154364027,2.5291111061340104,1.7909100379816727,0.0
sample_000114,fast_access,zstd,0.0,1.2014766660789937,3.5777254553861493,1.9160091990153814,0.0
sample_000115,archive,zstd,0.10867194547967991,0.5221165692279882,0.7827260065004977,0.9702388962097325,0.10867194547967991
sample_000115,balanced,zstd,0.08799721423515518,0.8087234352694026,1.3045433441674963,1.5850906896777335,0.08799721423515518
sample_000115,fast_access,zstd,0.07821559882778342,0.6377581211989354,1.8927956814845714,1.8539345780928813,0.07821559882778342
sample_000116,archive,zstd,0.0,2.285592120740182,2.1869888090673926,1.2536490716215658,0.0
sample_000116,balanced,zstd,0.0,1.8582306315450143,2.826828237452186,1.6041932936707195,0.0
sample_000116,fast_access,zstd,0.0,1.3599803024443935,2.962258285442438,1.7234957685866221,0.0
sample_000117,archive,zstd,0.12365657518944688,0.7156957859594586,0.8540859690359532,0.8861466699785472,0.12365657518944688
sample_000117,balanced,zstd,0.0883261251353192,1.0685622040060827,1.1840203780304832,1.4769111166309121,0.0883261251353192
sample_000117,fast_access,zstd,0.052995675081191525,0.902484564587907,1.4535578242102434,1.6942492193196124,0.052995675081191525
sample_000118,archive,zstd,0.5809440626000879,0.6541531370080581,0.9643338375240545,1.1427417596378469,0.5809440626000879
sample_000118,balanced,zstd,0.47404423995186457,0.7369601182703465,1.6072230625400912,1.7421325453040133,0.47404423995186457
sample_000118,fast_access,zstd,0.42918282230303306,0.5365738281048146,2.246253748359515,1.9235128335961038,0.42918282230303306
sample_000119,archive,zstd,0.01559472310541212,0.4277488687588643,1.0658341915349117,1.0018987593362543,0.01559472310541212
sample_000119,balanced,zstd,0.011139087932437229,0.6721660805105675,1.76491389948845,1.6698312655604237,0.011139087932437229
sample_000119,fast_access,zstd,0.006683452759462337,0.6383775432815731,2.338012582923444,2.10732363136027,0.006683452759462337
sample_000120,archive,zstd,0.0,0.4507648525536082,1.5204803518613539,1.3013855724045855,0.0
sample_000120,balanced,zstd,0.0,0.7507463150547428,2.51513197199994,2.1669457841377806,0.0
sample_000120,fast_access,zstd,0.0,0.9646947267173347,3.6577903681913977,2.6870846285165833,0.0
sample_000121,archive,zstd,0.18537240612275116,0.5315525260273982,0.7656964293878228,1.0036834356904736,0.18537240612275116
sample_000121,balanced,zstd,0.18496797043854113,0.8085931047152595,1.2761607156463712,1.6249362712600024,0.18496797043854113
sample_000121,fast_access,zstd,0.23975059912273583,0.6352753179726469,1.7905267584417148,1.957775572411681,0.23975059912273583
sample_000122,archive,zstd,0.0,0.8786091789403007,2.067537872924767,2.4489585769449085,0.0
sample_000122,balanced,zstd,0.0,0.767036261445376,2.7761742288613895,3.0189751443094246,0.0
sample_000122,fast_access,zstd,0.0,0.6874442859620398,3.325902284646961,3.215005780815049,0.0
sample_000123,archive,zstd,0.0,0.6377553910355761,1.1152132550996015,1.1863178083266868,0.0
sample_000123,balanced,zstd,0.0,0.8169714085421544,1.4647305462549813,1.9099522631644867,0.0
sample_000123,fast_access,zstd,0.0,0.8375267535021551,1.8412734944374782,2.1939885709190046,0.0
sample_000124,archive,zstd,0.32563340200994656,0.49983848143340937,0.7814625498644299,1.2361518419357926,0.32563340200994656
sample_000124,balanced,zstd,0.2417112175420981,0.5867118389672212,1.3024375831073831,1.8874309837669765,0.2417112175420981
sample_000124,fast_access,zstd,0.16736075998599267,0.4324166266605078,1.623890281286135,2.1116094021058514,0.16736075998599267
sample_000125,archive,zstd,0.06709624101239933,0.37088662680087603,1.082093142837273,1.1461629666432107,0.06709624101239933
sample_000125,balanced,zstd,0.0479258864374281,0.5628934623367214,1.7661506297799963,1.9102716110720177,0.0479258864374281
sample_000125,fast_access,zstd,0.02875553186245686,0.6630168202695716,2.3629499938753487,2.4834611921617453,0.02875553186245686
sample_000126,archive,zstd,0.0,0.5853110646832413,1.700362755364278,1.4218742747620081,0.0
sample_000126,balanced,zstd,0.0,0.9752337146751846,2.827631332877983,2.369241451454828,0.0
sample_000126,fast_access,zstd,0.0,1.0800459650145768,4.194502120736809,3.0290818132284083,0.0
sample_000127,archive,zstd,0.06976096002716232,0.4454311698973188,0.6751271304617893,0.8804208440856442,0.06976096002716232
sample_000127,balanced,zstd,0.049829257162258805,0.6522630669990955,1.1252118841029821,1.418466065174552,0.049829257162258805
sample_000127,fast_access,zstd,0.029897554297355283,0.5877186013018019,1.7122839878985026,1.8534335184397892,0.029897554297355283
sample_000128,archive,zstd,0.0,1.3673833049835313,2.098747678637843,1.8970987657107805,0.0
sample_000128,balanced,zstd,0.0,1.2483558371647026,2.805120218931533,2.3490044252134843,0.0
sample_000128,fast_access,zstd,0.0,1.265290400526372,3.4521960119678776,2.6182269543371532,0.0
sample_000129,archive,zstd,0.0,0.7960488521496603,1.298272422283504,1.3105279947583643,0.0
sample_000129,balanced,zstd,0.0,1.1033615522783085,1.780888024173569,2.1341898673019983,0.0
sample_000129,fast_access,zstd,0.0,0.9228231699406675,2.133579752278187,2.4491267651537445,0.0
sample_000130,archive,gzip,0.43678828125950986,0.43678828125950986,0.8401571094485651,1.0976469359574428,0.44708651810727273
sample_000130,balanced,zstd,0.429319950395175,0.5247234540382658,1.400261849080942,1.7722022590547681,0.429319950395175
sample_000130,fast_access,gzip,0.3892902110214751,0.3892902110214751,1.9933043020398993,2.1509302241853776,0.5270244420175564
sample_000131,archive,zstd,0.04698133991550556,0.5627400848738338,1.2407306650214869,1.2981814115718946,0.04698133991550556
sample_000131,balanced,zstd,0.03355809993964683,0.890889149569422,2.0678844417024784,2.162563556840911,0.03355809993964683
sample_000131,fast_access,zstd,0.020134859963788096,0.9664718144984135,2.688966325761304,2.806020170116443,0.020134859963788096
sample_000132,archive,zstd,0.0,0.78952339307211,1.5548278274088851,1.2018960113321926,0.0
sample_000132,balanced,zstd,0.0,1.3156612873540574,2.587447162613265,2.0030150844406482,0.0
sample_000132,fast_access,zstd,0.0,1.8102159680108039,3.879853626970297,2.47727325045403,0.0
sample_000133,archive,zstd,0.1281847539870603,0.7428426632044973,0.7458977272032892,0.8965433878803877,0.1281847539870603
sample_000133,balanced,zstd,0.09156053856218593,1.1988292247468335,1.2431628786721487,1.4816449532327662,0.09156053856218593
sample_000133,fast_access,zstd,0.05493632313731156,1.0381589060176155,1.839105641166136,1.80194526267811,0.05493632313731156
sample_000134,archive,zstd,0.0,1.738759247661291,1.6311688599551437,2.002313222782686,0.0
sample_000134,balanced,zstd,0.0,1.3162137695594311,2.3267569899904936,2.3344704401202945,0.0
sample_000134,fast_access,zstd,0.0,0.9261303709787352,2.8317971585003012,2.571221006985222,0.0
sample_000135,archive,zstd,0.0,0.7506700529568451,0.8711714040902208,1.0285742389543997,0.0
sample_000135,balanced,zstd,0.0,1.0325003745341805,1.2305751046797444,1.6910021312823296,0.0
sample_000135,fast_access,zstd,0.0,0.9275237232050033,1.5863598858975758,1.9627760597608623,0.0
sample_000136,archive,zstd,0.2735554348438017,0.6730225416881634,0.8783079233318563,0.9328091987879799,0.2735554348438017
sample_000136,balanced,zstd,0.19539673917414407,0.9357819139471739,1.3722887444571235,1.5546819979799666,0.19539673917414407
sample_000136,fast_access,zstd,0.11723804350448644,0.8883586681830877,1.9400581036624758,1.9611578341557285,0.11723804350448644
sample_000137,archive,zstd,0.055956634679820996,0.3783572551373257,0.9839676401413766,1.0178022412532302,0.055956634679820996
sample_000137,balanced,zstd,0.03996902477130072,0.5962890911883965,1.6359279477336386,1.6963370687553838,0.03996902477130072
sample_000137,fast_access,zstd,0.02398141486278043,0.6483087986244005,2.1937574624235876,2.272751436476331,0.02398141486278043
sample_000138,archive,zstd,0.0,0.6435989929011822,1.4982668773573495,1.0751858795603448,0.0
sample_000138,balanced,zstd,0.0,1.072471108688158,2.493824420129573,1.7919262425590674,0.0
sample_000138,fast_access,zstd,0.0,1.2156400508455667,3.5687315016682675,1.9489529534939147,0.0
sample_000139,archive,zstd,0.0881503010381329,0.7696529417515425,0.8053338193144642,0.9834905677211603,0.0881503010381329
sample_000139,balanced,zstd,0.0629645007415235,1.2513132156129072,1.3422230321907738,1.6370607203473102,0.0629645007415235
sample_000139,fast_access,zstd,0.0377787004449141,1.030817399749933,1.9719923636896988,1.8975570223156222,0.0377787004449141
sample_000140,archive,zstd,0.0,2.2705760899833884,2.2941731970259607,1.2950571063074117,0.0
sample_000140,balanced,zstd,0.0,1.8329938406149184,3.0089261087380432,1.6732066848137959,0.0
sample_000140,fast_access,zstd,0.0,1.2650265961171105,3.2161849864222627,1.7208079785786872,0.0
sample_000141,archive,zstd,0.03406459531585562,0.7619484068441849,0.6795414876187686,0.9580069578770711,0.03406459531585562
sample_000141,balanced,zstd,0.02433185379703973,1.0788487853086297,1.0325075577451122,1.5966782631284517,0.02433185379703973
sample_000141,fast_access,zstd,0.014599112278223837,0.9214111515916532,1.3165556619833065,1.7451735898531955,0.014599112278223837
sample_000142,archive,zstd,0.4045288427942639,0.5331238673995125,0.979705287782936,0.9845348496044819,0.4045288427942639
sample_000142,balanced,zstd,0.31243543396033474,0.6799571404003022,1.6055371083548795,1.64089141600747,0.31243543396033474
sample_000142,fast_access,zstd,0.245002598689059,0.512678316530409,2.1940732344805975,1.848432000231295,0.245002598689059
sample_000143,archive,zstd,0.03714933849886868,0.5101678797941875,1.0913840512891066,0.9503596984386016,0.03714933849886868
sample_000143,balanced,zstd,0.0265352417849062,0.8214729369968752,1.8189734188151778,1.5833808345613876,0.0265352417849062
sample_000143,fast_access,zstd,0.01592114507094372,0.7479930129033343,2.434045028265854,1.9506305283540981,0.01592114507094372
sample_000144,archive,zstd,0.0,0.4766314929587351,1.5976775666613952,1.299539636873787,0.0
sample_000144,balanced,zstd,0.0,0.7938573823966208,2.644426657845038,2.1638692249197833,0.0
sample_000144,fast_access,zstd,0.0,1.0122148433603053,3.8473970284752377,2.6309586487460392,0.0
sample_000145,archive,zstd,0.011344934171651885,0.6582563018470529,1.033313787665954,1.2839765759898145,0.011344934171651885
sample_000145,balanced,zstd,0.008103524408322776,1.008665167206973,1.722189646109923,2.045202693867375,0.008103524408322776
sample_000145,fast_access,zstd,0.004862114644993665,1.245482185613933,2.500275802661578,2.5682543399862054,0.004862114644993665
sample_000146,archive,zstd,0.0,0.9491799068361652,1.9230302487834035,2.4857612377606944,0.0
sample_000146,balanced,zstd,0.0,0.9356994732682065,2.618884107843135,2.9901093214366763,0.0
sample_000146,fast_access,zstd,0.0,0.8446845947219267,3.0594882280652627,3.0341482151130093,0.0
sample_000147,archive,zstd,0.0,0.6254114055137688,1.2925253477474257,1.3214043962840416,0.0
sample_000147,balanced,zstd,0.0,0.8395965576270907,1.6695887517099828,2.0786899047784226,0.0
sample_000147,fast_access,zstd,0.0,0.7727403576466405,1.9251304496444432,2.325422880855037,0.0
sample_000148,archive,zstd,0.1532777259326104,0.3567657685303843,0.7236838315553948,0.943513913239733,0.1532777259326104
sample_000148,balanced,zstd,0.1094840899518646,0.47142115858946493,1.1955830634188014,1.5725231887328883,0.1094840899518646
sample_000148,fast_access,zstd,0.06569045397111875,0.3915445760325623,1.7084757438858782,1.9964991397280536,0.06569045397111875
sample_000149,archive,zstd,0.0411145335439081,0.47153052524222794,1.2887410957367385,1.2290746006513338,0.0411145335439081
sample_000149,balanced,zstd,0.029367523959934357,0.7465257955483839,2.0991310207844345,2.0484576677522233,0.029367523959934357
sample_000149,fast_access,zstd,0.017620514375960614,0.9451009319810773,2.8184531914985596,2.595316262944478,0.017620514375960614
sample_000150,archive,zstd,0.0,0.7838402807940085,1.9581496666807572,1.5796009678857343,0.0
sample_000150,balanced,zstd,0.0,1.306115741526463,3.2570545672600613,2.632119273327705,0.0
sample_000150,fast_access,zstd,0.0,1.5851427215515317,4.895971319790267,3.312622745518942,0.0
sample_000151,archive,zstd,0.06965514217100699,0.5604244786500812,0.6909757167148856,0.8939365434970683,0.06965514217100699
sample_000151,balanced,zstd,0.04975367297929071,0.8436675806926182,1.1516261945248092,1.4406156819896156,0.04975367297929071
sample_000151,fast_access,zstd,0.029852203787574423,0.8048454207126448,1.761462495500195,1.9045930772180708,0.029852203787574423
sample_000152,archive,zstd,0.0,1.3215210387744645,2.2905711387285463,2.124830835454724,0.0
sample_000152,balanced,zstd,0.0,1.1774057262406015,3.1248259857493714,2.728557874786723,0.0
sample_000152,fast_access,zstd,0.0,0.9079371215930282,3.7104109711329096,2.9521890281876972,0.0
sample_000153,archive,zstd,0.0,0.6599956091903593,1.0350813868419646,1.0150021530142226,0.0
sample_000153,balanced,zstd,0.0,0.8765544739573295,1.3481900906546225,1.6418896000926293,0.0
sample_000153,fast_access,zstd,0.0,0.6740133317076068,1.570884305967317,1.7938187260715333,0.0
sample_000154,archive,zstd,0.3361142162880846,0.5597434338507616,0.8551219578559583,1.04021748060197,0.3361142162880846
sample_000154,balanced,zstd,0.24008158306291758,0.72920268445163,1.4252032630932638,1.671025151966683,0.24008158306291758
sample_000154,fast_access,zstd,0.14404894983775055,0.6433730674140877,1.9275675533790357,1.9176627402653428,0.14404894983775055
sample_000155,archive,zstd,0.06547784115617929,0.43433172941670756,1.1791513731192445,1.152542899486035,0.06547784115617929
sample_000155,balanced,zstd,0.046769886540128064,0.6684008908219636,1.943425441840824,1.9209048324767248,0.046769886540128064
sample_000155,fast_access,zstd,0.028061931924076838,0.8147114986040676,2.724146424829028,2.6194339636989215,0.028061931924076838
sample_000156,archive,zstd,0.0,0.7258663199957465,1.568715221751626,1.2003063138241916,0.0
sample_000156,balanced,zstd,0.0,1.2095661655601186,2.6104411553324267,2.0003655885939797,0.0
sample_000156,fast_access,zstd,0.0,1.6469442081710255,3.997119901658956,2.533877403856486,0.0
sample_000157,archive,zstd,0.2747614653057982,0.9047248662818608,1.021033454221015,1.0546244144261403,0.2747614653057982
sample_000157,balanced,zstd,0.26168018534846976,1.4499387100919572,1.607640234792846,1.7577073573769004,0.26168018534846976
sample_000157,fast_access,zstd,0.3172920010276859,1.151260558016894,2.2798401395227605,2.0236200462188685,0.3172920010276859
sample_000158,archive,zstd,0.0,2.0438159310319692,1.9114492288853728,1.8511039993350589,0.0
sample_000158,balanced,zstd,0.0,1.7555677525545361,2.6639091553091996,2.1609770914785047,0.0
sample_000158,fast_access,zstd,0.0,1.5242583576737598,3.251529065647391,2.330383244266188,0.0
sample_000159,archive,zstd,0.010201016304193672,0.7379110093365844,0.923471874009782,1.0421005769336253,0.010201016304193672
sample_000159,balanced,zstd,0.01700169384032279,1.0135432279638739,1.3158607270965534,1.714935880297917,0.01700169384032279
sample_000159,fast_access,zstd,0.03400338768064558,0.778388314231534,1.6652519039919396,1.9391187376742527,0.03400338768064558
sample_000160,archive,zstd,0.5498842259195504,0.6297934617858514,0.8865847916543225,1.180177360234496,0.5498842259195504
sample_000160,balanced,zstd,0.4494069750895066,0.7158266877746272,1.477641319423871,1.7861890037160961,0.4494069750895066
sample_000160,fast_access,zstd,0.40839387866378196,0.522586987939433,2.084241720434787,2.021890149110292,0.40839387866378196
sample_000161,archive,zstd,0.1010931518266983,0.36884929574004605,0.9561966226332783,1.006114071948115,0.1010931518266983
sample_000161,balanced,zstd,0.08844154066303019,0.5675449785930611,1.5658374622848807,1.6768567865801915,0.08844154066303019
sample_000161,fast_access,zstd,0.09283368332552003,0.44695540572839654,2.0892134112507534,2.2296634250982765,0.09283368332552003
sample_000162,archive,zstd,0.0,0.6385587074426111,1.4748609204690437,1.0688016480236975,0.0
sample_000162,balanced,zstd,0.0,1.064070632923873,2.4549752008738883,1.781285856664655,0.0
sample_000162,fast_access,zstd,0.0,1.2187720410563236,3.495453486845046,1.953041707016367,0.0
sample_000163,archive,zstd,0.13216242773913336,0.4759193735056417,0.7327531079508984,0.9473468691992966,0.13216242773913336
sample_000163,balanced,zstd,0.12691370428074739,0.7315004859676812,1.2212551799181641,1.5464890512813425,0.12691370428074739
sample_000163,fast_access,zstd,0.15580254951279615,0.5759456182928867,1.8192262116306746,1.8716964230084459,0.15580254951279615
sample_000164,archive,zstd,0.0,2.206397723402108,2.4345798029017893,1.144636036468913,0.0
sample_000164,balanced,zstd,0.0,1.8248541441139534,3.0587242744944256,1.517770996835047,0.0
sample_000164,fast_access,zstd,0.0,1.3614036675754846,3.2639718328922553,1.6602038388913507,0.0
sample_000165,archive,zstd,0.05035054496388186,0.6555704482825444,0.5484249367654118,0.9845092029436442,0.05035054496388186
sample_000165,balanced,zstd,0.06648166444009625,0.8131970850549226,0.8932479595727518,1.6408486715727406,0.06648166444009625
sample_000165,fast_access,zstd,0.11465562285550032,0.6086446187315403,1.2723348403301258,1.892895632114422,0.11465562285550032
sample_000166,archive,zstd,0.37830621966270495,0.6809888133224593,1.083242295305383,1.095702892264903,0.37830621966270495
sample_000166,balanced,zstd,0.27021872833050353,0.926894310176239,1.7778458302679851,1.8261714871081716,0.27021872833050353
sample_000166,fast_access,zstd,0.16213123699830212,0.8276231688854668,2.3283056673209845,1.9805696438257798,0.16213123699830212
sample_000167,archive,zstd,0.037818165733502586,0.462241500139228,1.0630132423502254,0.9671012619081953,0.037818165733502586
sample_000167,balanced,zstd,0.027012975523930418,0.7293634615941471,1.7550707311340241,1.6118354365136591,0.027012975523930418
sample_000167,fast_access,zstd,0.01620778531435825,0.6676763287051886,2.3075664881723155,1.9945594779641689,0.01620778531435825
sample_000168,archive,zstd,0.0,0.7649929350283868,1.7404074563551868,1.4178239310862915,0.0
sample_000168,balanced,zstd,0.0,1.2744597858460405,2.8829034729620955,2.361009715273957,0.0
sample_000168,fast_access,zstd,0.0,1.8112057616812192,4.280705538062458,2.971778620531954,0.0
sample_000169,archive,zstd,0.09265855723004543,0.4533116985725761,0.7420713785627316,1.0511990309127937,0.09265855723004543
sample_000169,balanced,zstd,0.06618468373574674,0.6512792759641569,1.2367856309378862,1.671392059773607,0.06618468373574674
sample_000169,fast_access,zstd,0.03971081024144804,0.6273482911697039,1.7520837487568661,2.030756647420221,0.03971081024144804
sample_000170,archive,zstd,0.0,1.0095254019145354,1.8629621586421192,2.521758779529697,0.0
sample_000170,balanced,zstd,0.0,1.0362752983988235,2.518770624274328,3.0501052243850144,0.0
sample_000170,fast_access,zstd,0.0,0.9361533157174597,2.8480436271123963,2.971471926765694,0.0
sample_000171,archive,zstd,0.0,0.6406517111429598,1.2646434966791464,1.1822766624237049,0.0
sample_000171,balanced,zstd,0.0,0.8178347712135234,1.7131114102819494,1.9074110001175373,0.0
sample_000171,fast_access,zstd,0.0,0.6997220012422256,2.05162764855541,2.1203045708747195,0.0
sample_000172,archive,zstd,0.2522840510150126,0.43210877811601905,0.8552301454545419,1.2151918029799345,0.2522840510150126
sample_000172,balanced,zstd,0.18020289358215186,0.5380328472325665,1.4253835757575697,1.9368406752342537,0.18020289358215186
sample_000172,fast_access,zstd,0.10812173614929112,0.4158718946675722,1.871630538411664,2.2065444325851544,0.10812173614929112
sample_000173,archive,zstd,0.05614861993078319,0.4663671631774181,1.0490686619369554,1.2506049300774307,0.05614861993078319
sample_000173,balanced,zstd,0.04010615709341657,0.738463871120976,1.7159909997325409,2.0843415501290514,0.04010615709341657
sample_000173,fast_access,zstd,0.02406369425604994,0.892110188051661,2.3158113995155287,2.675804398024807,0.02406369425604994
sample_000174,archive,zstd,0.0,0.5217350942870804,1.6384179106667784,1.3710027796402593,0.0
sample_000174,balanced,zstd,0.0,0.8692737640149164,2.724369774930434,2.284455626251913,0.0
sample_000174,fast_access,zstd,0.0,1.1263938666664353,4.310732085647905,3.0647870431148503,0.0
sample_000175,archive,zstd,0.19418580288457907,0.9071350582971791,0.9574407711106105,1.0435483487020356,0.19418580288457907
sample_000175,balanced,zstd,0.14820267938453263,1.450750997312895,1.5195334012178137,1.739247247836726,0.14820267938453263
sample_000175,fast_access,zstd,0.11219301707481112,1.1514296828729556,2.084528083153663,1.9692876385559992,0.11219301707481112
sample_000176,archive,zstd,0.0,1.7681142417073354,2.2216218956521128,2.3733276596225963,0.0
sample_000176,balanced,zstd,0.0,1.8139329701141995,3.02474698765096,2.9230039056258836,0.0
sample_000176,fast_access,zstd,0.0,1.6581335450911991,3.512870111225579,2.9925848655901657,0.0
sample_000177,archive,zstd,0.0,0.8569833652699729,1.5985967966816546,1.4325178187366505,0.0
sample_000177,balanced,zstd,0.0,1.1756956914405925,1.9880773689785536,2.185629501944449,0.0
sample_000177,fast_access,zstd,0.0,0.9613884386888982,2.2725218079873555,2.467050064692473,0.0
sample_000178,archive,zstd,0.187249212931388,0.4969476574234733,0.7530627939745,0.8643062034894751,0.187249212931388
sample_000178,balanced,zstd,0.13374943780813428,0.6566295019426354,1.1940897373269623,1.4405103391491254,0.13374943780813428
sample_000178,fast_access,zstd,0.08024966268488057,0.5787585937276951,1.7105634977608906,1.846608798970432,0.08024966268488057
sample_000179,archive,zstd,0.09497603963247411,0.4116632698086913,1.0503650727846743,1.0809157276352352,0.09497603963247411
sample_000179,balanced,zstd,0.06784002830891009,0.6293461985776244,1.7359289624785124,1.8015262127253924,0.06784002830891009
sample_000179,fast_access,zstd,0.04070401698534605,0.7309874099625924,2.357813025307744,2.4065327817718787,0.04070401698534605
sample_000180,archive,zstd,0.0,0.888808275534868,1.7535474141582332,1.3686940965127161,0.0
sample_000180,balanced,zstd,0.0,1.4811360914586542,2.918595915188814,2.2810118930748535,0.0
sample_000180,fast_access,zstd,0.0,2.1714763285695793,4.605740331163329,3.0712991686294018,0.0
sample_000181,archive,zstd,0.07793114979156604,0.43109298656494893,0.7265744621839594,0.9233459066840385,0.07793114979156604
sample_000181,balanced,zstd,0.05566510699397575,0.6372479371167379,1.2109574369732656,1.4908914084772544,0.05566510699397575
sample_000181,fast_access,zstd,0.03339906419638545,0.7377955554562077,1.8362461947644704,1.9685121908571066,0.03339906419638545
sample_000182,archive,zstd,0.0,1.8571651749877618,2.3895965605066705,1.650833246110118,0.0
sample_000182,balanced,zstd,0.0,1.8182958759435515,3.26973916727567,2.3144508417987977,0.0
sample_000182,fast_access,zstd,0.0,2.1986097231703883,4.288769299848602,3.1098286579596492,0.0
sample_000183,archive,zstd,0.0,0.7151048436185387,0.6725900721628953,1.0939555939836092,0.0
sample_000183,balanced,zstd,0.0,0.8972265646473928,1.0283972615051495,1.803847085852021,0.0
sample_000183,fast_access,zstd,0.0,0.707021340575178,1.3812146964339953,2.0634605646473743,0.0
sample_000184,archive,zstd,0.3678854316526522,0.545447260766685,0.9043911148271304,1.0781956012328082,0.3678854316526522
sample_000184,balanced,zstd,0.262775308323323,0.7005637845005479,1.507318524711884,1.7777399251394623,0.262775308323323
sample_000184,fast_access,zstd,0.15766518499399382,0.5635773806750207,2.0428342853818307,2.1223091330690904,0.15766518499399382
sample_000185,archive,zstd,0.06853310703662338,0.4171334699187321,0.9902194203906456,0.9394818462292971,0.06853310703662338
sample_000185,balanced,zstd,0.048952219311873844,0.6381237055260096,1.6334184644525664,1.5658030770488285,0.048952219311873844
sample_000185,fast_access,zstd,0.029371331587124305,0.5971881467405342,2.2426235411038133,2.1414742324114817,0.029371331587124305
sample_000186,archive,zstd,0.0,0.669582315742093,1.4803656177199818,1.0758551577539148,0.0
sample_000186,balanced,zstd,0.0,1.1157766467563428,2.4641895631557897,1.7930417062150172,0.0
sample_000186,fast_access,zstd,0.0,1.2273539387660546,3.4995849775671366,1.897839472124561,0.0
sample_000187,archive,zstd,0.013174081572862605,0.48762872934945056,0.9245247952368034,1.0357324661951817,0.013174081572862605
sample_000187,balanced,zstd,0.009410058266330432,0.734041146820235,1.5408746587280056,1.6890759016920156,0.009410058266330432
sample_000187,fast_access,zstd,0.005646034959798259,0.8570874545650817,2.380066699594824,2.123529155251801,0.005646034959798259
sample_000188,archive,zstd,0.05387272879528987,1.9179472989121769,1.2206397626917682,1.5112365141895214,0.05387272879528987
sample_000188,balanced,zstd,0.0384805205680642,1.6239352139001928,2.0343996044862807,1.8135339942172997,0.0384805205680642
sample_000188,fast_access,zstd,0.023088312340838517,1.2048929898122487,2.2964430334835697,1.7867909741184904,0.023088312340838517
sample_000189,archive,zstd,0.12460851624872084,0.762270122125614,0.9493109627294832,0.948393095260688,0.12460851624872084
sample_000189,balanced,zstd,0.0890060830348006,1.1466890392983,1.339437960067245,1.5806551587678133,0.0890060830348006
sample_000189,fast_access,zstd,0.05340364982088036,1.0797643177303826,1.6554092324982101,1.8596969409188215,0.05340364982088036
sample_000190,archive,zstd,0.5669440561183772,0.6960117414030732,0.945418058979431,1.2073378234069325,0.5669440561183772
sample_000190,balanced,zstd,0.4520141155979614,0.806837787577768,1.5756967649657185,1.8514055518747272,0.4520141155979614
sample_000190,fast_access,zstd,0.3864909543666223,0.5924929628481114,2.160326814624238,2.0337678298448965,0.3864909543666223
sample_000191,archive,zstd,0.05532601766386297,0.5679858207713278,1.011629286079205,0.9404607195472159,0.05532601766386297
sample_000191,balanced,zstd,0.04717276658969667,0.9219369277364333,1.6860488101320086,1.5647636336118853,0.04717276658969667
sample_000191,fast_access,zstd,0.04705640718681464,0.7338436261567797,2.272288542537143,1.9062465480812674,0.04705640718681464
sample_000192,archive,zstd,0.0,0.4937765392185105,1.6335187552983945,1.3377772641503314,0.0
sample_000192,balanced,zstd,0.0,0.8224324594962467,2.704478528118096,2.2275986037140236,0.0
sample_000192,fast_access,zstd,0.0,0.9388974806821153,3.9384833882312695,2.700984933074841,0.0
sample_000193,archive,zstd,0.14223389800129907,0.7321332691655257,0.9376956997373657,1.0902906687744003,0.14223389800129907
sample_000193,balanced,zstd,0.10965273978123143,1.1829040796626176,1.5326095139546934,1.8171511146240005,0.10965273978123143
sample_000193,fast_access,zstd,0.08553153483048245,0.9407255583881052,2.112495621412514,2.04727897647457,0.08553153483048245
sample_000194,archive,zstd,0.0,0.8395627926745495,2.133595097941614,1.7328257011827213,0.0
sample_000194,balanced,zstd,0.0,1.013446768202782,2.923852940007717,2.522732721494237,0.0
sample_000194,fast_access,zstd,0.0,1.1511198899530926,3.5637580336700427,2.920708880249033,0.0
sample_000195,archive,zstd,0.0,0.8153485369826496,1.5522626408568794,2.032840039259074,0.0
sample_000195,balanced,zstd,0.0,1.0849710863872635,1.974061696615383,2.7793956276498135,0.0
sample_000195,fast_access,zstd,0.0,1.1498754124070383,2.3492886424244275,2.990503198259516,0.0
sample_000196,archive,zstd,0.26891919749631404,0.4966026167666379,0.819676566771127,1.126425348366423,0.26891919749631404
sample_000196,balanced,zstd,0.19208514106879576,0.6456790742693564,1.3661276112852119,1.7744541218742298,0.19208514106879576
sample_000196,fast_access,zstd,0.11525108464127745,0.5086060227055006,1.851503592354597,1.992079375758641,0.11525108464127745
sample_000197,archive,zstd,0.08135827346713938,0.4148403388811143,1.1166452240068916,1.0813796379494418,0.08135827346713938
sample_000197,balanced,zstd,0.058113052476528135,0.609665683406969,1.7870995063958923,1.8022993965824035,0.058113052476528135
sample_000197,fast_access,zstd,0.03486783148591688,0.616172047162261,2.3637545804706086,2.279728146582998,0.03486783148591688
sample_000198,archive,zstd,0.0,0.8634078360405146,1.9866918854817226,1.7013699252802974,0.0
sample_000198,balanced,zstd,0.0,1.4387283336039736,3.3048667004678336,2.835067535651977,0.0
sample_000198,fast_access,zstd,0.0,1.7937989683488458,4.919143545880796,3.7480053741708415,0.0
sample_000199,archive,zstd,0.11920299740618626,0.7100640339892549,0.744627949944638,0.924242745318278,0.11920299740618626
sample_000199,balanced,zstd,0.0851449981472759,1.1239760421502705,1.2410465832410633,1.5212303796763265,0.0851449981472759
sample_000199,fast_access,zstd,0.051086998888365535,0.9205720259431927,1.8152284413892075,1.9014684636416108,0.051086998888365535
sample_000200,archive,zstd,0.10568613122520641,1.0873439120481396,1.7475418999910985,2.33797476959507,0.10568613122520641
sample_000200,balanced,zstd,0.17614355204201068,0.7766742228915284,2.3924641282854475,2.625844735721251,0.17614355204201068
sample_000200,fast_access,zstd,0.24626644935605918,0.466004533734917,2.8857380507451627,2.692487337739808,0.24626644935605918
sample_000201,archive,zstd,0.065978645710188,0.8487578084107007,1.6380296232654514,1.4082185151401097,0.065978645710188
sample_000201,balanced,zstd,0.10996440951697999,1.1602074299479832,2.049775011201996,2.140654336099324,0.10996440951697999
sample_000201,fast_access,zstd,0.21992881903395997,0.890007606347909,2.397620688178052,2.4427789771153527,0.21992881903395997
sample_000202,archive,zstd,0.5104500037196062,0.6416901519601633,0.9000972286404809,1.2488414593139845,0.5104500037196062
sample_000202,balanced,zstd,0.42544159525424385,0.7681179820190748,1.5001620477341349,1.8807399623568632,0.42544159525424385
sample_000202,fast_access,zstd,0.4043093590161327,0.5692895449280803,2.0172102886641845,2.104278595992781,0.4043093590161327
sample_000203,archive,zstd,0.24552276737229742,0.24884734426701155,0.8965960572553194,1.1729750066358724,0.24552276737229742
sample_000203,balanced,zstd,0.3147528941645944,0.3322251003248917,1.4424099212225219,1.9549583443931207,0.3147528941645944
sample_000203,fast_access,gzip,0.25340200924189427,0.25340200924189427,1.8932651307165294,2.641895773323263,0.5303314843004924
sample_000204,archive,zstd,0.0,0.7603861108926319,1.5909309234901157,1.1685921487200623,0.0
sample_000204,balanced,zstd,0.0,1.267099150388261,2.6475330419518484,1.9475086467537643,0.0
sample_000204,fast_access,zstd,0.0,1.7560885255482104,4.002665684127841,2.4251496099925793,0.0
sample_000205,archive,zstd,0.11635369981817972,0.5466813698416428,0.7346924280106205,0.8898539425380472,0.11635369981817972
sample_000205,balanced,zstd,0.10073369269258457,0.8437884253262653,1.2244873800177007,1.4472314689088561,0.10073369269258457
sample_000205,fast_access,zstd,0.10361878803056843,0.6649286615995413,1.8330145823499988,1.8127768866159748,0.10361878803056843
sample_000206,archive,zstd,0.0,1.6927984896611128,2.3907469389430265,1.5710871962489117,0.0
sample_000206,balanced,zstd,0.0,1.5461720660732905,3.2702455293986787,2.190143028587393,0.0
sample_000206,fast_access,zstd,0.0,1.5650621593672889,4.216782450277659,2.9293902329344372,0.0
sample_000207,archive,zstd,0.0,0.7320227078622604,1.1606681729659527,0.9643578920436229,0.0
sample_000207,balanced,zstd,0.0,1.0133663933543844,1.443791111657073,1.5088898504608168,0.0
sample_000207,fast_access,zstd,0.0,0.8881594881819124,1.739948646798902,1.7694482412028716,0.0
sample_000208,archive,zstd,0.36796032890492486,0.5390066767248993,0.8168854143678177,0.9363156261004932,0.36796032890492486
sample_000208,balanced,zstd,0.26282880636066064,0.6908503214636186,1.3614756906130294,1.5404493084187032,0.26282880636066064
sample_000208,fast_access,zstd,0.1576972838163964,0.6548481306688745,1.8829757911029739,1.8098893520946655,0.1576972838163964
sample_000209,archive,zstd,0.04928236530473965,0.7489417292359718,1.085829821236247,1.117618057009104,0.04928236530473965
sample_000209,balanced,zstd,0.03520168950338547,1.2014581428997633,1.7958947174557616,1.8626967616818404,0.03520168950338547
sample_000209,fast_access,zstd,0.021121013702031278,0.985587938302932,2.395445730186665,2.4123350217296657,0.021121013702031278
sample_000210,archive,zstd,0.0,0.47830872320797735,1.3312704003903628,1.072217136479227,0.0
sample_000210,balanced,zstd,0.0,0.79698732586615,2.2157987941678807,1.786978337423871,0.0
sample_000210,fast_access,zstd,0.0,0.8524637933081665,3.246440641511401,2.127138329401449,0.0
sample_000211,archive,zstd,0.013249155715412483,0.5360856121511183,0.8446740877606385,1.0899623249706494,0.013249155715412483
sample_000211,balanced,zstd,0.00946368265386606,0.8146283581687097,1.4077901462677307,1.779970133889003,0.00946368265386606
sample_000211,fast_access,zstd,0.005678209592319635,0.9556932007739174,2.129590307628634,2.2600514412710053,0.005678209592319635
sample_000212,archive,zstd,0.0,2.2264607607959985,1.6910953086447498,1.4138003249361628,0.0
sample_000212,balanced,zstd,0.0,1.804859948217361,2.4297279908441722,1.7454733869775017,0.0
sample_000212,fast_access,zstd,0.0,1.188341001748831,2.5884846955448944,1.70612870915772,0.0
sample_000213,archive,zstd,0.12536423474586406,0.7199589115836463,0.9395141055369323,0.9541769812469056,0.12536423474586406
sample_000213,balanced,zstd,0.08954588196133147,1.0773729477647982,1.3287314330691684,1.5902949687448427,0.08954588196133147
sample_000213,fast_access,zstd,0.05372752917679888,0.9319947666142554,1.6338173763023345,1.8539514916706286,0.05372752917679888
sample_000214,archive,gzip,0.5569236038181491,0.5569236038181491,0.8139535775315112,1.2500271132825291,0.6560511184429716
sample_000214,balanced,gzip,0.5752689033033497,0.5752689033033497,1.356589295885852,1.922681631035317,0.6013505059585099
sample_000214,fast_access,gzip,0.4072745571836449,0.4072745571836449,1.925864504721337,2.233422256347163,0.6860295858982548
sample_000215,archive,zstd,0.046176602874031476,0.41857251369664933,1.0529403764914882,0.9550216644823177,0.046176602874031476
sample_000215,balanced,zstd,0.04427305883119081,0.6606792178000612,1.7427368052256331,1.5917027741371963,0.04427305883119081
sample_000215,fast_access,zstd,0.05422377440557688,0.5230021284858959,2.327889136805502,1.9552834961823509,0.05422377440557688
sample_000216,archive,zstd,0.0,0.557411623819318,1.6243396336165035,1.328823106624168,0.0
sample_000216,balanced,zstd,0.0,0.9284909338309257,2.6889821269438996,2.2126750078370847,0.0
sample_000216,fast_access,zstd,0.0,1.2044640961608133,3.9101890642448844,2.6978778482872667,0.0
sample_000217,archive,zstd,0.17615625450875294,0.5442962378209742,0.7871435833027542,0.9948942809438663,0.17615625450875294
sample_000217,balanced,zstd,0.17332943181481175,0.8298167282912927,1.3119059721712572,1.6144786060462746,0.17332943181481175
sample_000217,fast_access,zstd,0.22038132164485824,0.6522518324214845,1.8156146874168195,1.9456736627564597,0.22038132164485824
sample_000218,archive,zstd,0.0,1.1950745301197767,2.127170187812183,2.5969778724692993,0.0
sample_000218,balanced,zstd,0.0,1.3035489481150222,2.934423158437535,3.2656739701834088,0.0
sample_000218,fast_access,zstd,0.0,1.5601081246750301,3.6757611049776484,3.718478634460462,0.0
sample_000219,archive,zstd,0.0,0.7019214037777055,1.3029714215586021,1.3110632889287896,0.0
sample_000219,balanced,zstd,0.0,0.962781669337959,1.6861267023501934,2.0530588723732537,0.0
sample_000219,fast_access,zstd,0.0,0.9501521005338236,1.982944284762374,2.2627088466826386,0.0
sample_000220,archive,zstd,0.25497551642303307,0.44422490632812944,0.8189603785362407,1.1045284535190492,0.25497551642303307
sample_000220,balanced,zstd,0.18212536887359504,0.5600002542855799,1.3649339642270681,1.751859827448734,0.18212536887359504
sample_000220,fast_access,zstd,0.10927522132415703,0.45222766992539404,1.8342493255066898,2.0231090492853228,0.10927522132415703
sample_000221,archive,zstd,0.06597415745788199,0.27277962614086776,1.0690949920488564,1.1366690741385725,0.06597415745788199
sample_000221,balanced,zstd,0.04712439818420142,0.39115688560903883,1.724269386168303,1.8944484568976208,0.04712439818420142
sample_000221,fast_access,zstd,0.02827463891052085,0.37487916762932383,2.2758068115223686,2.466263584218193,0.02827463891052085
sample_000222,archive,zstd,0.0,0.5814454508863199,1.587086629504466,1.243492138815415,0.0
sample_000222,balanced,zstd,0.0,0.968791025013649,2.6387874156242432,2.07193789154384,0.0
sample_000222,fast_access,zstd,0.0,1.0028811875900199,3.8205270171059054,2.411868271347443,0.0
sample_000223,archive,zstd,0.18419027960595413,0.8721945430488324,0.86589547821631,0.9869696554725341,0.18419027960595413
sample_000223,balanced,zstd,0.1315644854328244,1.3932796350819732,1.3668665005299108,1.6449494257875568,0.1315644854328244
sample_000223,fast_access,zstd,0.07893869125969463,1.1520990741253405,1.8720396052781423,1.8586693032696786,0.07893869125969463
sample_000224,archive,zstd,0.0,1.6927010121127568,2.289453744694155,2.5942028117434077,0.0
sample_000224,balanced,zstd,0.0,1.689348007134742,3.1748154630538425,3.146482031022484,0.0
sample_000224,fast_access,zstd,0.0,1.635071439036412,3.855040701950403,3.430351156231051,0.0
sample_000225,archive,zstd,0.0,0.8075750028714453,1.2110981864199803,1.1945144668081882,0.0
sample_000225,balanced,zstd,0.0,1.1237905901716285,1.635510637796032,1.9393119461576669,0.0
sample_000225,fast_access,zstd,0.0,0.9413747381297011,1.913620405006747,2.1768029816815204,0.0
sample_000226,archive,zstd,0.1851971688880151,0.5942581180349323,0.839491860289443,0.9405549257862598,0.1851971688880151
sample_000226,balanced,zstd,0.13228369206286794,0.8195826480339543,1.3395386817748633,1.5675915429770995,0.13228369206286794
sample_000226,fast_access,zstd,0.07937021523772077,0.7809140774070878,1.9112076839008183,2.0370845182968615,0.07937021523772077
sample_000227,archive,zstd,0.0637483586694679,0.6360344470618939,1.1432067822319807,1.206371303632215,0.0637483586694679
sample_000227,balanced,zstd,0.04553454190676279,1.001288673211404,1.8639809785659356,2.010618839387025,0.04553454190676279
sample_000227,fast_access,zstd,0.027320725144057673,0.881577849446103,2.522856308400385,2.5858737302616435,0.027320725144057673
sample_000228,archive,zstd,0.0,0.7773927840696715,1.6212475638062946,1.2178626638320331,0.0
sample_000228,balanced,zstd,0.0,1.2954436056833267,2.698086053327673,2.0296261719403823,0.0
sample_000228,fast_access,zstd,0.0,1.7740755001281991,4.142617989438532,2.5475075736666417,0.0
sample_000229,archive,zstd,0.10855559113815474,0.4763444498987362,0.6555059373093568,0.8397684692535305,0.10855559113815474
sample_000229,balanced,zstd,0.0857096060867567,0.7256678792699572,1.0925098955155947,1.3632906421739723,0.0857096060867567
sample_000229,fast_access,zstd,0.07144201407283715,0.5702983728317754,1.6348745303890744,1.6830225594918036,0.07144201407283715
sample_000230,archive,zstd,0.0,1.9791805000100602,1.9759871690034378,1.8995248221713321,0.0
sample_000230,balanced,zstd,0.0,1.6490106000696303,2.777852022850075,2.241678462872293,0.0
sample_000230,fast_access,zstd,0.0,1.299657795505875,3.4149482934574786,2.436898934169659,0.0
sample_000231,archive,zstd,0.0,0.6872245521470935,0.6532438173028082,0.9965582190395881,0.0
sample_000231,balanced,zstd,0.0,0.8501537993668118,0.9970513802528014,1.641742125355885,0.0
sample_000231,fast_access,zstd,0.0,0.7169863812692661,1.3822232987517418,1.917026483466392,0.0
sample_000232,archive,zstd,0.27150875514521605,0.5346258206556134,0.7700475511756824,0.8561879982114797,0.27150875514521605
sample_000232,balanced,zstd,0.19393482510372578,0.7083413728450232,1.1949977204445754,1.426979997019133,0.19393482510372578
sample_000232,fast_access,zstd,0.11636089506223546,0.5570567608938043,1.7287138351156912,1.8016547990813931,0.11636089506223546
sample_000233,archive,zstd,0.02667932684029725,0.36152868024481916,1.0811642386671665,0.9932161734800792,0.02667932684029725
sample_000233,balanced,zstd,0.01905666202878375,0.56383192482489,1.786277134562062,1.6553602891334656,0.01905666202878375
sample_000233,fast_access,zstd,0.01143399721727025,0.5643029151756848,2.473690940983188,2.2064207229269184,0.01143399721727025
sample_000234,archive,zstd,0.0,0.6733699404734738,1.557224521768861,1.0895928619909434,0.0
sample_000234,balanced,zstd,0.0,1.1220893546419772,2.592158652507036,1.8159378799433985,0.0
sample_000234,fast_access,zstd,0.0,1.2017162834493855,3.688506842278637,1.944321282788306,0.0
sample_000235,archive,zstd,0.013759471546117686,0.4606876907304355,0.8485054848392419,1.0515236679863302,0.013759471546117686
sample_000235,balanced,zstd,0.009828193961512634,0.6890392872126883,1.4141758080654032,1.7152209127136535,0.009828193961512634
sample_000235,fast_access,zstd,0.00589691637690758,0.7334097868639147,2.200035363575486,2.1946493848551865,0.00589691637690758
sample_000236,archive,zstd,0.0,2.34657805137897,2.251780265431708,1.30017431399693,0.0
sample_000236,balanced,zstd,0.0,1.9592438287537741,2.934813998059378,1.6817353642963264,0.0
sample_000236,fast_access,zstd,0.0,1.3694183207840978,3.0495857005680405,1.720878998337216,0.0
sample_000237,archive,zstd,0.09089270016141751,0.681329971538311,0.6114403491264003,1.053540484039608,0.09089270016141751
sample_000237,balanced,zstd,0.11773724942413305,0.8567353848398972,0.9975290265335135,1.7559008067326802,0.11773724942413305
sample_000237,fast_access,zstd,0.20003638546112515,0.6435661227133246,1.4391837957179427,2.0177074513742936,0.20003638546112515
sample_000238,archive,zstd,0.3808956856984566,0.5520383875866905,0.9737777990471481,0.9987438504139701,0.3808956856984566
sample_000238,balanced,zstd,0.27992698612578926,0.7175944477696325,1.6005664633111525,1.6645730840232837,0.27992698612578926
sample_000238,fast_access,zstd,0.18720985771135804,0.5437051284844783,2.145709587797968,1.8445278185165979,0.18720985771135804
sample_000239,archive,zstd,0.0268005891139827,0.4482041753047945,1.0626101100333754,0.9562494102498641,0.0268005891139827
sample_000239,balanced,zstd,0.019143277938559074,0.7011892646537274,1.7507425721472298,1.5937490170831068,0.019143277938559074
sample_000239,fast_access,zstd,0.011485966763135444,0.684867137723052,2.3461522220316002,2.0688554266980415,0.011485966763135444
sample_000240,archive,zstd,0.0,0.4701662843367514,1.5838781414018892,1.308704452867894,0.0
sample_000240,balanced,zstd,0.0,0.7830820346933147,2.621823334085174,2.1791439182432946,0.0
sample_000240,fast_access,zstd,0.0,0.9513187925141044,3.808150431227601,2.6387151904243034,0.0
sample_000241,archive,zstd,0.13365672113838342,0.6951834222580815,0.9131596839996367,1.103625255527751,0.13365672113838342
sample_000241,balanced,zstd,0.09546908652741673,1.1227021938726676,1.4916074634836125,1.8393754258795854,0.09546908652741673
sample_000241,fast_access,zstd,0.05728145191645004,0.9235991488018445,2.0595416025863003,2.193513664914257,0.05728145191645004
sample_000242,archive,zstd,0.0,0.9257214686378442,2.073327094268164,2.053320862145618,0.0
sample_000242,balanced,zstd,0.0,0.9559632992976794,2.7635533792124907,2.676847853892556,0.0
sample_000242,fast_access,zstd,0.0,0.99267974155074,3.243532063063091,2.8898825346740384,0.0
sample_000243,archive,zstd,0.0,0.5936721973219906,1.0554499551218708,1.187791212584818,0.0
sample_000243,balanced,zstd,0.0,0.7884257351514794,1.288943223196971,1.8505955215929197,0.0
sample_000243,fast_access,zstd,0.0,0.6985781937748999,1.4579062376663314,1.9712694366424421,0.0
sample_000244,archive,zstd,0.33932934722413816,0.4632254868801625,0.9613497461795009,1.2818278948467385,0.33932934722413816
sample_000244,balanced,zstd,0.25543157282911105,0.5335311918341898,1.602249576965835,1.9616767728031985,0.25543157282911105
sample_000244,fast_access,zstd,0.18523993948654688,0.3910482605224397,2.1585788327480855,2.200859535746895,0.18523993948654688
sample_000245,archive,zstd,0.06376412831371439,0.3357306113948965,1.0419175935426996,1.1000814320430266,0.06376412831371439
sample_000245,balanced,zstd,0.04554580593836743,0.5099882177063969,1.7038975513140198,1.8334690534050442,0.04554580593836743
sample_000245,fast_access,zstd,0.027327483563020456,0.610106021161914,2.2042789460161956,2.336380846215496,0.027327483563020456
sample_000246,archive,zstd,0.0,0.3619950280270989,1.3891271576281623,1.0460119640424141,0.0
sample_000246,balanced,zstd,0.0,0.6030403202482805,2.3089456387151053,1.7428042669221715,0.0
sample_000246,fast_access,zstd,0.0,0.7772732440045229,3.6445824653573373,2.2748945617865326,0.0
sample_000247,archive,zstd,0.13066187059028816,0.7537575666472203,0.7811876380752281,0.9972821752735719,0.13066187059028816
sample_000247,balanced,zstd,0.10034683863314037,1.1927763774149849,1.301979396792047,1.6398422355910314,0.10034683863314037
sample_000247,fast_access,zstd,0.0773995842980738,0.9446981668824307,1.8724860170462072,2.055823616856416,0.0773995842980738
sample_000248,archive,zstd,0.0,1.5838521958279967,2.286417608917125,2.294700706155943,0.0
sample_000248,balanced,zstd,0.0,1.4996993675708026,3.0914895739472543,2.791958983181461,0.0
sample_000248,fast_access,zstd,0.0,1.1616522584634321,3.560362067260505,2.857482399212233,0.0
sample_000249,archive,zstd,0.0,0.5151620943910018,1.1522950699834282,1.2445829677766604,0.0
sample_000249,balanced,zstd,0.0,0.6483470406509252,1.3402880375508262,1.7628444877150202,0.0
sample_000249,fast_access,zstd,0.0,0.7324943627388993,1.6780191996008933,2.0902913098413802,0.0
sample_000250,archive,zstd,0.3544585526028312,0.535556759541624,0.8977858601691469,1.0664182230588943,0.3544585526028312
sample_000250,balanced,zstd,0.2703187102740747,0.6889334316390406,1.496309766948578,1.7092386882324666,0.2703187102740747
sample_000250,fast_access,zstd,0.20416959928097317,0.5205975701716826,2.03387870140258,1.954147322099876,0.20416959928097317
sample_000251,archive,zstd,0.09283953736330866,0.5419093844901335,1.0559857316978798,1.116438545967412,0.09283953736330866
sample_000251,balanced,zstd,0.06631395525950619,0.8282327497664594,1.704846356567989,1.8607309099456866,0.06631395525950619
sample_000251,fast_access,zstd,0.03978837315570371,0.8154134727232002,2.3017710205348747,2.3986437635294324,0.03978837315570371
sample_000252,archive,zstd,0.0,0.7086995073336156,1.778338268699608,1.332930085829131,0.0
sample_000252,balanced,zstd,0.0,1.1809548111232337,2.9598331201881556,2.2214052086022122,0.0
sample_000252,fast_access,zstd,0.0,1.4880729181910262,4.572453632201341,2.8795630418281206,0.0
sample_000253,archive,zstd,0.1252437084744686,0.7890588135695492,0.7664776811562939,0.9303638536087081,0.1252437084744686
sample_000253,balanced,zstd,0.08945979176747758,1.2770750132616686,1.2774628019271566,1.5389545764934225,0.08945979176747758
sample_000253,fast_access,zstd,0.053675875060486544,1.122564630270531,1.856885563103536,1.8595443838733146,0.053675875060486544
sample_000254,archive,zstd,0.0,1.9059379155599006,2.0173289004674633,1.4346956867850655,0.0
sample_000254,balanced,zstd,0.0,1.7057272032294257,2.706630150718756,1.7940451815274963,0.0
sample_000254,fast_access,zstd,0.0,1.5737360429264522,3.1137957251139508,1.909779729076266,0.0
sample_000255,archive,zstd,0.03338538356104083,0.6965656021422097,1.1832776996055507,0.987503055281317,0.03338538356104083
sample_000255,balanced,zstd,0.055642305935068054,0.9493184478813004,1.4697027010398074,1.5449916141609257,0.055642305935068054
sample_000255,fast_access,zstd,0.11128461187013611,0.7277111249516829,1.770634685488133,1.8200273026654092,0.11128461187013611
sample_000256,archive,zstd,0.41704159859852885,0.48831622845754996,0.8703018525027191,0.9670997066167841,0.41704159859852885
sample_000256,balanced,zstd,0.34587993312387544,0.6042138920359211,1.4505030875045317,1.5921487524069629,0.34587993312387544
sample_000256,fast_access,zstd,0.3251109984803945,0.4519241403197376,2.0597435798419794,1.8801901111563133,0.3251109984803945
sample_000257,archive,zstd,0.08706446841308642,0.6188719382506881,1.0709140517058482,1.0745573644767477,0.08706446841308642
sample_000257,balanced,zstd,0.06218890600934744,0.9886890145085034,1.7804758856389253,1.7909289407945794,0.06218890600934744
sample_000257,fast_access,zstd,0.037313343605608465,0.8898913075122984,2.445774572164823,2.4115448587598256,0.037313343605608465
sample_000258,archive,zstd,0.0,0.644789232499934,1.473812768798499,1.0803567413507942,0.0
sample_000258,balanced,zstd,0.0,1.0744548413527444,2.4530106377303413,1.8005443455431496,0.0
sample_000258,fast_access,zstd,0.0,1.164850251193081,3.455423316036221,1.9326465682403735,0.0
sample_000259,archive,zstd,0.2890131954968506,0.9030780766546835,1.027184811540471,1.1228402315408728,0.2890131954968506
sample_000259,balanced,zstd,0.27490416904153314,1.4457127587891048,1.6074216443962155,1.8714003859014545,0.27490416904153314
sample_000259,fast_access,zstd,0.3326846234571875,1.1476576016859787,2.2345541198515813,2.163304944825427,0.3326846234571875
sample_000260,archive,zstd,0.0,2.2993330643499124,2.5346242949699294,1.2804535683809568,0.0
sample_000260,balanced,zstd,0.0,1.9799233780102568,3.2229229879370496,1.744133550021786,0.0
sample_000260,fast_access,zstd,0.0,1.476842376632487,3.373064161197417,1.9049333261785633,0.0
sample_000261,archive,zstd,0.12181165292597404,0.7328694974300597,0.8573525895867109,0.8777344661173541,0.12181165292597404
sample_000261,balanced,zstd,0.0870083235185529,1.1007395053141638,1.193041575222244,1.462890776862257,0.0870083235185529
sample_000261,fast_access,zstd,0.05220499411113173,0.9283600016231535,1.4372436401666624,1.6515925261269455,0.05220499411113173
sample_000262,archive,zstd,0.27421056852943354,0.5856320609056975,0.8108462243206124,0.8921355983412456,0.27421056852943354
sample_000262,balanced,zstd,0.19586469180673827,0.7812077380234781,1.2538524860058513,1.486892663902076,0.19586469180673827
sample_000262,fast_access,zstd,0.11751881508404295,0.6286161710238849,1.7937632498441216,1.781482998362371,0.11751881508404295
sample_000263,archive,zstd,0.013867407880826169,0.4346906809893389,1.142762923706523,1.0248643419224166,0.013867407880826169
sample_000263,balanced,zstd,0.009905291343447264,0.691216572345789,1.9037012948852416,1.7081072365373609,0.009905291343447264
sample_000263,fast_access,zstd,0.005943174806068358,0.639478664422935,2.52101931295451,2.1475483088034504,0.005943174806068358
sample_000264,archive,zstd,0.0,0.533056619110157,1.6077183693115589,1.3191612736295029,0.0
sample_000264,balanced,zstd,0.0,0.8878992593156574,2.66096355780771,2.1965719528459764,0.0
sample_000264,fast_access,zstd,0.0,1.1376683341566411,3.8781611844508928,2.667495488563199,0.0
sample_000265,archive,zstd,0.09515056779006154,0.37195346389749917,0.6798014290182244,0.98926454371199,0.09515056779006154
sample_000265,balanced,zstd,0.06796469127861539,0.5130082172543358,1.1330023816970405,1.5708950516231917,0.06796469127861539
sample_000265,fast_access,zstd,0.040778814767169234,0.39773396166328623,1.5890031636257096,1.91488013431783,0.040778814767169234
sample_000266,archive,zstd,0.0,1.0789593859155817,2.285264524890544,2.14588901569952,0.0
sample_000266,balanced,zstd,0.0,1.3013770207056259,3.1638769397012805,3.025362644042888,0.0
sample_000266,fast_access,zstd,0.0,1.5600719506339893,3.8233633221727903,3.471301580915302,0.0
sample_000267,archive,zstd,0.25119209780915264,0.5095489224648655,1.318221219111722,1.3814087051207373,0.25119209780915264
sample_000267,balanced,zstd,0.41865349634858773,0.7966758208332294,1.7505021541442338,2.163921598682399,0.41865349634858773
sample_000267,fast_access,gzip,0.6294547991753516,0.6294547991753516,2.015185716821537,2.1679905219814413,0.8373069926971755
sample_000268,archive,zstd,0.3516190277959685,0.4846288719670956,0.8542007593478178,1.2642966940682068,0.3516190277959685
sample_000268,balanced,zstd,0.2708563443463489,0.5612238209610121,1.4236679322463628,1.9130502257574167,0.2708563443463489
sample_000268,fast_access,zstd,0.21077855161341935,0.4120054119211876,1.8680645543726335,2.1534039704243293,0.21077855161341935
sample_000269,archive,zstd,0.03780076930713501,0.6089554063976232,1.1616471727023847,1.1997465646667882,0.03780076930713501
sample_000269,balanced,zstd,0.02700054950509644,0.966997630220646,1.8296127595087432,1.9995776077779803,0.02700054950509644
sample_000269,fast_access,zstd,0.01620032970305786,1.183242088117044,2.49093993828824,2.5398161847946774,0.01620032970305786
sample_000270,archive,zstd,0.0,0.6654577605518139,1.7042678928316866,1.3095295557998483,0.0
sample_000270,balanced,zstd,0.0,1.1088115411228057,2.834149970611251,2.1820002531845617,0.0
sample_000270,fast_access,zstd,0.0,1.254768744412423,4.154895989277778,2.6540399162854205,0.0
sample_000271,archive,zstd,0.06955184253578478,0.6067977337461332,0.7138510905788226,0.8811112877200975,0.06955184253578478
sample_000271,balanced,zstd,0.04967988752556056,0.9202464329768714,1.1897518176313708,1.4223356512095904,0.04967988752556056
sample_000271,fast_access,zstd,0.029807932515336335,0.8978310474580279,1.7716169492043745,1.8381037341397701,0.029807932515336335
sample_000272,archive,zstd,0.0,1.7011316044813525,2.3718557946003704,2.401038974473667,0.0
sample_000272,balanced,zstd,0.0,1.6846107385152755,3.2405867739883325,2.9691894303776682,0.0
sample_000272,fast_access,zstd,0.0,1.2994612665750953,3.5870170845180316,2.9243450233054995,0.0
sample_000273,archive,zstd,0.0,0.4426569195620785,1.2050966068411944,1.2556920517210306,0.0
sample_000273,balanced,zstd,0.0,0.5567867802134525,1.420462539100696,1.82031341686504,0.0
sample_000273,fast_access,zstd,0.0,0.45080302288656204,1.6233698940812615,2.0330021606287403,0.0
sample_000274,archive,zstd,0.3575946146986125,0.45686031003643146,0.7324800854792345,1.058569658503324,0.3575946146986125
sample_000274,balanced,zstd,0.2817223921829166,0.5564586940364288,1.2208001424653907,1.7040549986864113,0.2817223921829166
sample_000274,fast_access,zstd,0.23346272043532384,0.4144206818254995,1.6567192641042894,2.091203353854169,0.23346272043532384
sample_000275,archive,zstd,0.06196808450366142,0.3936270743631056,1.0412789089905354,1.1152657904910124,0.06196808450366142
sample_000275,balanced,zstd,0.0442629175026153,0.6171475119449262,1.730490867465977,1.8587763174850207,0.0442629175026153
sample_000275,fast_access,zstd,0.02655775050156918,0.5999557629252866,2.2469757486519724,2.4973558807976257,0.02655775050156918
sample_000276,archive,zstd,0.0,0.7948240675753244,1.662859839652901,1.2369197073514973,0.0
sample_000276,balanced,zstd,0.0,1.3244957448594148,2.7673994028405406,2.061387911139489,0.0
sample_000276,fast_access,zstd,0.0,1.79123450148636,4.2401199047618885,2.5947815390520876,0.0
sample_000277,archive,zstd,0.13552788111609926,0.7320863479088145,0.755359526438889,0.8960233870044816,0.13552788111609926
sample_000277,balanced,zstd,0.10727623162639272,1.1805569193609042,1.2589325440648151,1.48566905245331,0.10727623162639272
sample_000277,fast_access,zstd,0.0900187145073241,0.9385074864156554,1.8097161999907547,1.772890342662428,0.0900187145073241
sample_000278,archive,zstd,0.06741920354181324,1.6016274713586218,1.4868559708267004,1.94014466021623,0.06741920354181324
sample_000278,balanced,zstd,0.1123653392363554,1.2648187750190698,2.1955504535269266,2.175597729305689,0.1123653392363554
sample_000278,fast_access,zstd,0.2247306784727108,0.8011709684284608,2.60943286062496,2.202408534877291,0.2247306784727108
sample_000279,archive,zstd,0.04061907816348886,0.6912738520607655,0.7300372896095264,1.1195493922519195,0.04061907816348886
sample_000279,balanced,zstd,0.06769846360581476,0.8567762978052447,1.1226696893024444,1.846297597099157,0.06769846360581476
sample_000279,fast_access,zstd,0.13539692721162952,0.641119019899791,1.5519307661431467,2.1900903336584805,0.13539692721162952
sample_000280,archive,zstd,0.5111134749314347,0.6332891139026646,0.8868014456628701,1.1843942452582434,0.5111134749314347
sample_000280,balanced,zstd,0.3924658247906731,0.7311685713407307,1.478002409438117,1.798939111646816,0.3924658247906731
sample_000280,fast_access,zstd,0.30257218448154233,0.536287864298028,2.0504350085624807,2.0330166563220327,0.30257218448154233
sample_000281,archive,zstd,0.13162962557312607,0.6558913932151242,1.0708793423613119,1.0333112934187914,0.13162962557312607
sample_000281,balanced,zstd,0.1273238414104575,1.011933686259962,1.7298833305088355,1.722185489031319,0.1273238414104575
sample_000281,fast_access,zstd,0.1579858715489247,0.7973641536431828,2.2902817650013123,2.2048666223381903,0.1579858715489247
sample_000282,archive,zstd,0.0,0.6772794775458564,1.5732296027561414,1.1003816187250894,0.0
sample_000282,balanced,zstd,0.0,1.128605249762615,2.618847707113905,1.8339191411669753,0.0
sample_000282,fast_access,zstd,0.0,1.2677396927078148,3.7699313961404544,2.0039965992661135,0.0
sample_000283,archive,zstd,0.012184614634207707,0.4323515207050732,0.7955035940760053,1.0140639262890832,0.012184614634207707
sample_000283,balanced,zstd,0.00870329616729122,0.6428984669526588,1.3258393234600092,1.653491331670113,0.00870329616729122
sample_000283,fast_access,zstd,0.005221977700374732,0.6938726208368786,2.0249134004993072,2.112566198462681,0.005221977700374732
sample_000284,archive,zstd,0.0,2.2718786892261567,2.5684154304721494,1.2760159070400987,0.0
sample_000284,balanced,zstd,0.0,1.9338121351512265,3.2760774848479115,1.7367374477870232,0.0
sample_000284,fast_access,zstd,0.0,1.4856628587045384,3.5441236437780823,1.9237121386882063,0.0
sample_000285,archive,zstd,0.12395131203590658,0.7556823773145609,0.9260902482489,0.9046345023532256,0.12395131203590658
sample_000285,balanced,zstd,0.08853665145421899,1.1371556385168589,1.3043784796135585,1.5077241705887094,0.08853665145421899
sample_000285,fast_access,zstd,0.053121990872531395,1.010598730932456,1.6047630024463395,1.7085059804113858,0.053121990872531395
sample_000286,archive,zstd,0.5503443734280524,0.6716889954111283,0.9338270864632796,1.1463816618401754,0.5503443734280524
sample_000286,balanced,zstd,0.4259135462673974,0.767328474849538,1.5563784774387994,1.7506356818008286,0.4259135462673974
sample_000286,fast_access,zstd,0.3359336626164703,0.5610398022542791,2.0934428611689064,1.913309504764904,0.3359336626164703
sample_000287,archive,zstd,0.05045225519994967,0.6410051748813924,1.0834728946143,0.9822548916745073,0.05045225519994967
sample_000287,balanced,zstd,0.036037325142821194,1.0429812852874432,1.8057881576905,1.6318505109388366,0.036037325142821194
sample_000287,fast_access,zstd,0.021622395085692716,0.8797544314998599,2.399207151118895,2.0161777034546318,0.021622395085692716
sample_000288,archive,zstd,0.0,0.37084305314748717,1.5698572472621821,1.3015402717185285,0.0
sample_000288,balanced,zstd,0.0,0.617543316044541,2.5978616877254157,2.1672036163276855,0.0
sample_000288,fast_access,zstd,0.0,0.5846396485173222,3.727820256106998,2.575427507768891,0.0
sample_000289,archive,zstd,0.17911847803020037,0.709309958889096,0.9634820323496913,1.0646467253318166,0.17911847803020037
sample_000289,balanced,zstd,0.17353579924354284,1.1482438007793894,1.5762579339941847,1.7744112088863608,0.17353579924354284
sample_000289,fast_access,zstd,0.2158268511399551,0.913504121018146,2.1504589417669293,2.0363022803899815,0.2158268511399551
sample_000290,archive,zstd,0.0,0.946886803691416,1.887128295035383,2.3942975544434737,0.0
sample_000290,balanced,zstd,0.0,0.8899027374010873,2.5241750223890094,2.9278734401403663,0.0
sample_000290,fast_access,zstd,0.0,0.7770121371722426,2.9687905308344886,3.106825053912498,0.0
sample_000291,archive,zstd,0.0,0.633355536153476,1.2195457893482446,1.239338276991088,0.0
sample_000291,balanced,zstd,0.0,0.8544803506381129,1.578349203598437,1.9377855155103518,0.0
sample_000291,fast_access,zstd,0.0,0.6595715110177691,1.7513861141286116,2.015133997382826,0.0
sample_000292,archive,zstd,0.3171156524460487,0.6870950306727015,1.0405000408427219,1.4244668094510393,0.3171156524460487
sample_000292,balanced,zstd,0.22651118031860623,0.9036185686951832,1.73416673473787,2.195000144859537,0.22651118031860623
sample_000292,fast_access,zstd,0.13590670819116374,0.9209748883737044,2.335738030834679,2.5462108727478268,0.13590670819116374
sample_000293,archive,zstd,0.027826904532487394,0.27654661143855336,1.094925384926991,1.0784644026436276,0.027826904532487394
sample_000293,balanced,zstd,0.01987636038034814,0.4255026408910388,1.7796866488254683,1.7974406710727129,0.01987636038034814
sample_000293,fast_access,zstd,0.011925816228208885,0.37429092056556734,2.182950071775533,2.130268724347869,0.011925816228208885
sample_000294,archive,zstd,0.0,0.5888332083182293,1.6892739323055108,1.288332825374057,0.0
sample_000294,balanced,zstd,0.0,0.9811039540668312,2.8089384152401404,2.1466723691415757,0.0
sample_000294,fast_access,zstd,0.0,1.208686788919928,4.2515242699031885,2.6812361653326864,0.0
sample_000295,archive,zstd,0.0,0.8149571084601368,1.0770863200961922,1.2757658829474208,0.0
sample_000295,balanced,zstd,0.0,1.260155901936782,1.7858897447339244,2.0534352133840486,0.0
sample_000295,fast_access,zstd,0.0,1.6023293325741874,2.780415701111592,2.8407561313702336,0.0
sample_000296,archive,zstd,0.04268574750560825,1.3523326516763088,2.0279901433115377,2.5706716516324435,0.04268574750560825
sample_000296,balanced,zstd,0.0711429125093471,1.2183221222718106,2.781355843381924,3.0136728724502064,0.0711429125093471
sample_000296,fast_access,zstd,0.1422858250186942,0.8193228532391427,3.136412371432728,3.0435934260902435,0.1422858250186942
sample_000297,archive,zstd,0.036908254940955565,0.6138276377319947,1.432812238657089,1.472823931549628,0.036908254940955565
sample_000297,balanced,zstd,0.06151375823492594,0.8396862768622548,1.8038164592505062,2.1810547859615745,0.06151375823492594
sample_000297,fast_access,zstd,0.12302751646985188,0.6442450535861435,2.0423103611291706,2.4271759445983934,0.12302751646985188
sample_000298,archive,zstd,0.1886635566960038,0.6082361364451209,0.8102557263314776,0.9267835756048861,0.1886635566960038
sample_000298,balanced,zstd,0.13475968335428842,0.8398618747745348,1.289706355501893,1.5446392926748103,0.13475968335428842
sample_000298,fast_access,zstd,0.08085581001257305,0.817414307776666,1.8465597268061675,2.020702194406035,0.08085581001257305
sample_000299,archive,zstd,0.13422768898835663,0.6155098742532821,1.3093155997930277,1.2588627887091084,0.13422768898835663
sample_000299,balanced,zstd,0.09587692070596904,0.9416241865904219,2.12916892175991,2.098104647848514,0.09587692070596904
sample_000299,fast_access,zstd,0.05752615242358142,1.0718752155388152,2.8472523305663784,2.753207090230284,0.05752615242358142
sample_000300,archive,zstd,0.0,0.6933934288579284,1.7167543964992982,1.31785300631378,0.0
sample_000300,balanced,zstd,0.0,1.1554446803304217,2.857418321418971,2.1962767427432937,0.0
sample_000300,fast_access,zstd,0.0,1.538298052258169,4.445419681538722,2.9069943378440364,0.0
sample_000301,archive,zstd,0.15717695181223387,0.5244219453224023,0.7121894325261284,0.8575669736178886,0.15717695181223387
sample_000301,balanced,zstd,0.16735883808987867,0.806189259345774,1.1869823875435475,1.393039526768257,0.16735883808987867
sample_000301,fast_access,zstd,0.2353847905027206,0.6347743100478848,1.7932693555935528,1.764081080812219,0.2353847905027206
sample_000302,archive,zstd,0.0,1.9559955390719246,2.1864862532113816,1.6306487178317237,0.0
sample_000302,balanced,zstd,0.0,1.7899060605576522,3.0014046845358706,2.12063356660526,0.0
sample_000302,fast_access,zstd,0.0,1.768019711896797,3.760374728896602,2.5800514215047468,0.0
sample_000303,archive,zstd,0.0,0.8641983322923528,1.363473243527586,1.1211467487893043,0.0
sample_000303,balanced,zstd,0.0,1.134410524469206,1.554359033183308,1.6333955559604902,0.0
sample_000303,fast_access,zstd,0.0,1.3203529406716936,1.7935040472759445,1.861602852375401,0.0
sample_000304,archive,zstd,0.5640859017544375,0.6471771208786585,0.8915222506000864,1.1827424554055739,0.5640859017544375
sample_000304,balanced,zstd,0.4714300323403192,0.7450062783756559,1.4858704176668107,1.786627682316934,0.4714300323403192
sample_000304,fast_access,zstd,0.45071127056770777,0.5459616842372086,2.0666855031886877,2.014298421834903,0.45071127056770777
sample_000305,archive,zstd,0.0690093085957658,0.6690926730823143,1.1560056529645761,1.101063171677322,0.0690093085957658
sample_000305,balanced,zstd,0.06802411494015528,1.0618671420788617,1.880857151948399,1.8351052861288701,0.06802411494015528
sample_000305,fast_access,zstd,0.08670726052488344,0.8415006167043401,2.528820317686788,2.3414443115217165,0.08670726052488344
sample_000306,archive,zstd,0.0,0.677911118297587,1.5430945682882877,1.1077086319665213,0.0
sample_000306,balanced,zstd,0.0,1.1296579843488326,2.568909332087114,1.846130829902695,0.0
sample_000306,fast_access,zstd,0.0,1.2620788692029234,3.638783657586572,1.9881385620710965,0.0
sample_000307,archive,zstd,0.2666831505170024,0.9309614850167315,1.0667643991093372,1.104283813299137,0.2666831505170024
sample_000307,balanced,zstd,0.2407927325036505,1.494792513478337,1.6766588389994765,1.8404730221652283,0.2407927325036505
sample_000307,fast_access,zstd,0.2677223207313797,1.1873125165502374,2.3166158628919575,2.023312172676219,0.2677223207313797
sample_000308,archive,zstd,0.0,2.3672309729860217,1.9835014291847672,1.3508252251755581,0.0
sample_000308,balanced,zstd,0.0,1.980394661633632,2.6949752273918426,1.6906638348682184,0.0
sample_000308,fast_access,zstd,0.0,1.378207401628628,2.7975907256746924,1.673863127948851,0.0
sample_000309,archive,zstd,0.18695339826186802,0.5114268037937363,1.0149335978022822,0.7913883719368725,0.18695339826186802
sample_000309,balanced,zstd,0.13737077158020106,0.723880623569668,1.3156334451028733,1.3189806198947875,0.13737077158020106
sample_000309,fast_access,zstd,0.09181240636134415,0.5598298914427506,1.4696820250446965,1.4742317672996688,0.09181240636134415
sample_000310,archive,zstd,0.391122900535015,0.5533993413812737,0.9781039403110495,1.0074003384925803,0.391122900535015
sample_000310,balanced,zstd,0.29105333432279473,0.7145070038370624,1.6026241666081869,1.6790005641543002,0.29105333432279473
sample_000310,fast_access,zstd,0.20324759374824775,0.540431818299891,2.136630928173998,1.876715599906642,0.20324759374824775
sample_000311,archive,zstd,0.03909653700774974,0.45293821544208257,1.093717519666268,0.92616812178606,0.03909653700774974
sample_000311,balanced,zstd,0.027926097862678387,0.7084267148687721,1.796298298671843,1.5436135363101,0.027926097862678387
sample_000311,fast_access,zstd,0.016755658717607032,0.5953564489292444,2.3930910456751553,1.860724301199725,0.016755658717607032
sample_000312,archive,zstd,0.0,0.5324088239662932,1.6133362729834841,1.3469529543552006,0.0
sample_000312,balanced,zstd,0.0,0.8868196007425511,2.670010418783957,2.242891420722139,0.0
sample_000312,fast_access,zstd,0.0,1.1323909488522494,3.8891513950232133,2.7725449934732644,0.0
sample_000313,archive,zstd,0.12978225633195392,0.598278565122146,0.8177546648201437,1.0467336493125146,0.12978225633195392
sample_000313,balanced,zstd,0.09270161166568137,0.9171580651509242,1.3629244413669062,1.6988126370999677,0.09270161166568137
sample_000313,fast_access,zstd,0.05562096699940882,0.7334250585341151,1.8662060710736834,2.0036809826377713,0.05562096699940882
sample_000314,archive,zstd,0.0,0.8142950452824735,2.12729021871664,1.8227412971400285,0.0
sample_000314,balanced,zstd,0.0,0.9688133739893845,2.916844378556856,2.6725920480897494,0.0
sample_000314,fast_access,zstd,0.0,1.1417331637564703,3.637401616092724,3.113275719353739,0.0
sample_000315,archive,zstd,0.0,0.6292722271270853,1.3115013217513949,1.828546058156456,0.0
sample_000315,balanced,zstd,0.0,0.7888130974970092,1.6239071583061335,2.4812479296270005,0.0
sample_000315,fast_access,zstd,0.0,0.7473087694154237,1.909810666851162,2.5954200409594055,0.0
sample_000316,archive,zstd,0.32327263126150724,0.489027923289963,0.8611406771753816,1.2546415923664629,0.32327263126150724
sample_000316,balanced,zstd,0.23090902232964805,0.5746368441880633,1.4352344619589692,1.9162771715270641,0.23090902232964805
sample_000316,fast_access,zstd,0.13854541339778884,0.5530946856150103,2.0342277846381704,2.2838830644928434,0.13854541339778884
sample_000317,archive,zstd,0.04145991171778534,0.23122086220886579,0.9898869256663188,1.0049435599459144,0.04145991171778534
sample_000317,balanced,zstd,0.02961422265556096,0.32938262537022134,1.5893854988223786,1.6749059332431908,0.02961422265556096
sample_000317,fast_access,zstd,0.017768533593336574,0.3215678627754543,2.113599648692813,2.116315699383261,0.017768533593336574
sample_000318,archive,zstd,0.0,0.6853911017749115,1.730712170741806,1.3828062344737089,0.0
sample_000318,balanced,zstd,0.0,1.142033776494635,2.8782136918405294,2.304128050974329,0.0
sample_000318,fast_access,zstd,0.0,1.3534854328642034,4.265951610399914,2.8901154117479337,0.0
sample_000319,archive,zstd,0.18411019567815812,0.9469246278249981,1.0391681224985,1.096864559360545,0.18411019567815812
sample_000319,balanced,zstd,0.1315072826272558,1.518136143245158,1.6562811647448923,1.828107598934242,0.1315072826272558
sample_000319,fast_access,zstd,0.07890436957635348,1.2709518391320929,2.281160844524905,2.078845274537498,0.07890436957635348
sample_000320,archive,zstd,0.0,1.4202892463883205,1.9622373858447562,2.4653987804115656,0.0
sample_000320,balanced,zstd,0.0,1.3315831134584963,2.6717679142706214,2.838218087082077,0.0
sample_000320,fast_access,zstd,0.0,1.0163869335959697,2.90129951675977,2.7434219565319404,0.0
sample_000321,archive,zstd,0.04884559386783245,0.6813744478874619,0.9554717141314989,1.1534306462310506,0.04884559386783245
sample_000321,balanced,zstd,0.08140932311305409,0.8452754327256337,1.3868106670546694,1.8915001030494218,0.08140932311305409
sample_000321,fast_access,zstd,0.16281864622610817,0.6326680491174865,1.7652880884302578,2.2321007508864574,0.16281864622610817
sample_000322,archive,zstd,0.4352145945202769,0.5955814172237636,0.8340968869480937,1.199764755836601,0.4352145945202769
sample_000322,balanced,zstd,0.3205522976994903,0.6996460473407802,1.390161478246823,1.8115931494643804,0.3205522976994903
sample_000322,fast_access,zstd,0.21605896757296075,0.5157683906678002,1.8919485867831094,2.0394828628836557,0.21605896757296075
sample_000323,archive,zstd,0.1004969007618204,0.4359021217777464,1.0877600606014508,1.0934700317260657,0.1004969007618204
sample_000323,balanced,zstd,0.07178350054415743,0.6761042915736206,1.7866406752003652,1.8224500528767762,0.07178350054415743
sample_000323,fast_access,zstd,0.043070100326494457,0.7277384689856873,2.431478433362938,2.354700113105298,0.043070100326494457
sample_000324,archive,zstd,0.0,0.8530006606282596,1.7518836985463175,1.3453975622663938,0.0
sample_000324,balanced,zstd,0.0,1.4214567332809738,2.9158129445610443,2.24218433599765,0.0
sample_000324,fast_access,zstd,0.0,2.0591050800773028,4.582826110893084,2.981969679510443,0.0
sample_000325,archive,zstd,0.12521056953223303,0.7589782679602401,0.7815413176556967,0.9336624104181753,0.12521056953223303
sample_000325,balanced,zstd,0.08943612109445218,1.2265293526786265,1.3025688627594945,1.5442762552780267,0.08943612109445218
sample_000325,fast_access,zstd,0.0536616726566713,0.9804332329043327,1.8799668029099998,1.8417027968834583,0.0536616726566713
sample_000326,archive,zstd,0.0,2.029563328893669,1.9966828282344435,1.6961490193247786,0.0
sample_000326,balanced,zstd,0.0,1.7913956634749164,2.750077338176151,2.061659473758036,0.0
sample_000326,fast_access,zstd,0.0,1.6530690509027473,3.31579889849253,2.2767183262303456,0.0
sample_000327,archive,zstd,0.06772082891123202,0.7017877400194178,0.7235747747873782,1.0927159841978469,0.06772082891123202
sample_000327,balanced,zstd,0.1128680481853867,0.8731840872947274,1.1126829835342977,1.801483703997656,0.1128680481853867
sample_000327,fast_access,zstd,0.2257360963707734,0.6540779479251366,1.5559491674992354,2.155183349048602,0.2257360963707734
sample_000328,archive,zstd,0.4926486729721652,0.6763086733443289,0.9129135992207578,1.179872582200193,0.4926486729721652
sample_000328,balanced,zstd,0.3518919092658323,0.7921155586325226,1.5215226653679297,1.7834368429497431,0.3518919092658323
sample_000328,fast_access,zstd,0.2111351455594994,0.6496405834626141,2.131307192310316,2.034166138172433,0.2111351455594994
sample_000329,archive,zstd,0.05352667563649669,0.6644130160950228,1.1138086237488145,1.1194692185678115,0.05352667563649669
sample_000329,balanced,zstd,0.03823333974035478,1.0564948558980107,1.831344476389257,1.8657820309463522,0.03823333974035478
sample_000329,fast_access,zstd,0.02294000384421287,0.8787375763358372,2.4565167451380683,2.4351747956550374,0.02294000384421287
sample_000330,archive,zstd,0.0,0.6661597944801078,1.5371668418216857,1.0782132929037376,0.0
sample_000330,balanced,zstd,0.0,1.110072444653034,2.558739309265455,1.7969719314647221,0.0
sample_000330,fast_access,zstd,0.0,1.2240400595084266,3.6229440221392966,1.9017804553220818,0.0
sample_000331,archive,zstd,0.09912842896888714,0.4931952882716417,0.703001072748602,0.9267578815298361,0.09912842896888714
sample_000331,balanced,zstd,0.07080602069206225,0.7600184968310421,1.1716684545810034,1.5116757802154952,0.07080602069206225
sample_000331,fast_access,zstd,0.04248361241523735,0.6062893216273467,1.7128575113767668,1.7842438696548644,0.04248361241523735
sample_000332,archive,zstd,0.0,2.1649479741365085,1.4789780934294052,1.4173478850323689,0.0
sample_000332,balanced,zstd,0.0,1.8463289184393454,2.2836743453932478,1.723409854405157,0.0
sample_000332,fast_access,zstd,0.0,1.306119761196587,2.5193938862536314,1.684555234340873,0.0
sample_000333,archive,zstd,0.12857247612944459,0.7040840967487731,0.8581382189155469,0.8669296959749044,0.12857247612944459
sample_000333,balanced,zstd,0.09183748294960328,1.049545866174556,1.1914067433970228,1.4448828266248408,0.09183748294960328
sample_000333,fast_access,zstd,0.05510248976976197,0.8891478648268523,1.4439380575936334,1.625492120028149,0.05510248976976197
sample_000334,archive,zstd,0.2851547076669284,0.5982398302817816,0.8006157437687518,0.8757251622768893,0.2851547076669284
sample_000334,balanced,zstd,0.20751408847832192,0.795440354678757,1.2263102109686121,1.459541937128149,0.20751408847832192
sample_000334,fast_access,zstd,0.13389723144175708,0.6061083793743738,1.6875522398419307,1.7110811260647152,0.13389723144175708
sample_000335,archive,zstd,0.07464592580783311,0.6930750113082133,1.1194600518643725,0.9467907796673958,0.07464592580783311
sample_000335,balanced,zstd,0.05331851843416651,1.102368351785454,1.8266883153036255,1.577984632778993,0.05331851843416651
sample_000335,fast_access,zstd,0.031991111060499906,0.8946455732369967,2.4226607247443184,1.8974866937422639,0.031991111060499906
sample_000336,archive,zstd,0.0,0.8410572405894419,1.5807571704283028,1.3210929858105496,0.0
sample_000336,balanced,zstd,0.0,1.4012336284477989,2.6160677758664717,2.1997914731477204,0.0
sample_000336,fast_access,zstd,0.0,2.161148789461629,3.775611049620939,2.6667381759603037,0.0
sample_000337,archive,zstd,0.18365204522549167,0.686645407840046,0.9317323240551152,1.0772606711683508,0.18365204522549167
sample_000337,balanced,zstd,0.16664853581617292,1.1078770474825907,1.5197728002270336,1.7954344519472514,0.16664853581617292
sample_000337,fast_access,zstd,0.18688695509471695,0.8808218431484497,2.0684497270523337,2.061540570611369,0.18688695509471695
sample_000338,archive,zstd,0.0,0.9917155315482511,2.080095236838173,2.091817699473308,0.0
sample_000338,balanced,zstd,0.0,1.0552004828617683,2.7841577781456657,2.7410092494387066,0.0
sample_000338,fast_access,zstd,0.0,1.1249961954976895,3.2325154533875313,2.9533140393190447,0.0
sample_000339,archive,zstd,0.0,0.6200231545027319,1.3043339097060316,1.229710413771187,0.0
sample_000339,balanced,zstd,0.0,0.7850559193922485,1.7731467546546125,1.9830107188846886,0.0
sample_000339,fast_access,zstd,0.0,0.645096713755987,2.112868835339139,2.2165791786262155,0.0
sample_000340,archive,zstd,0.2598493259503376,0.45311106591414235,0.8724371067671427,1.1540480815985936,0.2598493259503376
sample_000340,balanced,zstd,0.1856066613930983,0.5820046010369668,1.4540618446119047,1.842638590296281,0.1856066613930983
sample_000340,fast_access,zstd,0.11136399683585899,0.542805700407108,1.9799137760149699,2.1722954354029924,0.11136399683585899
sample_000341,archive,zstd,0.061892357290347165,0.30804854249361935,1.107079714625498,1.1215259033855287,0.061892357290347165
sample_000341,balanced,zstd,0.04420882663596226,0.4523476803224406,1.7938813815457921,1.8692098389758813,0.04420882663596226
sample_000341,fast_access,zstd,0.026525295981577355,0.49349461447796217,2.3611124798276073,2.373966553424986,0.026525295981577355
sample_000342,archive,zstd,0.0,0.526571244935831,1.7044970170778546,1.3587977574230512,0.0
sample_000342,balanced,zstd,0.0,0.8773340150961673,2.8342800078340633,2.2641139225565663,0.0
sample_000342,fast_access,zstd,0.0,0.8545262392221026,4.210906538783708,2.8485336524230984,0.0
sample_000343,archive,zstd,0.18693282890171464,0.8842291362101276,0.9559424482171139,1.0261755052015167,0.18693282890171464
sample_000343,balanced,zstd,0.13682899841417528,1.4164516867840884,1.518599017681774,1.7102925086691947,0.13682899841417528
sample_000343,fast_access,zstd,0.09019599458523397,1.1245718183923523,2.0656240471769753,1.9001867502991125,0.09019599458523397
sample_000344,archive,zstd,0.05428150101664463,1.3497784540836348,2.0208006964786644,2.0238950628701966,0.05428150101664463
sample_000344,balanced,zstd,0.0904691683610744,1.1025217251098416,2.6162679437701994,2.340616244371884,0.0904691683610744
sample_000344,fast_access,zstd,0.07237533468885952,1.000578966938656,3.171201718654818,2.550604853279266,0.07237533468885952
sample_000345,archive,zstd,0.0,0.783722538690132,0.9851009471369618,1.0998828323673482,0.0
sample_000345,balanced,zstd,0.0,1.0131798711377606,1.439334463416281,1.802750525098044,0.0
sample_000345,fast_access,zstd,0.0,0.8079112493112083,1.7054348083106778,1.9522612526870304,0.0
sample_000346,archive,zstd,0.49726500478850666,0.5762709382770117,0.8484911033208629,1.169344133989001,0.49726500478850666
sample_000346,balanced,zstd,0.4191881191241288,0.670132121486123,1.4141518388681047,1.76584857818004,0.4191881191241288
sample_000346,fast_access,zstd,0.4083100049487061,0.49255778084256396,1.959027347607634,2.014621132565316,0.4083100049487061
sample_000347,archive,zstd,0.09922114540381329,0.597888427636773,1.107938453804213,1.0828306456899612,0.09922114540381329
sample_000347,balanced,zstd,0.0708722467170095,0.935013045090244,1.8005809172322447,1.8047177428166021,0.0708722467170095
sample_000347,fast_access,zstd,0.042523348030205695,0.852371482633598,2.3719131322723914,2.277009415257162,0.042523348030205695
sample_000348,archive,zstd,0.0,0.6853274554515946,1.6393317513044874,1.1854045617137008,0.0
sample_000348,balanced,zstd,0.0,1.1420013913198654,2.7282111992003335,1.9755293350764953,0.0
sample_000348,fast_access,zstd,0.0,1.4484315622640807,4.138840850808968,2.426860886272931,0.0
sample_000349,archive,zstd,0.07654767307295794,0.40692167040131233,0.6577701141901777,0.8770466808225728,0.07654767307295794
sample_000349,balanced,zstd,0.05467690933782711,0.5979986393362642,1.0962835236502964,1.4145395908210758,0.05467690933782711
sample_000349,fast_access,zstd,0.03280614560269626,0.5466096102095843,1.6416855385115716,1.8328354123771664,0.03280614560269626
sample_000350,archive,zstd,0.0,1.818160797093644,1.5671800154323354,1.877241567376413,0.0
sample_000350,balanced,zstd,0.0,1.4469974921069595,2.238889500430277,2.126017681109839,0.0
sample_000350,fast_access,zstd,0.0,1.0460635718962794,2.622563777114947,2.197709913181064,0.0
sample_000351,archive,zstd,0.0,0.6998779934361328,0.7150668323112983,1.0478877114765646,0.0
sample_000351,balanced,zstd,0.0,0.872254322720277,1.099316691187373,1.7266587092700019,0.0
sample_000351,fast_access,zstd,0.0,0.6548553621863583,1.4788118486116435,1.9257274591587,0.0
sample_000352,archive,zstd,0.27156861215396066,0.5677284628797815,0.7523837644085968,0.8321161727378992,0.27156861215396066
sample_000352,balanced,zstd,0.1939775801099719,0.7630597749739144,1.1646809897373886,1.3868602878964986,0.1939775801099719
sample_000352,fast_access,zstd,0.11638654806598314,0.6591579939820524,1.651635466072893,1.7319379368581385,0.11638654806598314
sample_000353,archive,zstd,0.05697883575389969,0.4887015721016083,1.0349585498241902,1.0531231297206354,0.05697883575389969
sample_000353,balanced,zstd,0.04069916839564264,0.7803780022640974,1.7182121023651713,1.755205216201059,0.04069916839564264
sample_000353,fast_access,zstd,0.02441950103738558,0.9580632280499783,2.3698381651572955,2.393464444567976,0.02441950103738558
sample_000354,archive,zstd,0.0,0.6293677780203464,1.497529141372771,1.0646103465185859,0.0
sample_000354,balanced,zstd,0.0,1.0487524172200984,2.492521478427884,1.7743003541561357,0.0
sample_000354,fast_access,zstd,0.0,1.1147023136280276,3.5058242481225337,1.8513789834415184,0.0
sample_000355,archive,zstd,0.10476345047458235,0.7772901690662442,0.812329417044168,0.9663448034312692,0.10476345047458235
sample_000355,balanced,zstd,0.09158048218067417,1.263960160472771,1.35388236174028,1.607883278394945,0.09158048218067417
sample_000355,fast_access,zstd,0.09598443232053712,1.0064396101825714,1.965353817108748,1.864211426044108,0.09598443232053712
sample_000356,archive,zstd,0.11742056177214161,1.9296071023686934,1.197272314090716,1.4980589121882666,0.11742056177214161
sample_000356,balanced,zstd,0.10314330638409208,1.6027483682143335,1.99545385681786,1.7503210550698165,0.10314330638409208
sample_000356,fast_access,zstd,0.10910110137023304,1.0402091742114434,2.153538381225787,1.6053019734502074,0.10910110137023304
sample_000357,archive,zstd,0.18361394264826617,0.5094623434896972,0.999358739553881,0.7818701990507415,0.18361394264826617
sample_000357,balanced,zstd,0.131152816177333,0.7216122496791378,1.2958682382569404,1.3031169984179027,0.131152816177333
sample_000357,fast_access,zstd,0.0786916897063998,0.5631417663760057,1.41298018961717,1.4319869031330839,0.0786916897063998
sample_000358,archive,zstd,0.2945762118032734,0.5814605183016035,0.7793842584503414,0.8812798309251684,0.2945762118032734
sample_000358,balanced,zstd,0.22482047907893443,0.7691082089862755,1.1970860412707052,1.4687997182086139,0.22482047907893443
sample_000358,fast_access,zstd,0.17019409053502155,0.5852876689615609,1.6657452101606305,1.7432461410777216,0.17019409053502155
sample_000359,archive,zstd,0.010899033252440633,0.44477163380957746,1.1395248030275655,1.0021590408750665,0.010899033252440633
sample_000359,balanced,zstd,0.007785023751743309,0.6955367430911169,1.8791536578094648,1.670265068125111,0.007785023751743309
sample_000359,fast_access,zstd,0.0046710142510459855,0.684155213803042,2.4871922237414257,2.0508194590826645,0.0046710142510459855
sample_000360,archive,zstd,0.0,0.3035795541216278,1.4391599690267771,1.3290379257519485,0.0
sample_000360,balanced,zstd,0.0,0.5054374843347753,2.380191102869266,2.213033039716719,0.0
sample_000360,fast_access,zstd,0.0,0.5567674696519913,3.467862946159925,2.78809666983679,0.0
sample_000361,archive,zstd,0.013242860149508708,0.41893264602560226,0.8873590947623549,1.142445974646464,0.013242860149508708
sample_000361,balanced,zstd,0.009459185821077649,0.6089431792397526,1.478931824603925,1.808602255604075,0.009459185821077649
sample_000361,fast_access,zstd,0.005675511492646589,0.6321553665230479,2.167804676562659,2.318554747093235,0.005675511492646589
sample_000362,archive,zstd,0.0,0.7468946687197627,1.9524028527874617,1.6749976720184145,0.0
sample_000362,balanced,zstd,0.0,0.8440179910434316,2.6201229443680822,2.4263526728870595,0.0
sample_000362,fast_access,zstd,0.0,1.0229422747008692,3.088702732892537,2.831785743790528,0.0
sample_000363,archive,zstd,0.0,0.6919134695082569,1.4227291757463103,1.5388606970211907,0.0
sample_000363,balanced,zstd,0.0,1.1099486930457343,1.9627654080189358,2.434118731060463,0.0
sample_000363,fast_access,zstd,0.0,1.29308559254019,2.4845175662267147,2.795280475290604,0.0
sample_000364,archive,zstd,0.153917254757308,0.40482139120602173,0.788642835436828,0.9762342940549874,0.153917254757308
sample_000364,balanced,zstd,0.10994089625522001,0.5475435879821934,1.2944661695016622,1.6270571567583123,0.10994089625522001
sample_000364,fast_access,zstd,0.065964537753132,0.5157930784604936,1.8512228916638296,2.1035790361599878,0.065964537753132
sample_000365,archive,zstd,0.07890381358988574,0.528453192998481,1.1868056321728546,1.1935174611453563,0.07890381358988574
sample_000365,balanced,zstd,0.05635986684991839,0.8043001457046401,1.9087839893758316,1.9891957685755939,0.05635986684991839
sample_000365,fast_access,zstd,0.033815920109951034,1.0098703532257454,2.660194639216715,2.69015389159422,0.033815920109951034
sample_000366,archive,zstd,0.0,0.5833413337228048,1.6305574266557574,1.2721701007082626,0.0
sample_000366,balanced,zstd,0.0,0.9719508297411238,2.711027214318025,2.1197344946985854,0.0
sample_000366,fast_access,zstd,0.0,1.247268237308957,4.236529160267685,2.7902266312510564,0.0
sample_000367,archive,zstd,0.06957849012882407,0.6022473628912046,0.7154774543863937,0.952686083829174,0.06957849012882407
sample_000367,balanced,zstd,0.04969892152058862,0.9120054693980266,1.1924624239773227,1.53827819057086,0.04969892152058862
sample_000367,fast_access,zstd,0.029819352912353173,0.9087282882132339,1.8261017262480572,2.036232170276834,0.029819352912353173
sample_000368,archive,zstd,0.0,1.5144443130890566,2.330392183526783,2.132445227291435,0.0
sample_000368,balanced,zstd,0.0,1.4934575173405777,3.164524170670633,2.741248527847909,0.0
sample_000368,fast_access,zstd,0.0,1.3570517679724037,3.7552769486998634,3.0041389184200233,0.0
sample_000369,archive,zstd,0.0,0.7408630310444074,0.9944968924957809,1.1141625662210504,0.0
sample_000369,balanced,zstd,0.0,0.9430580571765463,1.4512699444780472,1.8244046568114727,0.0
sample_000369,fast_access,zstd,0.0,0.7988463957743452,1.8195938320126221,2.1124818887174155,0.0
sample_000370,archive,zstd,0.18207279740739743,0.6940987089706505,0.9028304111658271,0.9951281536920094,0.18207279740739743
sample_000370,balanced,zstd,0.13005199814814103,0.9886482687635292,1.446744068233238,1.6585469228200156,0.13005199814814103
sample_000370,fast_access,zstd,0.07803119888888461,1.068059730279563,2.129867224184156,2.1783045961141667,0.07803119888888461
sample_000371,archive,zstd,0.07561142856914724,0.5980020916978949,1.1306051007478888,1.0309489410211063,0.07561142856914724
sample_000371,balanced,zstd,0.054008163263676606,0.9257451790320311,1.8104594426828444,1.7182482350351773,0.054008163263676606
sample_000371,fast_access,zstd,0.03240489795820596,0.7838773322679115,2.25879829105076,2.0003475783224873,0.03240489795820596
sample_000372,archive,zstd,0.0,0.6152858759102179,1.6175248303036902,1.2266819592035536,0.0
sample_000372,balanced,zstd,0.0,1.0252654254175708,2.6918941366071825,2.044324997559583,0.0
sample_000372,fast_access,zstd,0.0,1.2744190049580704,4.122100185981399,2.566124731865693,0.0
sample_000373,archive,zstd,0.09762535436019008,0.5154093802861754,0.7344575357850414,0.8865151337590735,0.09762535436019008
sample_000373,balanced,zstd,0.06973239597156435,0.7911410793616426,1.2240958929750692,1.4414211578823526,0.06973239597156435
sample_000373,fast_access,zstd,0.04183943758293861,0.6571067066598324,1.8083367661947907,1.8015570388255933,0.04183943758293861
sample_000374,archive,zstd,0.08501374742439657,1.8805606440547291,1.904550933591576,1.8461800319966635,0.08501374742439657
sample_000374,balanced,zstd,0.14168957904066096,1.4846441734774118,2.63983300694995,2.1527704792478453,0.14168957904066096
sample_000374,fast_access,zstd,0.2833791580813219,0.940271803789859,3.180761190654448,2.2678253349446047,0.2833791580813219
sample_000375,archive,zstd,0.044617871195621064,0.7015291655473553,1.195230562182097,1.0450992948060063,0.044617871195621064
sample_000375,balanced,zstd,0.07436311865936844,0.9547984621788674,1.4729319727894687,1.6351151114934288,0.07436311865936844
sample_000375,fast_access,zstd,0.14872623731873688,0.7316762476830851,1.7423734275957106,1.9690045242805958,0.14872623731873688
sample_000376,archive,zstd,0.2688821720066008,0.5553782960198648,0.7734785786945031,0.8502387572318173,0.2688821720066008
sample_000376,balanced,zstd,0.19205869429042915,0.7443185837617079,1.2017287653985849,1.4170645953863623,0.19205869429042915
sample_000376,fast_access,zstd,0.11523521657425749,0.6232404599487054,1.7063810886921655,1.7585670538790037,0.11523521657425749
sample_000377,archive,zstd,0.05912645569853091,0.3935466827809586,1.0390164617377802,1.0321392939140632,0.05912645569853091
sample_000377,balanced,zstd,0.042233182641807795,0.613515784030394,1.7254476542228445,1.7202321565234386,0.042233182641807795
sample_000377,fast_access,zstd,0.025339909585084676,0.7437309473101379,2.419896148575319,2.4192733272272418,0.025339909585084676
sample_000378,archive,zstd,0.0,0.6685937249190931,1.5194587679832492,1.078941789962009,0.0
sample_000378,balanced,zstd,0.0,1.114128995384676,2.529194850633838,1.7981860932285079,0.0
sample_000378,fast_access,zstd,0.0,1.256249107961029,3.610673681157109,1.9248884128960615,0.0
sample_000379,archive,zstd,0.08855514257845622,0.8391338143639928,0.8990519982184202,1.0592707987863121,0.08855514257845622
sample_000379,balanced,zstd,0.06325367327032587,1.367018922659788,1.4984199970307004,1.7628042555330024,0.06325367327032587
sample_000379,fast_access,zstd,0.03795220396219552,1.2143485139472872,2.2197387479887576,2.1186648555478342,0.03795220396219552
sample_000380,archive,zstd,0.04501393243755321,2.1697187451769055,1.8072897378498514,1.252903420482848,0.04501393243755321
sample_000380,balanced,zstd,0.07502322072925535,1.6524762487158302,2.4032242482722896,1.527460827047035,0.07502322072925535
sample_000380,fast_access,zstd,0.1500464414585107,1.0274227499858122,2.4284216266298775,1.537260340880478,0.1500464414585107
sample_000381,archive,zstd,0.03565853132404693,0.8308841269205959,0.7942737148114434,1.0300776306051436,0.03565853132404693
sample_000381,balanced,zstd,0.02547037951717638,1.1920743197063999,1.2203251370146477,1.7167960510085725,0.02547037951717638
sample_000381,fast_access,zstd,0.015282227710305827,1.164090015894611,1.6091001930448956,1.9385027877243055,0.015282227710305827
sample_000382,archive,zstd,0.2770432909872972,0.6542048460425238,0.9542434627563154,0.9785847097344598,0.2770432909872972
sample_000382,balanced,zstd,0.19788806499092657,0.8925111783130144,1.4862519707233268,1.6309745162240996,0.19788806499092657
sample_000382,fast_access,zstd,0.11873283899455593,0.8364565333006607,2.1303629838443947,2.011864989688252,0.11873283899455593
sample_000383,archive,zstd,0.04284937741211352,0.5361259084681959,1.0976515628990646,1.0105614747425904,0.04284937741211352
sample_000383,balanced,zstd,0.030606698151509657,0.8607857127541169,1.8226390378943196,1.6842691245709842,0.030606698151509657
sample_000383,fast_access,zstd,0.018364018890905793,0.8450840939471171,2.4330036737800436,2.1325790066982897,0.018364018890905793
sample_000384,archive,zstd,0.03533491069691501,0.32991516722904723,1.5178556016289602,1.295619179080522,0.03533491069691501
sample_000384,balanced,zstd,0.058891517828191686,0.5493301728471411,2.511192278336712,2.1573351285976745,0.058891517828191686
sample_000384,fast_access,zstd,0.11778303565638337,0.4393848723975223,3.5177107723301013,2.427383297232689,0.11778303565638337
sample_000385,archive,zstd,0.09288948247174618,0.43505115052612203,0.7547146543251622,1.055645465946232,0.09288948247174618
sample_000385,balanced,zstd,0.06634963033696156,0.6217877676651995,1.2578577572086036,1.675202801526952,0.06634963033696156
sample_000385,fast_access,zstd,0.03980977820217694,0.5367342907563764,1.783642302070401,2.0098450424976266,0.03980977820217694
sample_000386,archive,zstd,0.0,0.8057605320956265,2.1293536280811325,1.786620939933161,0.0
sample_000386,balanced,zstd,0.0,0.9396631887489869,2.882762836898617,2.61239145274497,0.0
sample_000386,fast_access,zstd,0.0,1.0179527475832186,3.42278915508043,2.9017516036877398,0.0
sample_000387,archive,zstd,0.007724478865076227,0.5759850921791203,1.2936748106047284,1.2300493560152135,0.007724478865076227
sample_000387,balanced,zstd,0.012874131441793711,0.7110429987575326,1.7589734925708274,1.9843939105848247,0.012874131441793711
sample_000387,fast_access,zstd,0.025748262883587423,0.531494575774876,2.1145473368728993,2.2276104546357054,0.025748262883587423
sample_000388,archive,zstd,0.15259906990658692,0.4319022387898222,0.8132992270611507,1.101506327132281,0.15259906990658692
sample_000388,balanced,zstd,0.10899933564756209,0.5930396213999818,1.342349920729299,1.8358438785538014,0.10899933564756209
sample_000388,fast_access,zstd,0.06539960138853725,0.593354435459807,1.9658379641589823,2.386338838829559,0.06539960138853725
sample_000389,archive,zstd,0.026288099922702084,0.5155076348023624,1.1718711594276343,1.3110436535962262,0.026288099922702084
sample_000389,balanced,zstd,0.01877721423050149,0.8314296022895833,1.9189805792539318,2.1850727559937106,0.01877721423050149
sample_000389,fast_access,zstd,0.011266328538300894,1.0653848658391758,2.488080601469668,2.815305796474881,0.011266328538300894
sample_000390,archive,zstd,0.0,0.787189809059126,1.8240526498571066,1.465019386868123,0.0
sample_000390,balanced,zstd,0.0,1.3116982886349926,3.0336401189921975,2.441149971631686,0.0
sample_000390,fast_access,zstd,0.0,1.617482611229792,4.550018061285144,3.084554652429203,0.0
sample_000391,archive,zstd,0.07010147587369503,0.6544362893302064,0.7631506585717827,1.0109513703380246,0.07010147587369503
sample_000391,balanced,zstd,0.050072482766925025,0.9990336190724534,1.2719177642863044,1.634865312162597,0.050072482766925025
sample_000391,fast_access,zstd,0.030043489660155014,1.0124792248654073,1.916612721367112,2.144614794115899,0.030043489660155014
sample_000392,archive,zstd,0.0,1.4023794541052954,2.0445188305860675,2.664484813404995,0.0
sample_000392,balanced,zstd,0.0,1.3017334596534549,2.8089036555061404,3.1700281420711254,0.0
sample_000392,fast_access,zstd,0.0,0.9732753817391563,3.13799643431258,3.1220252053346433,0.0
sample_000393,archive,zstd,0.0,0.7849922560954129,1.2565649206133829,1.2629247650706223,0.0
sample_000393,balanced,zstd,0.0,1.0900780798770398,1.708247540354109,2.056580507940459,0.0
sample_000393,fast_access,zstd,0.0,0.910197499821916,2.102918025285519,2.39078124011251,0.0
sample_000394,archive,zstd,0.4124241095788652,0.5608610418643365,0.8698849188226263,1.1446447681382632,0.4124241095788652
sample_000394,balanced,zstd,0.3666380608646117,0.7295557574736755,1.4498081980377104,1.848073916127811,0.3666380608646117
sample_000394,fast_access,zstd,0.3965038938740514,0.5528627091339077,1.8939707557383925,2.1292326783020292,0.3965038938740514
sample_000395,archive,zstd,0.10134386635386372,0.5965348769842734,1.1890792964817227,1.2832571425679555,0.10134386635386372
sample_000395,balanced,zstd,0.07238847596704552,0.9279110316627842,1.9576951908623554,2.138761904279926,0.07238847596704552
sample_000395,fast_access,zstd,0.043433085580227314,1.058139501484787,2.6042537146361617,2.8352241938574743,0.043433085580227314
sample_000396,archive,zstd,0.0,0.9040847522023054,1.7490004018996155,1.3340767930704298,0.0
sample_000396,balanced,zstd,0.0,1.5065968859043837,2.911116154389264,2.2233163873377104,0.0
sample_000396,fast_access,zstd,0.0,2.18431865469442,4.576175066293211,2.9527652806898512,0.0
sample_000397,archive,zstd,0.09872571638820311,0.5691783345256445,0.7129794133677678,0.8700837901050588,0.09872571638820311
sample_000397,balanced,zstd,0.07051836884871651,0.8814607831199459,1.188299022279613,1.4138592231044367,0.07051836884871651
sample_000397,fast_access,zstd,0.0423110213092299,0.7997208845166967,1.7866102762238287,1.7681205384361371,0.0423110213092299
sample_000398,archive,zstd,0.0,1.9758784449034055,1.9438244242117564,1.9260906050902773,0.0
sample_000398,balanced,zstd,0.0,1.6435071748918728,2.717867814186506,2.2859547677372016,0.0
sample_000398,fast_access,zstd,0.0,1.3825272093800294,3.4100888120478796,2.48716145009217,0.0
sample_000399,archive,zstd,0.0,0.7975120443857061,1.3592620451017599,1.1066999905962975,0.0
sample_000399,balanced,zstd,0.0,1.1192410825994117,1.7728805397786473,1.744812161679853,0.0
sample_000399,fast_access,zstd,0.0,1.1416181043327271,2.261966372795893,2.18017264300703,0.0
sample_000400,archive,zstd,0.4991534080609396,0.6833413281921825,0.925863592059641,1.2035643748482898,0.4991534080609396
sample_000400,balanced,zstd,0.36267179191614607,0.8033502949743585,1.5431059867660684,1.8227610174333106,0.36267179191614607
sample_000400,fast_access,zstd,0.23263050123760112,0.592347448177595,2.092033565271841,2.0571897151290415,0.23263050123760112
sample_000401,archive,zstd,0.09197245592664142,0.8713019816527595,1.1667930292273403,1.216881557501959,0.09197245592664142
sample_000401,balanced,zstd,0.06569461137617245,1.4058316708456542,1.930270826786838,2.028135929169932,0.06569461137617245
sample_000401,fast_access,zstd,0.03941676682570347,1.455932421320667,2.631222530168035,2.7099644366814437,0.03941676682570347
sample_000402,archive,zstd,0.0,0.6858379464378459,1.487752726939686,1.1170509252402105,0.0
sample_000402,balanced,zstd,0.0,1.1428693645825976,2.476142695878989,1.8617013186921771,0.0
sample_000402,fast_access,zstd,0.0,1.2973382150178,3.4976465452911047,2.000346493342638,0.0
sample_000403,archive,zstd,0.09838224962050257,0.6144715487360273,0.8567088405308596,1.016394033935527,0.09838224962050257
sample_000403,balanced,zstd,0.07027303544321613,0.9621478377355472,1.4278480675514325,1.6612391257485577,0.07027303544321613
sample_000403,fast_access,zstd,0.04216382126592968,0.925850596026554,2.1091056255237635,2.039964739095453,0.04216382126592968
sample_000404,archive,zstd,0.0,2.303284657075315,2.2083410294784365,1.2553284280045112,0.0
sample_000404,balanced,zstd,0.0,1.8875081191014633,2.8555541474462265,1.6069922209756284,0.0
sample_000404,fast_access,zstd,0.0,1.3872999352515252,2.8885733553372783,1.6106635819057602,0.0
sample_000405,archive,zstd,0.0635808636944907,0.7512694053739218,0.6855752295173061,1.0477633058619056,0.0635808636944907
sample_000405,balanced,zstd,0.04541490263892193,1.057233585637477,1.039693433447419,1.7462721764365092,0.04541490263892193
sample_000405,fast_access,zstd,0.027248941583353156,0.8671523924401363,1.3547419153384765,2.013770026260432,0.027248941583353156
sample_000406,archive,zstd,0.3781941797837909,0.5880545301096077,0.9979320797621347,1.0229460926231257,0.3781941797837909
sample_000406,balanced,zstd,0.27013869984556493,0.7721316901816843,1.6368092758342345,1.7049101543718763,0.27013869984556493
sample_000406,fast_access,zstd,0.16208321990733895,0.6861819107127701,2.2198537062522057,1.9256559172033252,0.16208321990733895
sample_000407,archive,zstd,0.04157982147856973,0.4866137541602184,1.079087726169185,0.9323708939772648,0.04157982147856973
sample_000407,balanced,zstd,0.029699872484692667,0.7803930750235383,1.7895510280970113,1.5539514899621079,0.029699872484692667
sample_000407,fast_access,zstd,0.017819923490815598,0.7304976845539133,2.3782146972913214,1.8744989914438497,0.017819923490815598
sample_000408,archive,zstd,0.0,0.5277441782344411,1.7441417755666593,1.442559583807591,0.0
sample_000408,balanced,zstd,0.0,0.8790451911894643,2.888533672687145,2.4022358031427897,0.0
sample_000408,fast_access,zstd,0.0,1.0764541170262318,4.208493938588182,2.9476687572895295,0.0
sample_000409,archive,zstd,0.13552666159746418,0.9276120464866731,0.9135402241418025,1.1115535125462612,0.13552666159746418
sample_000409,balanced,zstd,0.096804758283903,1.5028170467302524,1.4866580282742734,1.852589187577102,0.096804758283903
sample_000409,fast_access,zstd,0.058082854970341796,1.3170640806504674,1.9669456362514073,2.04958274552264,0.058082854970341796
sample_000410,archive,zstd,0.0,0.9328988840161179,1.6940299679511137,2.573856155444923,0.0
sample_000410,balanced,zstd,0.0,0.9201589303760402,2.262861160341183,3.1369341842437244,0.0
sample_000410,fast_access,zstd,0.0,0.8731260460099209,2.507368188131155,3.2905654399229154,0.0
sample_000411,archive,zstd,0.0,0.6809937565549963,1.2886469273108117,1.4783836497288216,0.0
sample_000411,balanced,zstd,0.0,1.074341742121176,1.7369541192354747,2.327312511810258,0.0
sample_000411,fast_access,zstd,0.0,1.1084365954433018,2.0598572348693054,2.6163786638762723,0.0
sample_000412,archive,zstd,0.3140553533426166,0.4912664106386658,0.8425758938673007,1.2951893257699185,0.3140553533426166
sample_000412,balanced,zstd,0.22432525238758327,0.5864624306482273,1.4042931564455012,1.9882326256664546,0.22432525238758327
sample_000412,fast_access,zstd,0.13459515143254996,0.46980188260426975,1.84327499069525,2.2110653250996757,0.13459515143254996
sample_000413,archive,zstd,0.036913313576434056,0.6010909395255992,1.255636236332787,1.3753676872847476,0.036913313576434056
sample_000413,balanced,zstd,0.026366652554595756,0.9544851723401929,2.0169926779988225,2.2922794788079126,0.026366652554595756
sample_000413,fast_access,zstd,0.01581999153275745,1.062983553101378,2.6654176138331653,2.959737347713518,0.01581999153275745
sample_000414,archive,zstd,0.0,0.7676980642377849,1.7911075699619297,1.5025461910090019,0.0
sample_000414,balanced,zstd,0.0,1.2792120472660904,2.9787014339445266,2.5036946451998174,0.0
sample_000414,fast_access,zstd,0.0,1.5824707649037735,4.500070215354236,3.1884453538219883,0.0
sample_000415,archive,zstd,0.0,0.9597104973294813,1.2782175699674152,1.5459849911633512,0.0
sample_000415,balanced,zstd,0.0,1.496387623878407,2.1175430633036596,2.4981580107919674,0.0
sample_000415,fast_access,zstd,0.0,1.7441452825348807,2.962216099804782,3.207333119549655,0.0
sample_000416,archive,zstd,0.0,1.554305171116868,2.37705661190621,2.268696328617561,0.0
sample_000416,balanced,zstd,0.0,1.568139808588629,3.273519084425744,2.9683336967247858,0.0
sample_000416,fast_access,zstd,0.0,1.4875128118719716,3.914345257870102,3.2281821340725623,0.0
sample_000417,archive,zstd,0.0,0.6820977783404396,1.5500519655672573,1.5870700173354444,0.0
sample_000417,balanced,zstd,0.0,0.9484516493773926,2.001761203134921,2.3702868321633788,0.0
sample_000417,fast_access,zstd,0.0,0.778316409465936,2.3662417023397615,2.6482887683002723,0.0
sample_000418,archive,zstd,0.4816834255540238,0.6354744610930897,0.9294523702888702,1.292882748663823,0.4816834255540238
sample_000418,balanced,zstd,0.383601400060376,0.7571873966041766,1.5490872838147836,1.9566468731851692,0.383601400060376
sample_000418,fast_access,zstd,0.32703827546460507,0.5604594115006953,2.102343064880686,2.1973970152639053,0.32703827546460507
sample_000419,archive,zstd,0.0982255348444457,0.8250615521042349,1.2390091157750462,1.2729681274066964,0.0982255348444457
sample_000419,balanced,zstd,0.07016109631746122,1.3110093650951715,1.993998359208767,2.1216135456778273,0.07016109631746122
sample_000419,fast_access,zstd,0.04209665779047673,1.421538274216579,2.717426056519029,2.678051109168977,0.04209665779047673
sample_000420,archive,zstd,0.0,0.6810766916531963,1.754283243162932,1.3941613107814503,0.0
sample_000420,balanced,zstd,0.0,1.1349167849892017,2.919847575720711,2.323457250189411,0.0
sample_000420,fast_access,zstd,0.0,1.4843573816057887,4.598693006218873,3.120205788083772,0.0
sample_000421,archive,zstd,0.07798867222833038,0.36332766862350363,0.7040148164644472,0.8937316491091475,0.07798867222833038
sample_000421,balanced,zstd,0.055706194448807415,0.5238893398592793,1.1733580274407454,1.4406263327279456,0.055706194448807415
sample_000421,fast_access,zstd,0.033423716669284446,0.5707613212491036,1.808187489842696,1.9057713966159624,0.033423716669284446
sample_000422,archive,zstd,0.0,1.781407111660736,2.218976790666631,1.6933685681832318,0.0
sample_000422,balanced,zstd,0.0,1.4974272202344017,3.0401702821062564,2.2251666505244403,0.0
sample_000422,fast_access,zstd,0.0,1.3496780981841843,3.9076004206460953,2.7556784379913903,0.0
sample_000423,archive,zstd,0.0074433874726868784,0.5541405879607358,1.4687371658736847,1.2087751501143735,0.0074433874726868784
sample_000423,balanced,zstd,0.012405645787811465,0.6107028698882874,1.7133978730666204,1.7651435643353977,0.012405645787811465
sample_000423,fast_access,zstd,0.02481129157562293,0.4416325794036891,2.0773775551493903,2.191118878335717,0.02481129157562293
sample_000424,archive,zstd,0.268364349813587,0.6018854073730905,0.8468017059778383,0.9210503410648128,0.268364349813587
sample_000424,balanced,zstd,0.19168882129541928,0.8222437163823229,1.3257840249446353,1.535083901774688,0.19168882129541928
sample_000424,fast_access,zstd,0.11501329277725156,0.7540847545537764,1.8856222433975585,1.952715670592317,0.11501329277725156
sample_000425,archive,zstd,0.053797783254272,0.6939504434598347,1.210989568811009,1.1457912941294737,0.053797783254272
sample_000425,balanced,zstd,0.038426988038765715,1.1134966295391453,2.0004143781258374,1.9096521568824563,0.038426988038765715
sample_000425,fast_access,zstd,0.02305619282325943,0.8992540481384949,2.678082540805247,2.5013092172593954,0.02305619282325943
sample_000426,archive,zstd,0.0,0.6002539442763507,1.4307727528890961,1.0517405049674828,0.0
sample_000426,balanced,zstd,0.0,1.0002293609801056,2.3814044389677727,1.7528506182376309,0.0
sample_000426,fast_access,zstd,0.0,1.0219407825726026,3.3526852614304623,1.8259454395160954,0.0
sample_000427,archive,zstd,0.0894195006468954,0.8896599028595028,0.9191881921920007,1.0932262943352515,0.0894195006468954
sample_000427,balanced,zstd,0.06387107189063958,1.4509428409199452,1.5316200799263129,1.822043823892086,0.06387107189063958
sample_000427,fast_access,zstd,0.038322643134383744,1.3762414050124452,2.242105270748112,2.189056548234963,0.038322643134383744
sample_000428,archive,zstd,0.0,2.102967066902463,1.398116775641807,1.4989167209842118,0.0
sample_000428,balanced,zstd,0.0,1.7434510903286498,2.181432258526872,1.8593579143248948,0.0
sample_000428,fast_access,zstd,0.0,1.2755728965758208,2.4402462670834213,1.9150939987777207,0.0
sample_000429,archive,zstd,0.1253847555027561,0.6668152922231492,0.885014390473202,0.9497326801435682,0.1253847555027561
sample_000429,balanced,zstd,0.08956053964482578,0.9889792892057712,1.2335434933592802,1.5828878002392803,0.08956053964482578
sample_000429,fast_access,zstd,0.05373632378689547,0.8558590247382716,1.5576944380189914,1.9091914704797361,0.05373632378689547
sample_000430,archive,zstd,0.2744788230915777,0.6279996380054707,0.8648669410441903,0.9525452148776583,0.2744788230915777
sample_000430,balanced,zstd,0.19605630220826978,0.8513346168386807,1.343073635996443,1.5875753581294303,0.19605630220826978
sample_000430,fast_access,zstd,0.11763378132496186,0.814463194274885,1.9628189006920682,1.9832050147874853,0.11763378132496186
sample_000431,archive,zstd,0.06732201234801446,0.6954069693190061,1.04930434066709,0.9984730176628325,0.06732201234801446
sample_000431,balanced,zstd,0.06150019888465867,1.109974408046324,1.7061619011116722,1.6641216961047212,0.06150019888465867
sample_000431,fast_access,zstd,0.06976208498918365,0.8806239453142565,2.2041233954551163,2.019518005272543,0.06976208498918365
sample_000432,archive,zstd,0.0,0.6957207810022157,1.7044352265035982,1.4387536796060676,0.0
sample_000432,balanced,zstd,0.0,1.159006195802422,2.8227518092546897,2.3958926294735843,0.0
sample_000432,fast_access,zstd,0.0,1.5390043807015379,4.143981412354713,2.9636524402039406,0.0
sample_000433,archive,zstd,0.015444823232773706,0.5439511526186367,0.864289184800193,1.2742049387111132,0.015444823232773706
sample_000433,balanced,zstd,0.011032016594838363,0.8167934415689184,1.4404819746669886,2.0274152185885157,0.011032016594838363
sample_000433,fast_access,zstd,0.006619209956903018,0.9825265594860644,2.1279477025085547,2.6365077331235107,0.006619209956903018
sample_000434,archive,zstd,0.0,1.0365878320438136,2.1754579178951823,2.056217944563665,0.0
sample_000434,balanced,zstd,0.0,1.242154053158879,2.9961221239314026,2.889946464948351,0.0
sample_000434,fast_access,zstd,0.0,1.5285116886128498,3.688080022218526,3.2760094990473925,0.0
sample_000435,archive,zstd,0.0,0.6221802978646462,1.2343112598657124,1.2323195053401808,0.0
sample_000435,balanced,zstd,0.0,0.7874479323159128,1.6587011286465292,1.9852979457836906,0.0
sample_000435,fast_access,zstd,0.0,0.611645205549788,1.978801964648888,2.2163913539575524,0.0
sample_000436,archive,zstd,0.155245506235677,0.48494726435090996,0.8104426695898694,1.0509975072996804,0.155245506235677
sample_000436,balanced,zstd,0.11088964731119788,0.6782870294078958,1.330705501976222,1.751662512166134,0.11088964731119788
sample_000436,fast_access,zstd,0.06653378838671872,0.7665931268981119,1.8757873141473955,2.2097615196977993,0.06653378838671872
sample_000437,archive,zstd,0.04323891506899721,0.563153158003267,1.3691223670972152,1.3084091490243999,0.04323891506899721
sample_000437,balanced,zstd,0.030884939334998005,0.886184855599175,2.1757876946201424,2.1806819150406667,0.030884939334998005
sample_000437,fast_access,zstd,0.018530963600998804,0.9660625866571859,2.8777606569827423,2.735441682278589,0.018530963600998804
sample_000438,archive,zstd,0.0,0.664939165036917,1.6712534467259887,1.3046786079077783,0.0
sample_000438,balanced,zstd,0.0,1.1079472152646441,2.7790553699527143,2.1739153400311118,0.0
sample_000438,fast_access,zstd,0.0,1.5410047413780457,4.344388775624783,2.880158459615367,0.0
sample_000439,archive,zstd,0.12276036371956259,0.8080371552061381,0.832832742203764,0.9789234153950024,0.12276036371956259
sample_000439,balanced,zstd,0.08768597408540185,1.2844944479017122,1.388054570339607,1.6101183201152374,0.08768597408540185
sample_000439,fast_access,zstd,0.05261158445124111,1.1353320349381542,2.014004072910704,1.9858035427015917,0.05261158445124111
sample_000440,archive,zstd,0.0,1.7500173713230074,2.3544725875913723,2.4462506498774648,0.0
sample_000440,balanced,zstd,0.0,1.7766413267291536,3.2116147623066675,3.0445422227173315,0.0
sample_000440,fast_access,zstd,0.0,1.7033742962671399,3.8072852539360795,3.147555175630214,0.0
sample_000441,archive,zstd,0.0,0.9020770741243131,1.5961832995846539,1.4901531740074385,0.0
sample_000441,balanced,zstd,0.0,1.2476766209250172,1.999096193813986,2.2818182138511016,0.0
sample_000441,fast_access,zstd,0.0,1.0588902458480305,2.2903943157529167,2.612841110708598,0.0
sample_000442,archive,zstd,0.47566815571639137,0.6064842296710019,0.8312831139796942,1.2348249982435975,0.47566815571639137
sample_000442,balanced,zstd,0.38224565155636425,0.7134972921440205,1.3854718566328237,1.8678561803124047,0.38224565155636425
sample_000442,fast_access,zstd,0.33342996474322606,0.526201370119069,1.8279585854970144,2.0734622023211884,0.33342996474322606
sample_000443,archive,zstd,0.10551508202147883,0.6039773669214898,1.178098863795021,1.2297218023608179,0.10551508202147883
sample_000443,balanced,zstd,0.07536791572962774,0.9431446911815049,1.9456456106081297,2.0495363372680298,0.07536791572962774
sample_000443,fast_access,zstd,0.045220749437776646,1.0146859224219338,2.593671639413601,2.6476210695640177,0.045220749437776646
sample_000444,archive,zstd,0.0,0.8988333792872009,1.762226431143687,1.354566326086528,0.0
sample_000444,balanced,zstd,0.0,1.4978445977125425,2.933030610134232,2.257465609031207,0.0
sample_000444,fast_access,zstd,0.0,2.196741330622236,4.608557411720703,2.984148843028276,0.0
sample_000445,archive,zstd,0.21891020325125185,0.9290204217213389,0.9634166568073346,1.0275027673514463,0.21891020325125185
sample_000445,balanced,zstd,0.17203651654963448,1.4946478656439561,1.5144310997259172,1.7125046122524106,0.17203651654963448
sample_000445,fast_access,zstd,0.14161851978669443,1.1876603669314236,2.0716019532308447,1.887774468247714,0.14161851978669443
sample_000446,archive,zstd,0.02889963713526149,1.5365449016942607,1.5100812440812292,2.02526249694678,0.02889963713526149
sample_000446,balanced,zstd,0.048166061892102485,1.1586038909012948,2.234259242284475,2.3174607905232723,0.048166061892102485
sample_000446,fast_access,zstd,0.09633212378420497,0.7165374709326648,2.7680825723694698,2.450194099589143,0.09633212378420497
sample_000447,archive,zstd,0.06573646785708279,0.6927442890434896,0.7048550560862921,1.0967772020132625,0.06573646785708279
sample_000447,balanced,zstd,0.10956077976180466,0.8583673657854255,1.0836848789346347,1.8083448480066533,0.10956077976180466
sample_000447,fast_access,zstd,0.21912155952360932,0.6422629252352818,1.5038742721927303,2.1588780231281586,0.21912155952360932
sample_000448,archive,zstd,0.5571805302464432,0.6355295767718712,0.8759589843978624,1.184191016440827,0.5571805302464432
sample_000448,balanced,zstd,0.4588401855962119,0.722425832946926,1.459931640663104,1.790677300984086,0.4588401855962119
sample_000448,fast_access,zstd,0.42439663813717066,0.5274221471066118,2.009235912699022,2.033112716244046,0.42439663813717066
sample_000449,archive,zstd,0.06364762014132377,0.6569051024552539,1.0974228975597573,1.0902446522714853,0.06364762014132377
sample_000449,balanced,zstd,0.04546258581523127,1.0535306499214425,1.820932072244166,1.8170744204524754,0.04546258581523127
sample_000449,fast_access,zstd,0.02727755148913876,0.9856833209857974,2.4343216068567726,2.387442251123781,0.02727755148913876
sample_000450,archive,zstd,0.0,0.6849948385497662,1.4727756537401668,1.111961629172016,0.0
sample_000450,balanced,zstd,0.0,1.1414641847691314,2.451350434978004,1.8532191585785194,0.0
sample_000450,fast_access,zstd,0.0,1.3554948152465824,3.5324106691931796,2.067968361946511,0.0
sample_000451,archive,zstd,0.013126317970127614,0.47059279809499194,0.8630855858734323,1.1139936439100737,0.013126317970127614
sample_000451,balanced,zstd,0.009375941407234011,0.7063667544117493,1.4384759764557207,1.8201805559437378,0.009375941407234011
sample_000451,fast_access,zstd,0.005625564844340406,0.7921977531127506,2.12611034222598,2.270787686658381,0.005625564844340406
sample_000452,archive,zstd,0.0,2.047797884394232,1.4996958606152733,1.6064936750858605,0.0
sample_000452,balanced,zstd,0.0,1.6515024528149316,2.3273365202751357,2.0386528378276427,0.0
sample_000452,fast_access,zstd,0.0,1.074031285679049,2.7004143526478024,2.0782230273499307,0.0
sample_000453,archive,zstd,0.18168623352979804,0.47260903747287564,1.0027349656442106,0.8746107199037979,0.18168623352979804
sample_000453,balanced,zstd,0.13504435967490608,0.6609666861412409,1.3033313622119347,1.4576845331729966,0.13504435967490608
sample_000453,fast_access,zstd,0.09393438833131694,0.5097660924659599,1.5063227970906214,1.7852893712195432,0.09393438833131694
sample_000454,archive,gzip,0.5645234135514504,0.5645234135514504,0.9105221141802909,1.2058667344630862,0.6764885947117075
sample_000454,balanced,gzip,0.5882484432043489,0.5882484432043489,1.5175368569671517,1.8484704732639667,0.6344126705797043
sample_000454,fast_access,gzip,0.41770516765626886,0.41770516765626886,2.179588168744533,2.15105166743842,0.7511036045226098
sample_000455,archive,zstd,0.07336747557562542,0.6178506166355253,1.051816839233211,0.8871555644946154,0.07336747557562542
sample_000455,balanced,zstd,0.05240533969687531,0.9783754420654437,1.7184510674134388,1.4785926074910258,0.05240533969687531
sample_000455,fast_access,zstd,0.03144320381812518,0.8425410032554681,2.289198967473035,1.779234694277256,0.03144320381812518
sample_000456,archive,zstd,0.0,0.41631656940538647,1.4992107958579013,1.2793162247365706,0.0
sample_000456,balanced,zstd,0.0,0.6933325098077066,2.480078054866868,2.1301635380244224,0.0
sample_000456,fast_access,zstd,0.0,0.7185498538763955,3.59631957143663,2.52572619940014,0.0
sample_000457,archive,zstd,0.16523205769349975,0.6893304021204543,0.8981110303062076,1.070715061557018,0.16523205769349975
sample_000457,balanced,zstd,0.13998740662252981,1.1029576655528253,1.4621137726467288,1.7845251025950302,0.13998740662252981
sample_000457,fast_access,zstd,0.1378054892350914,0.8754771817450706,1.9674752824073491,2.017671737003751,0.1378054892350914
sample_000458,archive,zstd,0.0,0.9932502276385846,2.0154689409053193,2.0434482861344256,0.0
sample_000458,balanced,zstd,0.0,1.0685112309655798,2.6811587297396366,2.6603935605405686,0.0
sample_000458,fast_access,zstd,0.0,1.2802042366244213,3.2180460875332444,2.8619411216519817,0.0
sample_000459,archive,zstd,0.0,0.5010505040161047,1.1629965818066055,1.370451511458168,0.0
sample_000459,balanced,zstd,0.0,0.7695706924049736,1.5329208777616539,2.1411459381999767,0.0
sample_000459,fast_access,zstd,0.0,0.8321467735208978,1.8939430240886743,2.375868071789464,0.0
sample_000460,archive,zstd,0.14909382589513426,0.29842140521809746,0.659399829940005,0.9002952133589606,0.14909382589513426
sample_000460,balanced,zstd,0.1064955899250959,0.3757277828562039,1.0865466081989712,1.5004920222649343,0.1064955899250959
sample_000460,fast_access,zstd,0.06389735395505754,0.28233604240886934,1.543918710438617,1.840014689088175,0.06389735395505754
sample_000461,archive,zstd,0.05777955095581493,0.45594235467478117,1.1763967602339491,1.2168744084447574,0.05777955095581493
sample_000461,balanced,zstd,0.0412711078255821,0.7121416143600549,1.86374986083258,2.0281240140745957,0.0412711078255821
sample_000461,fast_access,zstd,0.024762664695349258,0.7493421794666865,2.520271294592698,2.5625958362875245,0.024762664695349258
sample_000462,archive,zstd,0.0,0.7285818726091818,1.7610960665793862,1.4126124648761462,0.0
sample_000462,balanced,zstd,0.0,1.2140183945517522,2.9287427001215094,2.353805101645058,0.0
sample_000462,fast_access,zstd,0.0,1.476357041335052,4.350480717513225,2.912151946530954,0.0
sample_000463,archive,zstd,0.12268800225883768,0.7269173973810227,0.7731209515221946,0.9092956015613524,0.12268800225883768
sample_000463,balanced,zstd,0.0876342873277412,1.149603714182119,1.2885349192036575,1.4950309848951124,0.0876342873277412
sample_000463,fast_access,zstd,0.052580572396644716,0.9108591753458842,1.8264857522704598,1.7856147224745236,0.052580572396644716
sample_000464,archive,zstd,0.0,1.601096072415797,2.232798936609498,2.201637247794765,0.0
sample_000464,balanced,zstd,0.0,1.5178848517393497,2.969598343988255,2.6368532192461647,0.0
sample_000464,fast_access,zstd,0.0,1.379704188517168,3.497755512353912,2.7265019987230823,0.0
sample_000465,archive,zstd,0.0,0.8229564876895236,1.2823455397799934,1.2781787221988818,0.0
sample_000465,balanced,zstd,0.0,1.1512981916226308,1.7453847896985768,2.076040475858014,0.0
sample_000465,fast_access,zstd,0.0,0.9621055215732123,2.1053351400137297,2.381795412332906,0.0
sample_000466,archive,zstd,0.18374716383702136,0.7134859096068306,0.9034136586783397,1.0184581679012448,0.18374716383702136
sample_000466,balanced,zstd,0.13124797416930098,1.020073155033359,1.4450319300927865,1.6974302798354082,0.13124797416930098
sample_000466,fast_access,zstd,0.07874878450158058,1.1601547683219358,2.1580690585474085,2.274253412038791,0.07874878450158058
sample_000467,archive,zstd,0.07589029221853924,0.38668552117267896,1.026563554970068,1.0387554066375555,0.07589029221853924
sample_000467,balanced,zstd,0.05420735158467089,0.5829191393306709,1.7109392582834466,1.7305167582488599,0.05420735158467089
sample_000467,fast_access,zstd,0.03252441095080253,0.5986840986467561,2.3424276922624587,2.3130481734765747,0.03252441095080253
sample_000468,archive,zstd,0.0,0.58092796039264,1.5141343178958124,1.1121627987877125,0.0
sample_000468,balanced,zstd,0.0,0.9680022328882745,2.519612006730336,1.853459730199848,0.0
sample_000468,fast_access,zstd,0.0,1.175906721625829,3.8144420305310063,2.2603965852944854,0.0
sample_000469,archive,zstd,0.24857938684834915,0.8740505791099275,0.9703911978169443,1.003138569219959,0.24857938684834915
sample_000469,balanced,zstd,0.21311460059124565,1.40006505345761,1.522997143773053,1.6718976153665983,0.21311460059124565
sample_000469,fast_access,zstd,0.2149856048186882,1.1115491560072477,2.134737418289554,1.871328359095949,0.2149856048186882
sample_000470,archive,zstd,0.0,1.8814056409643523,2.147208385792929,1.5817433108822287,0.0
sample_000470,balanced,zstd,0.0,1.6648400789035114,2.918026226671053,2.039124555022769,0.0
sample_000470,fast_access,zstd,0.0,1.5580580395332213,3.5769770822593667,2.428083904086944,0.0
sample_000471,archive,zstd,0.024868058825459186,0.6944401106625493,1.179074349819686,0.9580663001274357,0.024868058825459186
sample_000471,balanced,zstd,0.041446764709098645,0.9457519163617015,1.4574849905247098,1.4961225817702646,0.041446764709098645
sample_000471,fast_access,zstd,0.08289352941819729,0.7248542928779792,1.7031963182186307,1.7266634086377128,0.08289352941819729
sample_000472,archive,zstd,0.37666593021687356,0.5529844036739049,0.8836452575797463,0.9936449744539286,0.37666593021687356
sample_000472,balanced,zstd,0.28015887551950863,0.7132382226587906,1.472742095966244,1.6354277483024546,0.28015887551950863
sample_000472,fast_access,zstd,0.19531919245497267,0.5393302106073747,2.003924849312085,1.885683550330147,0.19531919245497267
sample_000473,archive,zstd,0.06365957962230441,0.9988262352502191,1.2905845872829285,1.3144477062741782,0.06365957962230441
sample_000473,balanced,zstd,0.045471128301646006,1.6215328176268808,2.143089767574707,2.1907461771236303,0.045471128301646006
sample_000473,fast_access,zstd,0.027282676980987602,1.56603102690883,2.860056210807052,2.867581138350704,0.027282676980987602
sample_000474,archive,zstd,0.0,0.4885664721531099,1.2844847846128202,1.002915310410308,0.0
sample_000474,balanced,zstd,0.0,0.8140835741080374,2.13770125784374,1.6714752939756725,0.0
sample_000474,fast_access,zstd,0.0,0.8517546361946238,3.054115906517645,1.867524570374726,0.0
sample_000475,archive,zstd,0.009451495174919375,0.45135814116415274,0.8318348410359686,1.0470633628461943,0.009451495174919375
sample_000475,balanced,zstd,0.006751067982085268,0.6745332023087034,1.3863914017266143,1.7095584405636757,0.006751067982085268
sample_000475,fast_access,zstd,0.00405064078925116,0.7200325366993554,2.1446011565508867,2.1908058362827565,0.00405064078925116
sample_000476,archive,zstd,0.040010889687964034,2.0772213679239573,1.2634823832144182,1.4797004638744455,0.040010889687964034
sample_000476,balanced,zstd,0.02857920691997431,1.9019639249951723,2.1058039720240305,1.774175661889626,0.02857920691997431
sample_000476,fast_access,zstd,0.017147524151984585,1.5655104519743277,2.379169283945742,1.751834595526967,0.017147524151984585
sample_000477,archive,zstd,0.02903954803638724,0.7382025051168266,0.5624239944444132,1.0697596853417597,0.02903954803638724
sample_000477,balanced,zstd,0.020742534311705172,0.951098881591192,0.9128698061987611,1.782932808902933,0.020742534311705172
sample_000477,fast_access,zstd,0.012445520587023104,0.7980022369166836,1.2462348449701788,2.021378337767318,0.012445520587023104
sample_000478,archive,zstd,0.27882295159058523,0.6612598486774677,0.881231376556546,0.9587375122242371,0.27882295159058523
sample_000478,balanced,zstd,0.1991592511361323,0.9023613601664099,1.3628413646736917,1.5978958537070618,0.1991592511361323
sample_000478,fast_access,zstd,0.11949555068167939,0.827478441091192,1.9228599735599219,1.966554396345391,0.11949555068167939
sample_000479,archive,zstd,0.07553050755825896,0.7680645295037447,1.121725270788584,1.0882152642069327,0.07553050755825896
sample_000479,balanced,zstd,0.0726626984998813,1.234730783040763,1.8262182198051167,1.8136921070115546,0.0726626984998813
sample_000479,fast_access,zstd,0.0894428421976848,0.9809781115127888,2.2957758175582446,2.143626713364592,0.0894428421976848
sample_000480,archive,zstd,0.0,0.5659485598225041,1.6993736995486155,1.4999860592461485,0.0
sample_000480,balanced,zstd,0.0,0.9427191605029027,2.814315930996385,2.4979465955403852,0.0
sample_000480,fast_access,zstd,0.0,1.18934592719937,4.158663477649354,3.1268775417559462,0.0
sample_000481,archive,zstd,0.13574984030172993,0.7568664021669302,0.9266383756678604,1.1775049841682965,0.13574984030172993
sample_000481,balanced,zstd,0.09696417164409281,1.221149010917458,1.511428381136072,1.962508306947161,0.09696417164409281
sample_000481,fast_access,zstd,0.05817850298645568,0.9760208835977277,1.993233317818758,2.243475844813005,0.05817850298645568
sample_000482,archive,zstd,0.0,0.8866241387108647,2.205852987481636,1.9898580705486504,0.0
sample_000482,balanced,zstd,0.0,1.0744358664410507,3.0236625554468484,2.951120003770786,0.0
sample_000482,fast_access,zstd,0.0,1.3881409562876963,3.771006564448099,3.6063047105913406,0.0
sample_000483,archive,zstd,0.0,0.5996555776352027,1.222952027207981,1.2181820415757625,0.0
sample_000483,balanced,zstd,0.0,0.7491637268477455,1.641490174354491,1.967170766894505,0.0
sample_000483,fast_access,zstd,0.0,0.5864275115820702,1.9655831692476609,2.1758596205094403,0.0
sample_000484,archive,zstd,0.3210582881774499,0.48119527757866726,0.8589800717197394,1.2892001483286675,0.3210582881774499
sample_000484,balanced,zstd,0.23662615743499443,0.5602875893198622,1.4316334528662324,1.9731115515867828,0.23662615743499443
sample_000484,fast_access,zstd,0.1598577758661956,0.41197439045920237,1.899521097701636,2.1827168150235265,0.1598577758661956
sample_000485,archive,zstd,0.06608013738544037,0.38636809560271285,1.0604468502880002,1.2120874866022375,0.06608013738544037
sample_000485,balanced,zstd,0.04720009813245741,0.5913145485924886,1.6967762456068511,2.0201458110037294,0.04720009813245741
sample_000485,fast_access,zstd,0.028320058879474443,0.7206519245779996,2.328061895390012,2.5952144770515355,0.028320058879474443
sample_000486,archive,zstd,0.0,0.8627988161518784,1.9231848585934839,1.5679588195429974,0.0
sample_000486,balanced,zstd,0.0,1.4377133004562463,3.199061958936313,2.6127156927564767,0.0
sample_000486,fast_access,zstd,0.0,1.71081266377122,4.726385376845037,3.2439501158436457,0.0
sample_000487,archive,zstd,0.12116209353682617,0.8158187425256308,0.8226982893180432,1.0170136977878745,0.12116209353682617
sample_000487,balanced,zstd,0.08654435252630441,1.2975660528791435,1.371163815530072,1.6741764097922835,0.08654435252630441
sample_000487,fast_access,zstd,0.05192661151578264,1.1848895449052397,1.9946392882300668,2.074401800577849,0.05192661151578264
sample_000488,archive,zstd,0.0,1.543645456667082,2.0642127668152144,2.608057111627943,0.0
sample_000488,balanced,zstd,0.0,1.537176797256432,2.841726882554718,3.075981972442705,0.0
sample_000488,fast_access,zstd,0.0,1.2425509574903955,3.2007783758066384,2.967063112184092,0.0
sample_000489,archive,zstd,0.0,0.8179232930825945,1.2679810691380817,1.2748677574373197,0.0
sample_000489,balanced,zstd,0.0,1.141160599097681,1.726703245408944,2.0759410405461134,0.0
sample_000489,fast_access,zstd,0.0,0.9433901784672503,2.0580536188670338,2.3583379539508122,0.0
sample_000490,archive,zstd,0.3380496841603698,0.5361111427099192,0.8278519253726776,1.1801929046639827,0.3380496841603698
sample_000490,balanced,zstd,0.24146406011454985,0.6866755235727848,1.3797532089544626,1.903883168259315,0.24146406011454985
sample_000490,fast_access,zstd,0.1448784360687299,0.5408245174995401,1.8604595440276368,2.3370217907268667,0.1448784360687299
sample_000491,archive,zstd,0.13191552049680955,0.608287753784988,1.1420696523805676,1.1917034692917188,0.13191552049680955
sample_000491,balanced,zstd,0.0942253717834354,0.9283784530073484,1.842684981735506,1.9861724488195316,0.0942253717834354
sample_000491,fast_access,zstd,0.05653522307006124,0.9717847277638035,2.433616116217343,2.596599100210427,0.05653522307006124
sample_000492,archive,zstd,0.0,0.6025536929273785,1.6572948648266632,1.2772270929405147,0.0
sample_000492,balanced,zstd,0.0,1.004045120446172,2.7580006016400214,2.128566887121185,0.0
sample_000492,fast_access,zstd,0.0,1.311145520585243,4.349207983526842,2.848354708825115,0.0
sample_000493,archive,zstd,0.21429278885047706,0.9468885438304463,1.0143431835233707,1.0680830115756175,0.21429278885047706
sample_000493,balanced,zstd,0.160346955363898,1.5192155165871561,1.5946010407629136,1.780138352626029,0.160346955363898
sample_000493,fast_access,zstd,0.11404583337155401,1.2065326048001868,2.1796332165068595,2.0239748129907627,0.11404583337155401
sample_000494,archive,zstd,0.0,1.8612159613351924,2.4408681069491536,1.6280711471051859,0.0
sample_000494,balanced,zstd,0.0,1.823836165905004,3.3398332993017967,2.276514010123911,0.0
sample_000494,fast_access,zstd,0.0,1.983938277805542,4.359633888311936,2.9867698110926897,0.0
sample_000495,archive,zstd,0.0,0.6633340715366592,1.5230257915408822,1.1942814089809506,0.0
sample_000495,balanced,zstd,0.0,0.7878657523695265,1.8118197840035464,1.7412978941529018,0.0
sample_000495,fast_access,zstd,0.0,0.7268087855677487,2.2749340155822804,2.128294934558106,0.0
sample_000496,archive,zstd,0.2686667177392706,0.6196624064351064,0.8242419410617692,0.9243851776486675,0.2686667177392706
sample_000496,balanced,zstd,0.1919047983851933,0.8513513864088957,1.2857756595629681,1.5406419627477792,0.1919047983851933
sample_000496,fast_access,zstd,0.11514287903111597,0.8353344580625467,1.85530960471079,1.9913272928453387,0.11514287903111597
sample_000497,archive,zstd,0.0878425650020102,0.7834576382537113,1.0767522841055732,1.090129747204765,0.0878425650020102
sample_000497,balanced,zstd,0.06274468928715014,1.2421572038777382,1.7591758298016213,1.8168829120079417,0.06274468928715014
sample_000497,fast_access,zstd,0.037646813572290085,1.2135444817675336,2.389604354769627,2.3947256397574623,0.037646813572290085
sample_000498,archive,zstd,0.0,0.788516400000422,1.6156006876690645,1.158482034806853,0.0
sample_000498,balanced,zstd,0.0,1.3140001205202245,2.6896034956920447,1.9307531679699144,0.0
sample_000498,fast_access,zstd,0.0,1.5289032318129432,3.8290748164507793,2.0832251294162054,0.0
sample_000499,archive,zstd,0.26401922964466584,0.9364476293031397,1.0501076464660937,1.087940760171381,0.26401922964466584
sample_000499,balanced,zstd,0.2343965464361391,1.5028052020776337,1.6482592719819231,1.8132346002856354,0.2343965464361391
sample_000499,fast_access,zstd,0.252875814752059,1.193553034647967,2.2894610016348818,1.996558301670614,0.252875814752059
sample_000500,archive,zstd,0.0,2.280278224549101,1.6839560324844967,1.4637836669164983,0.0
sample_000500,balanced,zstd,0.0,1.8936008391425776,2.424059772189242,1.8287789569447273,0.0
sample_000500,fast_access,zstd,0.0,1.3841919407602374,2.6202627372452394,1.8615283561803637,0.0
sample_000501,archive,zstd,0.183206802579411,0.5745702263546397,1.0379654254862272,0.8457902823908507,0.183206802579411
sample_000501,balanced,zstd,0.13086200184243643,0.8289217114433477,1.362508190958589,1.4096504706514181,0.13086200184243643
sample_000501,fast_access,zstd,0.07851720110546186,0.7811256244398401,1.5631877682074933,1.643098626140763,0.07851720110546186
sample_000502,archive,zstd,0.3732532198320408,0.5826795835771672,1.0061284800424968,1.0199526869489273,0.3732532198320408
sample_000502,balanced,zstd,0.266609442737172,0.7681721306507193,1.6544906359895735,1.6999211449148788,0.266609442737172
sample_000502,fast_access,zstd,0.15996566564230322,0.6426399065818409,2.2117003812071414,1.8940100257885595,0.15996566564230322
sample_000503,archive,zstd,0.06619674961920996,0.7838432275945652,1.1452824355509006,1.0131102174518587,0.06619674961920996
sample_000503,balanced,zstd,0.04728339258514998,1.241794296661515,1.8542262638170661,1.6885170290864313,0.04728339258514998
sample_000503,fast_access,zstd,0.028370035551089984,1.0806527913686004,2.447490406884832,2.0299132462078004,0.028370035551089984
sample_000504,archive,zstd,0.0,0.6782150102991581,1.7018991023688144,1.4583938122034736,0.0
sample_000504,balanced,zstd,0.0,1.1298299112973258,2.8186436970164688,2.428626183802594,0.0
sample_000504,fast_access,zstd,0.0,1.4589646539329666,4.155640426035122,2.9948363941384564,0.0
sample_000505,archive,zstd,0.14197375248304697,0.552474220247967,0.7583263863367105,1.0417196446003223,0.14197375248304697
sample_000505,balanced,zstd,0.11178684943645806,0.8391729614664698,1.2638773105611842,1.6884999217273582,0.11178684943645806
sample_000505,fast_access,zstd,0.09249582393586485,0.6590957583311546,1.75494270472685,1.969397688372446,0.09249582393586485
sample_000506,archive,zstd,0.0,0.8503011711460255,1.7651023537226802,2.4770688557328837,0.0
sample_000506,balanced,zstd,0.0,0.7824960755925531,2.3813151366271272,2.9756220180569923,0.0
sample_000506,fast_access,zstd,0.0,0.584671652118943,2.698556180238268,2.963120520000163,0.0
sample_000507,archive,zstd,0.0,0.4733927983555791,1.2142716759696555,1.3814227870454674,0.0
sample_000507,balanced,zstd,0.0,0.7229273954964779,1.5973471295434534,2.1648136897438937,0.0
sample_000507,fast_access,zstd,0.0,0.6723156971481093,1.9388706597768457,2.4564018093991886,0.0
sample_000508,archive,zstd,0.15610543533931331,0.4572254745448625,0.7718379934326853,1.0829489417590095,0.15610543533931331
sample_000508,balanced,zstd,0.11150388238522381,0.6352727451859306,1.2649091704950712,1.8049149029316824,0.11150388238522381
sample_000508,fast_access,zstd,0.06690232943113428,0.6778607993235404,1.8205148919705787,2.357665775019388,0.06690232943113428
sample_000509,archive,zstd,0.04399042652384871,0.48968987925951013,1.1757085528026296,1.2157295388904306,0.04399042652384871
sample_000509,balanced,zstd,0.031421733231320505,0.7715234769824441,1.9232241169677047,2.026215898150718,0.031421733231320505
sample_000509,fast_access,zstd,0.018853039938792303,0.9005777366295402,2.52364533716886,2.538458127536554,0.018853039938792303
sample_000510,archive,zstd,0.14388851516363974,0.5659560969516966,1.575030996756678,1.230378632360548,0.14388851516363974
sample_000510,balanced,zstd,0.23981419193939957,0.94297543512261,2.618664471712437,2.050082047452394,0.23981419193939957
sample_000510,fast_access,zstd,0.47962838387879914,0.7543376391285553,3.706218076454835,2.259516801827141,0.47962838387879914
sample_000511,archive,zstd,0.12210802493072394,0.8585690161392641,0.81781343252573,1.0453720895665126,0.12210802493072394
sample_000511,balanced,zstd,0.08722001780765996,1.3686988361833312,1.3630223875428835,1.7222606897590245,0.08722001780765996
sample_000511,fast_access,zstd,0.052332010684595975,1.1987998373287185,1.9531497975768104,2.1170573008357527,0.052332010684595975
sample_000512,archive,zstd,0.0,1.681620889650685,2.1069144715496257,2.4851548845238955,0.0
sample_000512,balanced,zstd,0.0,1.6662027545921916,2.8418018932361546,2.96473548565663,0.0
sample_000512,fast_access,zstd,0.0,1.455405791233069,3.1248466461035487,2.8814379500117857,0.0
sample_000513,archive,zstd,0.1052238228738189,0.7147088514891582,0.9125623152890281,1.1863680189017958,0.1052238228738189
sample_000513,balanced,zstd,0.1753730381230315,0.8989621050256592,1.3126811817351434,1.9468697751308104,0.1753730381230315
sample_000513,fast_access,zstd,0.350746076246063,0.6753367869020866,1.6919621978049908,2.3564668033579688,0.350746076246063
sample_000514,archive,zstd,0.434655037257837,0.6800275242483257,0.9020809601856299,1.273729190761576,0.434655037257837
sample_000514,balanced,zstd,0.31046788375559786,0.838359027892838,1.50346826697605,1.9366007650659847,0.31046788375559786
sample_000514,fast_access,zstd,0.1862807302533587,0.6385101291436142,1.9781437319604271,2.1674286715006987,0.1862807302533587
sample_000515,archive,zstd,0.10576357165177118,0.6463478614309233,1.1986065160917305,1.2124086320627672,0.10576357165177118
sample_000515,balanced,zstd,0.0755454083226937,1.0169931776539336,1.9673010300909586,2.0206810534379454,0.0755454083226937
sample_000515,fast_access,zstd,0.04532724499361622,1.2028690249663905,2.65576460876522,2.5664658977859816,0.04532724499361622
sample_000516,archive,zstd,0.0,0.6794171516115417,1.7946407065378254,1.3786782104738893,0.0
sample_000516,balanced,zstd,0.0,1.1321508849197772,2.9871656315394026,2.2976520830101426,0.0
sample_000516,fast_access,zstd,0.0,1.4302418984011744,4.6845285093995015,3.078687986083425,0.0
sample_000517,archive,zstd,0.09860423731017515,0.48930351343808365,0.7248897851261364,0.8589748733934328,0.09860423731017515
sample_000517,balanced,zstd,0.07070213763986981,0.747814142322892,1.208149641876894,1.3956137304145044,0.07070213763986981
sample_000517,fast_access,zstd,0.0430841045087964,0.5880975568472265,1.7858104012836633,1.7076222536931944,0.0430841045087964
sample_000518,archive,zstd,0.0,1.9958114096902668,2.1037720445023083,1.8583273657165402,0.0
sample_000518,balanced,zstd,0.0,1.7314387515728444,2.92432654683682,2.3319567177443052,0.0
sample_000518,fast_access,zstd,0.0,1.637811498094731,3.708547667143041,2.788305874224503,0.0
sample_000519,archive,zstd,0.0,0.6208662613692969,1.1222841957785528,0.9951281693161662,0.0
sample_000519,balanced,zstd,0.0,0.822508081231935,1.3657756340437057,1.5573066476750506,0.0
sample_000519,fast_access,zstd,0.0,0.7015135543232867,1.712130892978648,1.9334281277789624,0.0
sample_000520,archive,zstd,0.2720648656635287,0.5649215584626397,0.792024011634328,0.855279950339546,0.2720648656635287
sample_000520,balanced,zstd,0.19433204690252054,0.7576077397560693,1.2302007085476285,1.4254665838992433,0.19433204690252054
sample_000520,fast_access,zstd,0.11659922814151231,0.6520009697541145,1.7014011423224997,1.7369387075482343,0.11659922814151231
sample_000521,archive,zstd,0.07335040860949704,0.47982733695887425,0.9905560350781419,0.9960843984096923,0.07335040860949704
sample_000521,balanced,zstd,0.05239314900678361,0.7536319411696686,1.6439471873793199,1.6601406640161538,0.05239314900678361
sample_000521,fast_access,zstd,0.03143588940407016,0.8228883881933571,2.2976516731164027,2.3025223535260353,0.03143588940407016
sample_000522,archive,zstd,0.0,0.6276401652052338,1.4443201669906587,1.0449568087538328,0.0
sample_000522,balanced,zstd,0.0,1.0458730625282442,2.4039417054091494,1.7415444578815475,0.0
sample_000522,fast_access,zstd,0.0,1.1029828505967796,3.393463361433729,1.8135110771998488,0.0
sample_000523,archive,zstd,0.09783724568099451,0.5930157937920305,0.7916981228519322,0.9657047696945531,0.09783724568099451
sample_000523,balanced,zstd,0.06988374691499609,0.926575788821733,1.3194968714198871,1.5775844755782218,0.06988374691499609
sample_000523,fast_access,zstd,0.04193024814899765,0.8724701831197752,1.9545711433367021,1.9314651072683597,0.04193024814899765
sample_000524,archive,zstd,0.0,2.2969120264252183,1.7558501608372052,1.5234186683736168,0.0
sample_000524,balanced,zstd,0.0,1.92132384226944,2.531479860889733,1.9281706260399247,0.0
sample_000524,fast_access,zstd,0.0,1.400778999972991,2.7654817261939613,2.0625784988513276,0.0
sample_000525,archive,zstd,0.03522299442830439,0.7293832006165101,0.643589524413038,1.0262631414112469,0.03522299442830439
sample_000525,balanced,zstd,0.025159281734503137,1.0253284015524342,0.9726319758514688,1.710438569018745,0.025159281734503137
sample_000525,fast_access,zstd,0.015095569040701882,0.8218128350256227,1.2195606144087052,1.9120637512791936,0.015095569040701882
sample_000526,archive,zstd,0.2776828353272271,0.6075159452731593,0.8366920132114879,0.8769898805168719,0.2776828353272271
sample_000526,balanced,zstd,0.1983448823765908,0.8136767205287198,1.2889555591286987,1.4616498008614531,0.1983448823765908
sample_000526,fast_access,zstd,0.11900692942595446,0.6961673402866537,1.7855606760503484,1.7347640983893746,0.11900692942595446
sample_000527,archive,zstd,0.03691970814184537,0.5423641779129665,1.059426701056654,0.9391211746157202,0.03691970814184537
sample_000527,balanced,zstd,0.026371220101318125,0.8747371119923684,1.7656844986838085,1.5652019576928673,0.026371220101318125
sample_000527,fast_access,zstd,0.015822732060790875,0.9132746250832932,2.3640147065273442,1.9280843855524485,0.015822732060790875
sample_000528,archive,zstd,0.0,0.6625957683354151,1.7446031959384296,1.4073940073914457,0.0
sample_000528,balanced,zstd,0.0,1.1037978413577543,2.889777596841822,2.343626509115881,0.0
sample_000528,fast_access,zstd,0.0,1.3961961292143292,4.2591943068497535,2.8152449465909704,0.0
sample_000529,archive,zstd,0.13157483093512548,0.8587206436211322,0.9810172938796653,1.1439535144089117,0.13157483093512548
sample_000529,balanced,zstd,0.09398202209651821,1.3953999677792766,1.6026490355920548,1.9065891906815193,0.09398202209651821
sample_000529,fast_access,zstd,0.05638921325791092,1.2656717000555555,2.1150738260259523,2.151862032455828,0.05638921325791092
sample_000530,archive,zstd,0.0,1.1093071602184765,2.176236524409493,2.234989061962309,0.0
sample_000530,balanced,zstd,0.0,1.2353755129006,2.949104702246593,2.9796281869203742,0.0
sample_000530,fast_access,zstd,0.0,1.3984728772724524,3.5753071625447186,3.234883670320948,0.0
sample_000531,archive,zstd,0.05752950468628632,0.47416191796046014,1.1436938556803675,1.1458309919592997,0.05752950468628632
sample_000531,balanced,zstd,0.0958825078104772,0.5436991592988034,1.5077233748699364,1.8440916047233313,0.0958825078104772
sample_000531,fast_access,zstd,0.1917650156209544,0.39797372184374813,1.8818070755883296,2.075178911227133,0.1917650156209544
sample_000532,archive,zstd,0.26614204331623353,0.5250730616285473,0.8701519305661585,1.2839695886883047,0.26614204331623353
sample_000532,balanced,zstd,0.1901014595115954,0.6906038767345664,1.4502532176102645,2.045706662316981,0.1901014595115954
sample_000532,fast_access,zstd,0.11406087570695723,0.612562826568972,1.8704306639404074,2.406774752694482,0.11406087570695723
sample_000533,archive,zstd,0.0275985681256714,0.6041722514649581,1.2667580595197176,1.2504889793715266,0.0275985681256714
sample_000533,balanced,zstd,0.019713262946908144,0.9664174230365346,2.0484650837180496,2.0841482989525444,0.019713262946908144
sample_000533,fast_access,zstd,0.011827957768144886,1.303024502214217,2.734100107298717,2.5761156045590434,0.011827957768144886
sample_000534,archive,zstd,0.0,0.6511826673642382,1.6667534220621922,1.3745561788864085,0.0
sample_000534,balanced,zstd,0.0,1.0850197191435127,2.7715049592595196,2.2903779583288286,0.0
sample_000534,fast_access,zstd,0.0,0.9907867685740677,3.8963425562280065,2.6149813256304584,0.0
sample_000535,archive,zstd,0.0693941264429758,0.5422547092780018,0.7852947892685235,0.9977305967892331,0.0693941264429758
sample_000535,balanced,zstd,0.049567233173554145,0.8132872655679374,1.3088246487808726,1.6138331799461547,0.049567233173554145
sample_000535,fast_access,zstd,0.029740339904132485,0.7702608819948223,1.9675167170466301,2.096045336325923,0.029740339904132485
sample_000536,archive,zstd,0.0,1.7681178878647774,2.2414140298999916,2.3951710546572085,0.0
sample_000536,balanced,zstd,0.0,1.8032721528123092,3.0299520804637123,2.9594095640169034,0.0
sample_000536,fast_access,zstd,0.0,1.6642965001705128,3.464539277580177,3.0102723960290514,0.0
sample_000537,archive,zstd,0.054284078972178615,0.7690745342465461,1.6061539950476043,1.4339376525406524,0.054284078972178615
sample_000537,balanced,zstd,0.09047346495363102,1.0249687543198573,2.022858353489297,2.1909930660060524,0.09047346495363102
sample_000537,fast_access,zstd,0.18094692990726205,0.7814516830422279,2.495991544788021,2.5860711180082596,0.18094692990726205
sample_000538,archive,zstd,0.4149668927823301,0.47765290066753285,0.901024679309563,1.1363307904243907,0.4149668927823301
sample_000538,balanced,zstd,0.36726357169892865,0.5882333008075254,1.5017077988492717,1.826287429277914,0.36726357169892865
sample_000538,fast_access,zstd,0.3939618313126547,0.439408410600266,2.1414598567542873,2.2227413768963316,0.3939618313126547
sample_000539,archive,zstd,0.0799387945965326,0.4867330139857576,1.108628851916713,1.137372116931415,0.0799387945965326
sample_000539,balanced,zstd,0.05709913899752329,0.765171674056472,1.7951539211465593,1.8956201948856917,0.05709913899752329
sample_000539,fast_access,zstd,0.03425948339851397,0.9436068954697251,2.3326619279131324,2.4032302804061736,0.03425948339851397
sample_000540,archive,zstd,0.0,0.6324007057428191,1.6893656101222772,1.3115615720418732,0.0
sample_000540,balanced,zstd,0.0,1.0537901418052393,2.811454370980794,2.185791018956783,0.0
sample_000540,fast_access,zstd,0.0,1.4821604191305369,4.54245561390704,3.0235050707947955,0.0
sample_000541,archive,zstd,0.07645377409670762,0.39718338526201535,0.7256144392253976,0.8795218594337391,0.07645377409670762
sample_000541,balanced,zstd,0.05460983864050545,0.5821074171299555,1.2093573987089958,1.418330757282796,0.05460983864050545
sample_000541,fast_access,zstd,0.032765903184303266,0.5685726516547408,1.8399210435985287,1.8543239541534737,0.032765903184303266
sample_000542,archive,zstd,0.0,2.0690350535497513,2.1008548503480036,1.8248557979237245,0.0
sample_000542,balanced,zstd,0.0,1.8562540121198379,2.9279572404312644,2.276170771422946,0.0
sample_000542,fast_access,zstd,0.0,1.7392090777013178,3.717118383662922,2.6723291017630864,0.0
sample_000543,archive,zstd,0.0,0.706611854606163,0.8735969564174497,1.0923501655295615,0.0
sample_000543,balanced,zstd,0.0,0.957935069865832,1.2339500379891066,1.7980560164253376,0.0
sample_000543,fast_access,zstd,0.0,0.7883584449516766,1.6433530533389877,2.1736086314102034,0.0
sample_000544,archive,zstd,0.27062584763778846,0.5706881815025877,0.8234520953005124,0.9288994720069641,0.27062584763778846
sample_000544,balanced,zstd,0.19330417688413465,0.768676095143215,1.2829717100639078,1.5481657866782736,0.19330417688413465
sample_000544,fast_access,zstd,0.11598250613048078,0.654557883616252,1.7809883545739378,1.9146699935748575,0.11598250613048078
sample_000545,archive,zstd,0.05568876791691912,0.6392315729817746,1.0810670624824752,1.1291034274160503,0.05568876791691912
sample_000545,balanced,zstd,0.039777691369227944,1.024478202331858,1.8017784374707921,1.8789767809109923,0.039777691369227944
sample_000545,fast_access,zstd,0.023866614821536767,0.9453726534458604,2.4428989238044307,2.475675104095189,0.023866614821536767
sample_000546,archive,zstd,0.0,0.7123981159064132,1.531425715338358,1.1202518351125155,0.0
sample_000546,balanced,zstd,0.0,1.1871363136968764,2.5491271093335075,1.8670361684793517,0.0
sample_000546,fast_access,zstd,0.0,1.2967066026395624,3.6047396774570424,1.9961064628733545,0.0
sample_000547,archive,zstd,0.23646874662092693,0.930637126974688,1.0478002462940936,1.0512748200545359,0.23646874662092693
sample_000547,balanced,zstd,0.1900837596460305,1.4923671821601547,1.643914385758785,1.752124700090893,0.1900837596460305
sample_000547,fast_access,zstd,0.16593516033377084,1.185089541308475,2.290490024367198,1.9023554133117262,0.16593516033377084
sample_000548,archive,zstd,0.0,2.2534976008561594,2.4387328780435262,1.1924028757250336,0.0
sample_000548,balanced,zstd,0.0,1.9035309388540014,3.0624699447792416,1.597382395595248,0.0
sample_000548,fast_access,zstd,0.0,1.4732482969697234,3.1508664100674846,1.7091304525295596,0.0
sample_000549,archive,zstd,0.18418750702436013,0.6594743313398559,0.8658997395428985,0.9116944060707299,0.18418750702436013
sample_000549,balanced,zstd,0.1315625050174001,0.9709710932985849,1.197021921607579,1.51949067678455,0.1315625050174001
sample_000549,fast_access,zstd,0.07893750301044006,0.8225952715598339,1.4699390539329849,1.801204892184174,0.07893750301044006
sample_000550,archive,zstd,0.2746067870334055,0.6325367933442395,0.8854017840086249,0.9255173777060589,0.2746067870334055
sample_000550,balanced,zstd,0.1961477050238611,0.8583606531474981,1.3771493525713214,1.5425289628434316,0.1961477050238611
sample_000550,fast_access,zstd,0.11768862301431667,0.8341615228277883,2.0278485896656453,1.938346836289099,0.11768862301431667
sample_000551,archive,zstd,0.044822913254116796,0.7281690814800823,1.1279534449561315,1.0653364486837291,0.044822913254116796
sample_000551,balanced,zstd,0.032016366610083426,1.1899923604757308,1.8747751366009655,1.7755607478062154,0.032016366610083426
sample_000551,fast_access,zstd,0.019209819966050055,1.1322839035056045,2.4669364093546022,2.2044099996419866,0.019209819966050055
sample_000552,archive,zstd,0.0,0.5190983928884403,1.6710032311385619,1.4017266090379494,0.0
sample_000552,balanced,zstd,0.0,0.8646355489461296,2.7660429612009105,2.334180845193387,0.0
sample_000552,fast_access,zstd,0.0,1.090999548457772,4.03597371817776,2.9054186373956723,0.0
sample_000553,archive,zstd,0.1867604254066072,0.6884535384397724,0.8535799297953983,1.0639660895364633,0.1867604254066072
sample_000553,balanced,zstd,0.1704316764030079,1.1057266170723645,1.3845996114481642,1.7732768158941057,0.1704316764030079
sample_000553,fast_access,zstd,0.19298586856761152,0.8783269016088033,1.9072649546940705,2.067583171861415,0.19298586856761152
sample_000554,archive,zstd,0.0,0.9931126541573168,1.906595722053459,2.461666385590406,0.0
sample_000554,balanced,zstd,0.0,0.976141369599146,2.577135173196972,3.0401548253852533,0.0
sample_000554,fast_access,zstd,0.0,0.8505920346465627,2.9261151529774914,3.0348734380012328,0.0
sample_000555,archive,zstd,0.0,0.7296135646007376,1.4807801687303224,1.9890347761344382,0.0
sample_000555,balanced,zstd,0.0,0.9348721883479328,1.8815944661469206,2.7063868557754205,0.0
sample_000555,fast_access,zstd,0.0,0.9490042526452505,2.3167884467827675,2.874497662671289,0.0
sample_000556,archive,zstd,0.1551584666463983,0.4049343224424382,0.7981065521682933,1.0073741727986525,0.1551584666463983
sample_000556,balanced,zstd,0.1108274761759988,0.5484028753889573,1.3124966240284497,1.6789569546644207,0.1108274761759988
sample_000556,fast_access,zstd,0.06649648570559927,0.5287018035714476,1.8343674221693933,2.0648963625003196,0.06649648570559927
sample_000557,archive,zstd,0.04840994313364537,0.31567155923724605,1.0259295976830578,1.1082436662970347,0.04840994313364537
sample_000557,balanced,zstd,0.034578530809746696,0.47957689692982297,1.669935566595336,1.8470727771617246,0.034578530809746696
sample_000557,fast_access,zstd,0.020747118485848016,0.5752971403209945,2.2831173273850944,2.4124828005723145,0.020747118485848016
sample_000558,archive,zstd,0.0,0.8579572579417758,1.8889028292643881,1.6132849642115916,0.0
sample_000558,balanced,zstd,0.0,1.4296440367727419,3.14160288533241,2.688259267204134,0.0
sample_000558,fast_access,zstd,0.0,1.7528679337017823,4.648903467981117,3.44174459075228,0.0
sample_000559,archive,zstd,0.12225110780682541,0.870733732717585,0.8289652950495012,1.0535117838087784,0.12225110780682541
sample_000559,balanced,zstd,0.08732221986201816,1.389202934016101,1.3816088250825023,1.7341735117347838,0.08732221986201816
sample_000559,fast_access,zstd,0.05239333191721089,1.3491468948451733,1.9591404780188695,2.172349733017483,0.05239333191721089
sample_000560,archive,zstd,0.0,1.5780965418767314,2.449630126640159,2.061660703707081,0.0
sample_000560,balanced,zstd,0.0,1.7405780338335317,3.3582928126526683,2.818921522292669,0.0
sample_000560,fast_access,zstd,0.0,1.8427980413892664,4.031226766297573,3.2262036956164573,0.0
sample_000561,archive,zstd,0.05121648740148501,0.7744111801045579,1.267927581941337,1.267675704511689,0.05121648740148501
sample_000561,balanced,zstd,0.08536081233580835,1.0733095457606403,1.7192675222248854,2.059792970120731,0.08536081233580835
sample_000561,fast_access,zstd,0.1707216246716167,0.8260412734464689,2.0671721104451524,2.3692331076211657,0.1707216246716167
sample_000562,archive,zstd,0.18865143746104848,0.5947851049451972,0.8228929550052109,0.9501080319630741,0.18865143746104848
sample_000562,balanced,zstd,0.13475102675789177,0.8188033486558588,1.3110231479130678,1.5835133866051234,0.13475102675789177
sample_000562,fast_access,zstd,0.08085061605473506,0.8129992206098359,1.8925819262512573,2.0459186437307806,0.08085061605473506
sample_000563,archive,zstd,0.12546711218293147,0.4620184013137003,1.1608054580373282,1.1196277319488597,0.12546711218293147
sample_000563,balanced,zstd,0.08961936584495105,0.7018385132156544,1.8932285263532884,1.8660462199147663,0.08961936584495105
sample_000563,fast_access,zstd,0.053771619506970625,0.7544616343039884,2.5347125915329647,2.405220491718212,0.053771619506970625
sample_000564,archive,zstd,0.0,0.8408285270160946,1.7757293602157298,1.4048557431960775,0.0
sample_000564,balanced,zstd,0.0,1.4011698439273652,2.9555456028888427,2.3412813042137897,0.0
sample_000564,fast_access,zstd,0.0,1.97909658709832,4.639320562106624,3.1528043271856854,0.0
sample_000565,archive,zstd,0.13271080071222763,0.706858444803571,0.7789812548029247,0.9009491560849037,0.13271080071222763
sample_000565,balanced,zstd,0.10148032469446437,1.1384690897411547,1.298302091338208,1.489255956242875,0.10148032469446437
sample_000565,fast_access,zstd,0.07727108907171798,0.9048310240532043,1.9139138426396254,1.7901065110880165,0.07727108907171798
sample_000566,archive,zstd,0.0,1.9148289998143797,1.668513514576466,1.9350784744283454,0.0
sample_000566,balanced,zstd,0.0,1.6081111633081855,2.3617834180125277,2.2224125261963934,0.0
sample_000566,fast_access,zstd,0.0,1.348451722593083,2.880506732271816,2.3639137822726433,0.0
sample_000567,archive,zstd,0.08199552828999772,0.6535045323360125,1.2479444449161543,1.1218875338298615,0.08199552828999772
sample_000567,balanced,zstd,0.13665921381666288,0.8749152136708929,1.5781365059985806,1.7673640346723878,0.13665921381666288
sample_000567,fast_access,zstd,0.27331842763332576,0.6677933199033451,1.9823548963242728,2.2209300706495236,0.27331842763332576
sample_000568,archive,zstd,0.547252638021196,0.6250922597024454,0.8778864106800022,1.1686377973141002,0.547252638021196
sample_000568,balanced,zstd,0.44240644038841676,0.7077315072171528,1.463144017800004,1.7653428866638206,0.44240644038841676
sample_000568,fast_access,zstd,0.39164752664757807,0.5160718669306839,2.002533615125678,2.0022395911596815,0.39164752664757807
sample_000569,archive,zstd,0.047593614224723045,0.39328939599940327,1.0693677137404582,1.0892596248224748,0.047593614224723045
sample_000569,balanced,zstd,0.033995438731945035,0.5970408554519334,1.7471982327102942,1.815432708037458,0.033995438731945035
sample_000569,fast_access,zstd,0.020397263239167022,0.594124977451758,2.362030315013356,2.429395067513395,0.020397263239167022
sample_000570,archive,zstd,0.0,0.6320773869805414,1.4710797465528898,1.0730714312239666,0.0
sample_000570,balanced,zstd,0.0,1.0532684321537567,2.4486852674357253,1.7884021619984372,0.0
sample_000570,fast_access,zstd,0.0,1.097010232192864,3.4439319944923197,1.8720688552661198,0.0
sample_000571,archive,zstd,0.09844548137641573,0.523513890249323,0.7708107956193152,0.928132332170462,0.09844548137641573
sample_000571,balanced,zstd,0.0703182009831541,0.8103065600636875,1.2846846593655252,1.5143565444661031,0.0703182009831541
sample_000571,fast_access,zstd,0.042190920589892454,0.7478539177318128,1.9188255584765161,1.8214265188743053,0.042190920589892454
sample_000572,archive,zstd,0.0,2.260354533107433,1.6467709908968875,1.442532184341401,0.0
sample_000572,balanced,zstd,0.0,1.8603946867397974,2.371541126204531,1.7933598193195652,0.0
sample_000572,fast_access,zstd,0.0,1.3686191606782878,2.60276515847245,1.872652488962221,0.0
sample_000573,archive,zstd,0.18077890689359274,0.5534967407002617,1.0056226661991108,0.8115782239561062,0.18077890689359274
sample_000573,balanced,zstd,0.12912779063828053,0.7930277843172887,1.3094268497673784,1.352630373260177,0.12912779063828053
sample_000573,fast_access,zstd,0.07747667438296832,0.8428049022395891,1.589232664367926,1.6560934765994713,0.07747667438296832
sample_000574,archive,zstd,0.4006396911314347,0.5552264253266053,0.958799065650847,0.994442222600081,0.4006396911314347
sample_000574,balanced,zstd,0.30571958487972584,0.7166895270326339,1.5693352933348872,1.6574037043334684,0.30571958487972584
sample_000574,fast_access,zstd,0.23132527440315293,0.5420484443493508,2.063968902611725,1.8474236133354331,0.23132527440315293
sample_000575,archive,zstd,0.04041998023455305,0.4877937476912231,1.0516315837846204,0.9816403614731064,0.04041998023455305
sample_000575,balanced,zstd,0.028871414453252184,0.7835296105532721,1.7473112394219363,1.6360672691218439,0.028871414453252184
sample_000575,fast_access,zstd,0.01732284867195131,0.6803922118946166,2.276362013392604,2.0339394716313843,0.01732284867195131
sample_000576,archive,zstd,0.0,0.5081120467716095,1.5717601715624179,1.4143509649018295,0.0
sample_000576,balanced,zstd,0.0,0.8463249720847449,2.6013892584968428,2.3552214382998535,0.0
sample_000576,fast_access,zstd,0.0,1.1964773753351101,3.8704081105679453,3.0258713720904993,0.0
sample_000577,archive,zstd,0.13137352776056446,0.6011786168146224,0.7983391245003149,1.1112485689004599,0.13137352776056446
sample_000577,balanced,zstd,0.0938382341146889,0.9181871734786561,1.3305652075005248,1.804577679386556,0.0938382341146889
sample_000577,fast_access,zstd,0.05630294046881334,0.7941912295058263,1.8534876250796368,2.191448717023627,0.05630294046881334
sample_000578,archive,zstd,0.0,1.1216180699197753,2.204075006379208,2.2528172261868713,0.0
sample_000578,balanced,zstd,0.0,1.255893695736098,2.986112345608292,3.009341793961312,0.0
sample_000578,fast_access,zstd,0.0,1.4159883422075397,3.6090922281972158,3.3021856314244404,0.0
sample_000579,archive,zstd,0.0,0.4577888438454862,1.2234641502864452,1.46386397351472,0.0
sample_000579,balanced,zstd,0.0,0.7004355695973737,1.6011189810828248,2.2816058099746077,0.0
sample_000579,fast_access,zstd,0.0,0.625731317643329,1.9246256958408536,2.568859327318326,0.0
sample_000580,archive,zstd,0.15743497040187007,0.5608281668163511,0.7365648246637236,0.9981437436832961,0.15743497040187007
sample_000580,balanced,zstd,0.11245355028705006,0.8047706231124715,1.2055729856919248,1.663572906138827,0.11245355028705006
sample_000580,fast_access,zstd,0.06747213017223004,0.945865359617996,1.705352588805289,2.0703180945824275,0.06747213017223004
sample_000581,archive,zstd,0.058019165685701424,0.27849151472493483,1.0852499960641055,1.096340942725745,0.058019165685701424
sample_000581,balanced,zstd,0.04144226120407245,0.415023357515399,1.7585103557021808,1.8272349045429084,0.04144226120407245
sample_000581,fast_access,zstd,0.024865356722443468,0.5158802830221771,2.5422219582605248,2.345585938721675,0.024865356722443468
sample_000582,archive,zstd,0.0,0.8759492249393127,1.8839710465381776,1.5779148483522596,0.0
sample_000582,balanced,zstd,0.0,1.4596306484353034,3.1335444069990883,2.6293090741052474,0.0
sample_000582,fast_access,zstd,0.0,1.7692618806365443,4.6322300672407835,3.318029564755523,0.0
sample_000583,archive,zstd,0.1223586031523061,0.8112335256401974,0.8010015241025219,1.01545011456048,0.1223586031523061
sample_000583,balanced,zstd,0.08739900225164722,1.2887482620314024,1.3350025401708698,1.669719474932898,0.08739900225164722
sample_000583,fast_access,zstd,0.05243940135098833,1.250852692995088,1.9717045528844617,2.150261433189149,0.05243940135098833
sample_000584,archive,zstd,0.0,1.5785427763709097,2.031046561819642,2.635659462567726,0.0
sample_000584,balanced,zstd,0.0,1.595338996762812,2.786449874228764,3.1219858906756777,0.0
sample_000584,fast_access,zstd,0.0,1.3100402366282182,3.093107799030465,3.086907808235889,0.0
sample_000585,archive,zstd,0.028176202502632884,0.7276978865123741,1.0382384654623151,1.1854699308071046,0.028176202502632884
sample_000585,balanced,zstd,0.04696033750438814,0.923548013504354,1.5238314339987302,1.9457554073906573,0.04696033750438814
sample_000585,fast_access,zstd,0.09392067500877628,0.6954461412010428,1.9309580307572605,2.192814802266606,0.09392067500877628
sample_000586,archive,zstd,0.3402610677686363,0.5547705711679137,0.8771174390381149,1.132884467939538,0.3402610677686363
sample_000586,balanced,zstd,0.24964695808527587,0.7216484711448924,1.4618623983968582,1.8283765841491701,0.24964695808527587
sample_000586,fast_access,zstd,0.16596635356497794,0.5468734047956694,1.9508581983714888,2.1182930549356938,0.16596635356497794
sample_000587,archive,zstd,0.12026501536604232,0.45961191819664343,1.0867027507767042,1.094555055292587,0.12026501536604232
sample_000587,balanced,zstd,0.08590358240431595,0.7049603991796756,1.791673145717648,1.824258425487645,0.08590358240431595
sample_000587,fast_access,zstd,0.051542149442589565,0.7907837558333436,2.429227122745523,2.4230627914053375,0.051542149442589565
sample_000588,archive,zstd,0.0,0.9047991268992785,1.786796621158875,1.3782768068704805,0.0
sample_000588,balanced,zstd,0.0,1.5077875103993386,2.973935429368365,2.2969830770044615,0.0
sample_000588,fast_access,zstd,0.0,2.189139548575387,4.655505497776531,3.0456481640776674,0.0
sample_000589,archive,zstd,0.10022965746779364,0.48633101436818316,0.6900547320162123,0.8487213496329414,0.10022965746779364
sample_000589,balanced,zstd,0.07159261247699546,0.743544113563625,1.1500912200270204,1.379383070128478,0.07159261247699546
sample_000589,fast_access,zstd,0.04295556748619727,0.5931136846705927,1.7153995058922997,1.7159330399329098,0.04295556748619727
sample_000590,archive,zstd,0.0,1.747779890608509,1.5808137599052265,1.9001283224884304,0.0
sample_000590,balanced,zstd,0.0,1.331248174471461,2.261612407885096,2.1641622729632015,0.0
sample_000590,fast_access,zstd,0.0,0.8906723374002571,2.7103986221859797,2.233567455902878,0.0
sample_000591,archive,zstd,0.049241320412555134,0.6757483477302606,1.2147990501244341,1.062305712993202,0.049241320412555134
sample_000591,balanced,zstd,0.08206886735425856,0.9163032120991702,1.534317218063619,1.6723031810991729,0.08206886735425856
sample_000591,fast_access,zstd,0.1641377347085171,0.7015509645616466,1.8694274889810663,2.022046576243099,0.1641377347085171
sample_000592,archive,zstd,0.2736111921785862,0.5583720637242033,0.7531862430073728,0.8125553750639667,0.2736111921785862
sample_000592,balanced,zstd,0.19543656584184732,0.745151220542181,1.1631361818222854,1.3542589584399445,0.19543656584184732
sample_000592,fast_access,zstd,0.11726193950510838,0.644704598113764,1.622610722958925,1.6780714643394936,0.11726193950510838
sample_000593,archive,zstd,0.08770086878492232,0.5782066325368119,1.0308346161062674,1.0833728894855428,0.08770086878492232
sample_000593,balanced,zstd,0.07177804473066368,0.9100025832814898,1.691237780069856,1.8056214824759047,0.07177804473066368
sample_000593,fast_access,zstd,0.06544651605491014,0.7199507959832123,2.2192552721182466,2.3806613922242783,0.06544651605491014
sample_000594,archive,zstd,0.0,0.6386607107622079,1.4102517538920312,0.9922734242582081,0.0
sample_000594,balanced,zstd,0.0,1.0642406384565342,2.347165445566671,1.653738817055506,0.0
sample_000594,fast_access,zstd,0.0,1.272581175313678,3.4017822904585295,1.7725558962727392,0.0
sample_000595,archive,zstd,0.09747961385183614,0.5439182241397292,0.7792385899981016,0.9586771620600821,0.09747961385183614
sample_000595,balanced,zstd,0.06962829560845439,0.8446344403016017,1.2987309833301695,1.5658194110255073,0.06962829560845439
sample_000595,fast_access,zstd,0.04177697736507263,0.7771852894374771,1.966935276340062,1.95933905491769,0.04177697736507263
sample_000596,archive,zstd,0.0,2.4790473633180206,1.9418109268293184,1.4086009301510352,0.0
sample_000596,balanced,zstd,0.0,2.1677700257263433,2.6510973555426744,1.7869566764940135,0.0
sample_000596,fast_access,zstd,0.0,1.7693911300632985,2.7751753907520644,1.846436647303236,0.0
sample_000597,archive,zstd,0.12214224408990991,0.7039993037358526,0.9194458073679008,0.9641748740408109,0.12214224408990991
sample_000597,balanced,zstd,0.08724446006422137,1.0494597667748438,1.2905308895243133,1.6069581234013515,0.08724446006422137
sample_000597,fast_access,zstd,0.052346676038532824,0.9132787577664649,1.6114837117880643,1.8904665456537806,0.052346676038532824
sample_000598,archive,zstd,0.3901683666135773,0.47475207732552116,0.9597964973003845,0.9012045944968438,0.3901683666135773
sample_000598,balanced,zstd,0.2959956158529626,0.5882059283689299,1.5766891319432585,1.5020076574947396,0.2959956158529626
sample_000598,fast_access,zstd,0.2199919867777757,0.4401076126191032,2.2189857317024244,1.6848173827606183,0.2199919867777757
sample_000599,archive,zstd,0.011929638765755403,0.5202787517612255,1.1643847581330045,1.0332744956888043,0.011929638765755403
sample_000599,balanced,zstd,0.008521170546968146,0.8380062470808002,1.9406412635550077,1.7163668700669787,0.008521170546968146
sample_000599,fast_access,zstd,0.005112702328180887,0.9527143190726152,2.6362357530328238,2.167446829806917,0.005112702328180887
sample_000600,archive,zstd,0.0,0.829340616940174,1.703103136882508,1.4480506714835562,0.0
sample_000600,balanced,zstd,0.0,1.3817059223656858,2.820215066425826,2.411387615936065,0.0
sample_000600,fast_access,zstd,0.0,2.0012654090095734,4.186190578824367,2.9744337019753453,0.0
sample_000601,archive,zstd,0.09336352336898084,0.38397922404154655,0.729858958690409,1.1168542818421836,0.09336352336898084
sample_000601,balanced,zstd,0.06668823097784346,0.5326840448722194,1.2164315978173483,1.7816063121654593,0.06668823097784346
sample_000601,fast_access,zstd,0.04001293858670608,0.4756156110866265,1.7067475931284215,2.2819526191934703,0.04001293858670608
sample_000602,archive,zstd,0.0,0.8069958681932272,2.0368572351309018,1.8465235201041927,0.0
sample_000602,balanced,zstd,0.0,0.8481044911683685,2.7408758898770187,2.5404557575158977,0.0
sample_000602,fast_access,zstd,0.0,0.8772950992737641,3.2734103791149938,2.7835787062859887,0.0
sample_000603,archive,zstd,0.0,0.6626648265820282,1.2708550509898358,1.2259517453952684,0.0
sample_000603,balanced,zstd,0.0,0.8580532296141454,1.7173971985899132,1.979895914152329,0.0
sample_000603,fast_access,zstd,0.0,0.6773681952407643,2.035475612027202,2.205700938076954,0.0
sample_000604,archive,zstd,0.32234830629304495,0.5737988366263702,0.8280260896088889,1.2785482780200255,0.32234830629304495
sample_000604,balanced,zstd,0.23024879020931782,0.7146603737192246,1.3800434826814816,1.9522510517136682,0.23024879020931782
sample_000604,fast_access,zstd,0.1381492741255907,0.624448951837379,1.811143241185065,2.1545625573280978,0.1381492741255907
sample_000605,archive,zstd,0.04051445060457961,0.46025887242463587,1.2146408683977075,1.1951198830593481,0.04051445060457961
sample_000605,balanced,zstd,0.028938893288985437,0.7189379024481589,1.9451122581498046,1.9918664717655803,0.028938893288985437
sample_000605,fast_access,zstd,0.01736333597339126,0.6413947283935637,2.476886666621604,2.378631662771602,0.01736333597339126
sample_000606,archive,zstd,0.0,0.7295767128847412,1.791549792679744,1.4575531263698076,0.0
sample_000606,balanced,zstd,0.0,1.2156764616776843,2.9796500304677416,2.428706204134494,0.0
sample_000606,fast_access,zstd,0.0,1.5024309587457445,4.4951904562662355,3.0825389045320692,0.0
sample_000607,archive,zstd,0.06957849012882407,0.5818726106313419,0.7706273234739969,0.9637933719265492,0.06957849012882407
sample_000607,balanced,zstd,0.04969892152058862,0.8793212029185483,1.2843788724566614,1.554470485849126,0.04969892152058862
sample_000607,fast_access,zstd,0.029819352912353173,0.9252057457223126,1.9764271845326642,2.078343035609529,0.029819352912353173
sample_000608,archive,zstd,0.0,1.5733708579541412,2.1611295340560672,2.50992196341782,0.0
sample_000608,balanced,zstd,0.0,1.4811402555538895,2.941616754074861,3.0060139504798378,0.0
sample_000608,fast_access,zstd,0.0,1.2084147059625958,3.347270271241219,2.929217214575498,0.0
sample_000609,archive,zstd,0.0,0.6664023246251849,1.5159987006767492,1.5754278763403218,0.0
sample_000609,balanced,zstd,0.0,0.9214125400531554,1.932164752489224,2.3487028312594256,0.0
sample_000609,fast_access,zstd,0.0,0.7736777008432253,2.247916682969107,2.6303753225405506,0.0
sample_000610,archive,zstd,0.1898358706099105,0.4784231996831692,0.708005159897751,0.8763428421458483,0.1898358706099105
sample_000610,balanced,zstd,0.13559705043565037,0.6231115723116982,1.1168112705443327,1.460571403576414,0.13559705043565037
sample_000610,fast_access,zstd,0.08135823026139022,0.5435022136327154,1.6433974166695462,1.9073624810192966,0.08135823026139022
sample_000611,archive,zstd,0.0954794513546523,0.48493987069539946,1.0696922003533842,1.1085793078205408,0.0954794513546523
sample_000611,balanced,zstd,0.06819960811046594,0.7529618378117291,1.771368720511256,1.8476321797009012,0.06819960811046594
sample_000611,fast_access,zstd,0.04091976486627956,0.9616405644492872,2.393494649635313,2.4336437958001893,0.04091976486627956
sample_000612,archive,zstd,0.0,0.7653525719433407,1.6218205223321613,1.235785760409732,0.0
sample_000612,balanced,zstd,0.0,1.2753765854727757,2.6990460398222362,2.0594979995698806,0.0
sample_000612,fast_access,zstd,0.0,1.7286397592359677,4.14846983933658,2.625005620895398,0.0
sample_000613,archive,zstd,0.22799108159324152,0.8378198462426811,0.8625177168182734,0.9371513149938027,0.22799108159324152
sample_000613,balanced,zstd,0.18852814557165862,1.344216610051721,1.3476748810304295,1.5619188583230044,0.18852814557165862
sample_000613,fast_access,zstd,0.1760264512053861,1.067550817988465,1.8913196390745621,1.7314047904988406,0.1760264512053861
sample_000614,archive,zstd,0.0,1.8417000734955173,2.308434356900366,1.6288459372417923,0.0
sample_000614,balanced,zstd,0.0,1.7925207067898108,3.1415686465429347,2.277805327018255,0.0
sample_000614,fast_access,zstd,0.0,2.156890592675107,4.172640148855311,3.166929086176519,0.0
sample_000615,archive,zstd,0.09844149671274262,0.5852666611379609,1.5311399359233162,1.289730154665571,0.09844149671274262
sample_000615,balanced,zstd,0.16406916118790438,0.6669851310509768,1.8120733714093324,1.9089460831369554,0.16406916118790438
sample_000615,fast_access,zstd,0.32813832237580876,0.4873192092139377,2.1840623379924056,2.4362249874010713,0.32813832237580876
sample_000616,archive,zstd,0.36568014362793416,0.5467791691074761,0.8124352567086328,0.9638458946258824,0.36568014362793416
sample_000616,balanced,zstd,0.26120010259138154,0.7025357045466496,1.3540587611810546,1.5859420136295523,0.26120010259138154
sample_000616,fast_access,zstd,0.15672006155482893,0.5307141270424481,1.757551831280968,1.7786506515070117,0.15672006155482893
sample_000617,archive,zstd,0.09374101435214716,0.5693602461352174,1.0365788106761784,1.007723239515371,0.09374101435214716
sample_000617,balanced,zstd,0.06695786739439083,0.891043909705266,1.7010546343441897,1.6795387325256184,0.06695786739439083
sample_000617,fast_access,zstd,0.040174720436634496,0.7500705736519278,2.299162006539044,2.237341112293298,0.040174720436634496
sample_000618,archive,zstd,0.0,0.7158326132995295,1.518480360118914,1.1160239145413522,0.0
sample_000618,balanced,zstd,0.0,1.192860476018737,2.527412344002637,1.8599896341940798,0.0
sample_000618,fast_access,zstd,0.0,1.3352770857684508,3.571320255318689,1.9992653093809971,0.0
sample_000619,archive,zstd,0.012275992832559533,0.49939862907872723,0.839333019835229,1.028461466089803,0.012275992832559533
sample_000619,balanced,zstd,0.008768566308971095,0.7548061305053737,1.3988883663920484,1.6785722100094125,0.008768566308971095
sample_000619,fast_access,zstd,0.005261139785382657,0.8178014026124896,2.107329056458602,2.1589215345875243,0.005261139785382657
sample_000620,archive,zstd,0.0,2.293976668156259,2.4890824330050516,1.2552206585513441,0.0
sample_000620,balanced,zstd,0.0,1.970642100034731,3.1508366889809465,1.7020787003057654,0.0
sample_000620,fast_access,zstd,0.0,1.488059362932598,3.2413616382396064,1.8256958720767775,0.0
sample_000621,archive,zstd,0.038049932439521164,0.6960449455993325,0.656673880228053,0.9865840942582619,0.038049932439521164
sample_000621,balanced,zstd,0.027178523171086547,0.9654865611815524,0.9882066462079955,1.64430682376377,0.027178523171086547
sample_000621,fast_access,zstd,0.016307113902651927,0.7913645957615868,1.3044660536298918,1.8906967803828756,0.016307113902651927
sample_000622,archive,zstd,0.2741908577479619,0.6400084239783272,0.8772156031859993,0.9381943023842623,0.2741908577479619
sample_000622,balanced,zstd,0.19585061267711568,0.8718924246205887,1.3652894382955916,1.5636571706404372,0.19585061267711568
sample_000622,fast_access,zstd,0.1175103676062694,0.8358885620403809,1.9178610963110965,1.948492577979696,0.1175103676062694
sample_000623,archive,zstd,0.06376375992276345,0.679830987983557,1.097035429051679,0.9765538310664863,0.06376375992276345
sample_000623,balanced,zstd,0.0455455428019739,1.0814913139831719,1.7965512781025645,1.627589718444144,0.0455455428019739
sample_000623,fast_access,zstd,0.027327325681184338,0.9809711704664847,2.374008203014074,2.0369516503736853,0.027327325681184338
sample_000624,archive,zstd,0.0,0.40416739917773237,1.4935371848186052,1.3190825828009032,0.0
sample_000624,balanced,zstd,0.0,0.6730838927616163,2.4707802392847937,2.1964408014649766,0.0
sample_000624,fast_access,zstd,0.0,0.8038993048401176,3.6580479237319605,2.7940341701854616,0.0
sample_000625,archive,zstd,0.09425811104139112,0.3544922420126574,0.6534065799233255,1.0095869869678784,0.09425811104139112
sample_000625,balanced,zstd,0.06732722217242224,0.484901885613809,1.0890109665388759,1.6047202231933695,0.06732722217242224
sample_000625,fast_access,zstd,0.04039633330345334,0.4203455330766873,1.5756212212322933,2.004791575902493,0.04039633330345334
sample_000626,archive,zstd,0.0,0.9705625464196133,2.19577265267822,2.0206227014570093,0.0
sample_000626,balanced,zstd,0.0,1.1207156215456786,3.0269007179989367,2.830621059770592,0.0
sample_000626,fast_access,zstd,0.0,1.333463631535019,3.7361716431064362,3.2085489364140436,0.0
sample_000627,archive,zstd,0.0,0.7455723897217321,1.4290840791146668,1.962545546095526,0.0
sample_000627,balanced,zstd,0.0,0.9792914440423076,1.827440462911735,2.6769272942326334,0.0
sample_000627,fast_access,zstd,0.0,0.9758907408798037,2.2316882756879557,2.85419612210196,0.0
sample_000628,archive,zstd,0.3149072628991042,0.5017924023171869,0.8326491932152585,1.2723211748080205,0.3149072628991042
sample_000628,balanced,zstd,0.2249337592136459,0.6033599209694265,1.3877486553587643,1.9452184437876974,0.2249337592136459
sample_000628,fast_access,zstd,0.13496025552818752,0.44774382434165844,1.7822508724680661,2.1771887379032018,0.13496025552818752
sample_000629,archive,zstd,0.07122012806628585,0.37049425704640265,1.028811963065038,1.1230574734751322,0.07122012806628585
sample_000629,balanced,zstd,0.05087152004734703,0.5527221841532742,1.687488332380372,1.8717624557918868,0.05087152004734703
sample_000629,fast_access,zstd,0.03052291202840822,0.615206672528172,2.199615106868629,2.343247587006609,0.03052291202840822
sample_000630,archive,zstd,0.0,0.757761269368415,1.8265126816381732,1.481540915422671,0.0
sample_000630,balanced,zstd,0.0,1.2626507224838075,3.037589092877649,2.468685852555933,0.0
sample_000630,fast_access,zstd,0.0,1.559280334660832,4.580764982915475,3.1190791101928514,0.0
sample_000631,archive,zstd,0.07064331559928118,0.5585975970474975,0.7495660595820184,0.9827820382862579,0.07064331559928118
sample_000631,balanced,zstd,0.050459511142343705,0.8387112537051997,1.2492767659700306,1.5891508920251178,0.050459511142343705
sample_000631,fast_access,zstd,0.03027570668540622,0.8215066606578374,1.8528224702573874,2.062828846948082,0.03027570668540622
sample_000632,archive,zstd,0.0,1.6097908558854641,2.3603337527335517,2.265630517073167,0.0
sample_000632,balanced,zstd,0.0,1.6469262149084833,3.214426786015248,2.9632240108174623,0.0
sample_000632,fast_access,zstd,0.0,1.582158495167361,3.766113580661676,3.279746064162277,0.0
sample_000633,archive,zstd,0.1068408107204441,0.6729368061819423,0.9290320504793909,1.0957087522679854,0.1068408107204441
sample_000633,balanced,zstd,0.17806801786740684,0.8308808978829191,1.344251491966801,1.7951795898444458,0.17806801786740684
sample_000633,fast_access,zstd,0.35613603573481367,0.6211026514432876,1.7515261736112429,2.1193277501544547,0.35613603573481367
sample_000634,archive,zstd,0.18634468525097203,0.600088087435238,0.8053078278804204,0.965841866665766,0.18634468525097203
sample_000634,balanced,zstd,0.13310334660783718,0.8283734104536485,1.2840344454148975,1.6097364444429434,0.13310334660783718
sample_000634,fast_access,zstd,0.0798620079647023,0.8173980985681274,1.8398637665945077,2.1051733166344855,0.0798620079647023
sample_000635,archive,zstd,0.06983428671590661,0.6362895165425937,1.1617206884094489,1.1995981538868135,0.06983428671590661
sample_000635,balanced,zstd,0.04988163336850472,0.9884621981994388,1.916651813941173,1.9993302564780224,0.04988163336850472
sample_000635,fast_access,zstd,0.029928980021102832,1.078662875561477,2.529353863365966,2.577102883479612,0.029928980021102832
sample_000636,archive,zstd,0.0,0.860116462558867,1.819830249529855,1.4199382109552743,0.0
sample_000636,balanced,zstd,0.0,1.4333164031653194,3.0290243356169784,2.3664187504791174,0.0
sample_000636,fast_access,zstd,0.0,1.9649429141896655,4.71523897917607,3.132946582480357,0.0
sample_000637,archive,zstd,0.097793311963998,0.49635202176844595,0.7250397045852996,0.8753649694994927,0.097793311963998
sample_000637,balanced,zstd,0.06985236568857,0.7595059467055615,1.208399507642166,1.422646709285714,0.06985236568857
sample_000637,fast_access,zstd,0.041911419413142005,0.6800766761179264,1.8203962651812011,1.826309712205601,0.041911419413142005
sample_000638,archive,zstd,0.0,1.8361189978117851,2.3503835684443626,1.5603055953076117,0.0
sample_000638,balanced,zstd,0.0,1.781403207005563,3.2086349919313406,2.163571423794621,0.0
sample_000638,fast_access,zstd,0.0,1.9843159167605906,4.161898128147708,2.8369431501970253,0.0
sample_000639,archive,zstd,0.0,0.8117388968493393,0.9237070219539834,1.096714137577025,0.0
sample_000639,balanced,zstd,0.0,1.1335451260430673,1.3179558494217742,1.8063079395833612,0.0
sample_000639,fast_access,zstd,0.0,1.1519737624956317,1.7490486475021887,2.175081428743983,0.0
sample_000640,archive,zstd,0.3644351343284209,0.5732758713094119,1.065424167144713,1.051503431388098,0.3644351343284209
sample_000640,balanced,zstd,0.26031081023458635,0.747921149373493,1.7757069452411884,1.7328749490015527,0.26031081023458635
sample_000640,fast_access,zstd,0.1561864861407518,0.6346087249202742,2.425743794817735,2.044034825444274,0.1561864861407518
sample_000641,archive,zstd,0.0592946363211523,0.8294038806631102,1.1944574293457104,1.1816241367257345,0.0592946363211523
sample_000641,balanced,zstd,0.04235331165796593,1.3379046469846951,1.9696261059235665,1.9693735612095575,0.04235331165796593
sample_000641,fast_access,zstd,0.02541198699477956,1.2806792887900385,2.6311822248090295,2.5249473515281835,0.02541198699477956
sample_000642,archive,zstd,0.0,0.5765955822502867,1.400308552683596,1.0317740196279535,0.0
sample_000642,balanced,zstd,0.0,0.9607987576033323,2.3308516217291526,1.7195731426717484,0.0
sample_000642,fast_access,zstd,0.0,1.0175853079043444,3.348685210087272,1.8698580516502425,0.0
sample_000643,archive,zstd,0.09816159943483482,0.5621007774196006,0.8310592989331937,0.9792077484329607,0.09816159943483482
sample_000643,balanced,zstd,0.07011542816773916,0.8748766775529004,1.385098831555323,1.599375112179068,0.07011542816773916
sample_000643,fast_access,zstd,0.0420692569006435,0.8396306698295317,2.0666476955714645,1.969496342601241,0.0420692569006435
sample_000644,archive,zstd,0.040010889687964034,1.8836233498518498,1.251237184339462,1.4531400795178908,0.040010889687964034
sample_000644,balanced,zstd,0.02857920691997431,1.5799303836637673,2.085395307232437,1.7299083546287015,0.02857920691997431
sample_000644,fast_access,zstd,0.017147524151984585,1.1654083424740962,2.4728466934812463,1.7218599553252014,0.017147524151984585
sample_000645,archive,zstd,0.060799032399904,0.6790795497978098,0.5327346533591265,1.0570200589800356,0.060799032399904
sample_000645,balanced,zstd,0.07470669889227778,0.8524852582103667,0.8673171820150523,1.761700098300059,0.07470669889227778
sample_000645,fast_access,zstd,0.12145712492161521,0.6400911078503959,1.202247836972818,2.0406590030525704,0.12145712492161521
sample_000646,archive,zstd,0.3996671010648558,0.5394371102796949,0.9509579001436066,1.0101808310772267,0.3996671010648558
sample_000646,balanced,zstd,0.3040294726669993,0.6895005720645995,1.5559689129720744,1.6836347184620446,0.3040294726669993
sample_000646,fast_access,zstd,0.22787246477085005,0.5201662658914457,2.0698559169063313,1.9098190650392581,0.22787246477085005
sample_000647,archive,zstd,0.059963185212538676,0.4624209802186048,1.0310897048251715,0.9049006723844246,0.059963185212538676
sample_000647,balanced,zstd,0.042830846580384774,0.7241855949780474,1.6972265470274195,1.5081677873073747,0.042830846580384774
sample_000647,fast_access,zstd,0.025698507948230864,0.6881988069807642,2.324596217449158,1.9719446371835527,0.025698507948230864
sample_000648,archive,zstd,0.0,0.7305303667628102,1.8092905328919164,1.4543308733728262,0.0
sample_000648,balanced,zstd,0.0,1.2170221720700796,2.9972731940460067,2.4218546190848484,0.0
sample_000648,fast_access,zstd,0.0,1.5761856641156378,4.385584403254943,2.9700030851599077,0.0
sample_000649,archive,zstd,0.011748412617060774,0.515128514771402,0.8353962807171149,1.2487780402387558,0.011748412617060774
sample_000649,balanced,zstd,0.008391723297900553,0.7718088744832993,1.3923271345285249,1.9824072040607144,0.008391723297900553
sample_000649,fast_access,zstd,0.005035033978740332,0.9647889819777462,2.037495296854341,2.5357478055499962,0.005035033978740332
sample_000650,archive,zstd,0.0,0.9321846355026293,2.2733925477700034,1.8805055023093877,0.0
sample_000650,balanced,zstd,0.0,1.1503700277606583,3.1533673937342646,2.768865723372015,0.0
sample_000650,fast_access,zstd,0.0,1.4506375614366203,3.9459711274236087,3.2346564937207916,0.0
sample_000651,archive,zstd,0.0,0.6444778496852785,1.4063980459044858,1.5067215371996763,0.0
sample_000651,balanced,zstd,0.0,1.0140892001966768,1.9326477531160466,2.3701636440134743,0.0
sample_000651,fast_access,zstd,0.0,1.1199897127389657,2.4682167363408407,2.669173680122662,0.0
sample_000652,archive,zstd,0.16066848506407042,0.4531236608730208,0.904710505707828,1.027279018640576,0.16066848506407042
sample_000652,balanced,zstd,0.11476320361719317,0.623089424720479,1.4866211846307822,1.7121316977342933,0.11476320361719317
sample_000652,fast_access,zstd,0.0688579221703159,0.6375828857019223,2.119774678337394,2.138255452872546,0.0688579221703159
sample_000653,archive,zstd,0.05121340413731612,0.28950918295295724,1.1125149309535212,1.0829418342515489,0.05121340413731612
sample_000653,balanced,zstd,0.0365810029552258,0.42149843654316366,1.775470967379979,1.804903057085915,0.0365810029552258
sample_000653,fast_access,zstd,0.02194860177313548,0.4454543695557529,2.3392429615818093,2.2454707825688467,0.02194860177313548
sample_000654,archive,zstd,0.0,0.6666162541583387,1.7069015221971606,1.3658937894096137,0.0
sample_000654,balanced,zstd,0.0,1.110742363800347,2.8384083860237546,2.2759406425341706,0.0
sample_000654,fast_access,zstd,0.0,1.4012715080856275,4.370695210541106,2.967705754429119,0.0
sample_000655,archive,zstd,0.07080575132551159,0.5561096501247184,0.6545827639652188,0.866766083959412,0.07080575132551159
sample_000655,balanced,zstd,0.05057553666107971,0.8357796252422259,1.0909712732753647,1.396877241635551,0.05057553666107971
sample_000655,fast_access,zstd,0.030345321996647825,0.7310535504638891,1.5410697244305496,1.7054244464848418,0.030345321996647825
sample_000656,archive,zstd,0.0,1.4506523636156734,2.5568409369291603,1.9197656999508883,0.0
sample_000656,balanced,zstd,0.0,1.7005324324685958,3.5274935559471845,2.774557946981391,0.0
sample_000656,fast_access,zstd,0.0,1.7863436546100218,4.3442701001465105,3.292777431808823,0.0
sample_000657,archive,zstd,0.0,0.6824447297316293,1.5455179735246691,1.6362824623041985,0.0
sample_000657,balanced,zstd,0.0,0.9561187392302878,1.9818813399478716,2.4385613823094783,0.0
sample_000657,fast_access,zstd,0.0,0.8350504335082152,2.3012274975046867,2.7547194900044274,0.0
sample_000658,archive,zstd,0.1888423203094597,0.5529096645496039,0.7737351061904094,0.8403791592706861,0.1888423203094597
sample_000658,balanced,zstd,0.13488737164961406,0.7463028751235776,1.2292167573499317,1.4006319321178102,0.13488737164961406
sample_000658,fast_access,zstd,0.08093242298976844,0.691644179756602,1.7676254380808496,1.7595809142688772,0.08093242298976844
sample_000659,archive,zstd,0.042140274168954585,0.38729058513466086,1.0753111115057952,1.138161558569937,0.042140274168954585
sample_000659,balanced,zstd,0.03010019583496756,0.5938832561584688,1.7642061265280105,1.896935930949895,0.03010019583496756
sample_000659,fast_access,zstd,0.018060117500980535,0.5438982176720306,2.2233837126007963,2.3788711549949775,0.018060117500980535
sample_000660,archive,zstd,0.0,0.8522120412767227,1.6933844641390277,1.371716513666422,0.0
sample_000660,balanced,zstd,0.0,1.4201423676950786,2.81835213861933,2.286049254997697,0.0
sample_000660,fast_access,zstd,0.0,2.126388713812699,4.487922660525009,3.1512183001543494,0.0
sample_000661,archive,zstd,0.20163929224736604,1.086426235047343,1.1574743588278538,1.0530988332948996,0.20163929224736604
sample_000661,balanced,zstd,0.14402806589097575,1.7571923252932424,1.8395046646717508,1.7551647221581663,0.14402806589097575
sample_000661,fast_access,zstd,0.08641683953458544,1.7126268070813513,2.5741829338744893,1.9714519440428924,0.08641683953458544
sample_000662,archive,zstd,0.0,1.9548670348425856,2.0858609959503904,1.8071240919846852,0.0
sample_000662,balanced,zstd,0.0,1.6650474114151925,2.8944747992502906,2.246617928191214,0.0
sample_000662,fast_access,zstd,0.0,1.5353765953153506,3.675584916509858,2.6253071067230707,0.0
sample_000663,archive,zstd,0.016536551772434745,0.579338478350264,1.4797865709618372,1.2103197035457458,0.016536551772434745
sample_000663,balanced,zstd,0.027560919620724576,0.6513165927923726,1.7347142828934903,1.7716754359986364,0.027560919620724576
sample_000663,fast_access,zstd,0.05512183924144915,0.47391614356518796,2.099809838945699,2.190163528774878,0.05512183924144915
sample_000664,archive,zstd,0.3728140171447382,0.49609634423767496,0.8704895159237518,1.024494311535332,0.3728140171447382
sample_000664,balanced,zstd,0.27423593590682976,0.6185806280505237,1.45081585987292,1.6858786446184975,0.27423593590682976
sample_000664,fast_access,zstd,0.18399507451253874,0.4636275105885788,1.9758906946359853,2.0018221261544396,0.18399507451253874
sample_000665,archive,zstd,0.09681954016248097,0.619614637908827,1.0142526882800111,1.0344134370703477,0.09681954016248097
sample_000665,balanced,zstd,0.06915681440177213,0.971923621377157,1.6619058581507626,1.7240223951172462,0.06915681440177213
sample_000665,fast_access,zstd,0.04149408864106328,0.9568146240971056,2.295652019425627,2.369797494561867,0.04149408864106328
sample_000666,archive,zstd,0.0,0.6655247104098038,1.4983858287103708,1.0836419756952052,0.0
sample_000666,balanced,zstd,0.0,1.1090139712025275,2.4944327465526146,1.8060197361171682,0.0
sample_000666,fast_access,zstd,0.0,1.2180835221522381,3.549233774502647,1.9179580474387419,0.0
sample_000667,archive,zstd,0.013961897002364368,0.4729273597055849,0.8461560218941535,1.041129828612247,0.013961897002364368
sample_000667,balanced,zstd,0.009972783573117407,0.7093961855537627,1.4102600364902558,1.6980059638170624,0.009972783573117407
sample_000667,fast_access,zstd,0.005983670143870444,0.7948874210582934,2.1301611577805573,2.169019000112726,0.005983670143870444
sample_000668,archive,zstd,0.0,2.1426303915328386,1.3859661942827,1.4368092395179526,0.0
sample_000668,balanced,zstd,0.0,1.8095566313792752,2.1424007049505622,1.7558454452144627,0.0
sample_000668,fast_access,zstd,0.0,1.4099857472857913,2.387489853342963,1.7908143480603234,0.0
sample_000669,archive,zstd,0.06599486615807387,0.7708273646070103,0.6724582159797556,1.0382773500062235,0.06599486615807387
sample_000669,balanced,zstd,0.047139190112909915,1.0931343321491513,1.0190627957991727,1.7304622500103723,0.047139190112909915
sample_000669,fast_access,zstd,0.028283514067745947,0.957558603354335,1.3429284944334952,1.9502174837515183,0.028283514067745947
sample_000670,archive,zstd,0.5181212502289315,0.6833666217732105,0.9541265978283314,1.1618113497582498,0.5181212502289315
sample_000670,balanced,zstd,0.3700866073063797,0.7836015491855355,1.5902109963805526,1.7735741162572949,0.3700866073063797
sample_000670,fast_access,zstd,0.22205196438382782,0.5838615558166209,2.158541057422587,1.919684142330629,0.22205196438382782
sample_000671,archive,zstd,0.05381158192774987,0.785141378037831,1.1502577409384633,1.078880967404962,0.05381158192774987
sample_000671,balanced,zstd,0.03843684423410705,1.2822965135017035,1.9077585922222942,1.7981349456749367,0.03843684423410705
sample_000671,fast_access,zstd,0.02306210654046423,1.0619991155852786,2.4473129103747278,2.1440377827952912,0.02306210654046423
sample_000672,archive,zstd,0.0,0.6147871689849002,1.6925104607189856,1.448505705768276,0.0
sample_000672,balanced,zstd,0.0,1.0241168424402294,2.801927869917235,2.4121460064105977,0.0
sample_000672,fast_access,zstd,0.0,1.302045581802223,4.134148494450536,2.9824685792591668,0.0
sample_000673,archive,zstd,0.21080205452037717,0.5013525275912705,0.6112784714188866,0.96327150276153,0.21080205452037717
sample_000673,balanced,zstd,0.22165000852231814,0.752128247269622,1.0187974523648111,1.5551912442875606,0.22165000852231814
sample_000673,fast_access,zstd,0.3071289305824102,0.5891837030083232,1.4449940472741765,1.8868509266248654,0.3071289305824102
sample_000674,archive,zstd,0.0,0.8747955458477275,2.2452846703959013,1.8797564241833093,0.0
sample_000674,balanced,zstd,0.0,1.069647541598141,3.1100022274315293,2.7676172598285507,0.0
sample_000674,fast_access,zstd,0.0,1.3272014729037405,3.8802539168830052,3.2739312352408936,0.0
sample_000675,archive,zstd,0.0,0.7778059928709591,1.370196405117447,2.1105805599050904,0.0
sample_000675,balanced,zstd,0.0,1.014020912377703,1.7257580743783314,2.8577148741540546,0.0
sample_000675,fast_access,zstd,0.0,1.0631171444445962,2.0740012190138013,3.022069443252678,0.0
sample_000676,archive,zstd,0.2808583074804761,0.37065571659393226,0.7872993572627728,1.1801196292478366,0.2808583074804761
sample_000676,balanced,zstd,0.2230573821214056,0.44455793735125615,1.3121655954379547,1.8823308502579588,0.2230573821214056
sample_000676,fast_access,zstd,0.1888229773794539,0.3296661113352103,1.736876150249226,2.194598907469837,0.1888229773794539
sample_000677,archive,zstd,0.05327321107737967,0.38110484312299703,1.1398200461742118,1.1313993072244601,0.05327321107737967
sample_000677,balanced,zstd,0.03805229362669977,0.5798195350645847,1.7766221843079613,1.8856655120407668,0.03805229362669977
sample_000677,fast_access,zstd,0.022831376176019862,0.5346967248441477,2.350898114565876,2.36912712446151,0.022831376176019862
sample_000678,archive,zstd,0.0,0.861916665107725,1.717250818252634,1.385601082700528,0.0
sample_000678,balanced,zstd,0.0,1.436243048715991,2.8557277302045234,2.308786131352361,0.0
sample_000678,fast_access,zstd,0.0,2.0184348112242434,4.412159797617656,3.0086043288986666,0.0
sample_000679,archive,zstd,0.22783965601118494,0.9241896053088687,1.013124717877477,1.1219643807498871,0.22783965601118494
sample_000679,balanced,zstd,0.2059060290210698,1.4828125997827395,1.6142834458452824,1.8699406345831453,0.2059060290210698
sample_000679,fast_access,zstd,0.22929399049468918,1.1776245684663853,2.161623938476387,2.1516882552408547,0.22929399049468918
sample_000680,archive,zstd,0.0,1.7071101576942855,2.3361380845716955,2.40958023542836,0.0
sample_000680,balanced,zstd,0.0,1.7015926025281556,3.174357033371539,2.9834248653021564,0.0
sample_000680,fast_access,zstd,0.0,1.5086036947979853,3.6762320557438066,3.054873605953268,0.0
sample_000681,archive,zstd,0.0,0.8067335676783054,1.2249715402770605,1.258662806641405,0.0
sample_000681,balanced,zstd,0.0,1.1314918058487597,1.6648336144815807,2.0464149622348,0.0
sample_000681,fast_access,zstd,0.0,0.9288841865501458,1.9350467384493306,2.3390875089516103,0.0
sample_000682,archive,zstd,0.33434327997058844,0.6147366854465047,0.8738804447374502,1.1291918790809257,0.33434327997058844
sample_000682,balanced,zstd,0.23881662855042032,0.8159183332214379,1.4564674078957502,1.8105658082717906,0.23881662855042032
sample_000682,fast_access,zstd,0.14328997713025218,0.6509702670427155,1.8947920146288424,2.017241597458455,0.14328997713025218
sample_000683,archive,zstd,0.10293057440986629,0.6354004008465219,1.2334652719487276,1.2943201926001333,0.10293057440986629
sample_000683,balanced,zstd,0.07352183886419021,1.0017638147216732,2.0483462832832617,2.1572003210002224,0.07352183886419021
sample_000683,fast_access,zstd,0.044113103318514126,1.1154946917435047,2.649474942472996,2.739515672529997,0.044113103318514126
sample_000684,archive,zstd,0.0,0.7576207637675153,1.774009547439209,1.3930518067173943,0.0
sample_000684,balanced,zstd,0.0,1.2624902385130665,2.952737389302663,2.3216080767493175,0.0
sample_000684,fast_access,zstd,0.0,1.6572283319286707,4.6081225591315,3.067713851639411,0.0
sample_000685,archive,zstd,0.35157950793437004,0.8931621416699265,0.9914726295454408,1.0867815350941108,0.35157950793437004
sample_000685,balanced,zstd,0.3893025755303471,1.4298151921964823,1.5569161637962488,1.8113025584901847,0.3893025755303471
sample_000685,fast_access,zstd,0.572108716482411,1.1350338971691767,2.2129820789948367,2.174894916118153,0.572108716482411
sample_000686,archive,zstd,0.0,1.8899038439417952,1.6833727880712683,1.9558172712200868,0.0
sample_000686,balanced,zstd,0.0,1.5665692368538782,2.395497554058625,2.2569771875159623,0.0
sample_000686,fast_access,zstd,0.0,1.1861837773363486,2.9043926569013827,2.3921540200422013,0.0
sample_000687,archive,zstd,0.0,0.7118475160512151,0.9258852985140207,1.0858924479926917,0.0
sample_000687,balanced,zstd,0.0,0.965406695538573,1.3201740466753298,1.7878478368967214,0.0
sample_000687,fast_access,zstd,0.0,0.7945787049395344,1.7486567987097934,2.087974672635918,0.0
sample_000688,archive,zstd,0.37452263875485997,0.5389810536709454,0.9423136168772084,1.033659032642751,0.37452263875485997
sample_000688,balanced,zstd,0.27759260364256366,0.690966027618469,1.5705226947953475,1.7000806853185857,0.27759260364256366
sample_000688,fast_access,zstd,0.19124282328881423,0.5216724628198093,2.146650777332774,1.9621207302787254,0.19124282328881423
sample_000689,archive,zstd,0.0833218815490152,0.36130371394700117,1.071125753591933,1.0915702583709872,0.0833218815490152
sample_000689,balanced,zstd,0.059515629677868,0.5630305619791149,1.7791129220692912,1.819283763951645,0.059515629677868
sample_000689,fast_access,zstd,0.035709377806720795,0.5992847197038037,2.4178223607135294,2.4778233705140598,0.035709377806720795
sample_000690,archive,zstd,0.0,0.691463235163615,1.513238804934272,1.1193580512634351,0.0
sample_000690,balanced,zstd,0.0,1.1522448457922125,2.518804203995744,1.8655465287308846,0.0
sample_000690,fast_access,zstd,0.0,1.2680205192428122,3.579223683612092,2.010011562549047,0.0
sample_000691,archive,zstd,0.21684704157568505,0.9233346427438887,1.0344092531581925,1.0545805335727336,0.21684704157568505
sample_000691,balanced,zstd,0.16382525668688291,1.484084344046079,1.628988487939515,1.757634222621223,0.16382525668688291
sample_000691,fast_access,zstd,0.12018471013754412,1.1790464661578028,2.262019015921035,1.9401349246640733,0.12018471013754412
sample_000692,archive,zstd,0.02641822958799298,1.932649145441774,1.2509900480386902,1.519267158531363,0.02641822958799298
sample_000692,balanced,zstd,0.018870163991423557,1.6745854335517083,2.084983413397817,1.8530655435558896,0.018870163991423557
sample_000692,fast_access,zstd,0.011322098394854133,1.2716493169477636,2.405907599403737,1.8498474440360941,0.011322098394854133
sample_000693,archive,zstd,0.18303815442203422,0.529443173874948,1.0242542226697244,0.9083485785767633,0.18303815442203422
sample_000693,balanced,zstd,0.1307415388728816,0.7507563819152088,1.3338677933410694,1.513914297627939,0.1307415388728816
sample_000693,fast_access,zstd,0.07844492332372895,0.6461798350465585,1.5293541048523691,1.7461468632332326,0.07844492332372895
sample_000694,archive,zstd,0.39454661787223394,0.5468729683061206,1.0046646458321078,1.0056868723456929,0.39454661787223394
sample_000694,balanced,zstd,0.29741081323235313,0.704082037524367,1.6474578391975867,1.6761447872428217,0.29741081323235313
sample_000694,fast_access,zstd,0.2166463990822677,0.5321596935716186,2.2071902308695477,1.8520621557144619,0.2166463990822677
sample_000695,archive,zstd,0.045695725362510584,0.6685914685659335,1.0965698516980273,1.056213904662698,0.045695725362510584
sample_000695,balanced,zstd,0.0326398038303647,1.0898764489026278,1.8276164194967124,1.759096002954529,0.0326398038303647
sample_000695,fast_access,zstd,0.01958388229821882,0.9520108984070574,2.4022394278545303,2.2127049184941376,0.01958388229821882
sample_000696,archive,zstd,0.0,0.6097938257007829,1.7341340024066256,1.486615580878932,0.0
sample_000696,balanced,zstd,0.0,1.0157946036333674,2.872408122221287,2.4756624649283583,0.0
sample_000696,fast_access,zstd,0.0,1.3214912038536222,4.196880620130791,3.146097112943937,0.0
sample_000697,archive,zstd,0.21890515118845383,0.6867188720271622,0.8758608095212593,1.0825388074883178,0.21890515118845383
sample_000697,balanced,zstd,0.23900143259743922,1.1085682435398727,1.421604987352087,1.804231345813863,0.23900143259743922
sample_000697,fast_access,zstd,0.3458703548423955,0.8814601133560885,1.9726686429758873,2.109146121867589,0.3458703548423955
sample_000698,archive,zstd,0.0,1.1673461299792254,1.9461361905583106,2.456337724391976,0.0
sample_000698,balanced,zstd,0.0,1.2573349478807694,2.632699829681081,3.0312737233878706,0.0
sample_000698,fast_access,zstd,0.0,1.18597015064418,2.966155889565882,3.0257346503077125,0.0
sample_000699,archive,zstd,0.007782725305351758,0.5812685783395953,1.214866526590414,1.2459981408435052,0.007782725305351758
sample_000699,balanced,zstd,0.01297120884225293,0.7198704266903314,1.6248814889712535,2.010784184046298,0.01297120884225293
sample_000699,fast_access,zstd,0.02594241768450586,0.538559760770916,1.9579955621702148,2.303904316978447,0.02594241768450586
sample_000700,archive,zstd,0.25772606129842685,0.4727691018808539,0.8592695907706098,1.175154455938963,0.25772606129842685
sample_000700,balanced,zstd,0.1840900437845906,0.6095703479310198,1.432115984617683,1.8706471277034225,0.1840900437845906
sample_000700,fast_access,zstd,0.11045402627075436,0.47891882728705043,1.9641419923681434,2.1476864217949037,0.11045402627075436
sample_000701,archive,zstd,0.06412618209620723,0.4607051648101941,1.0503617192998536,1.1715744920569824,0.06412618209620723
sample_000701,balanced,zstd,0.04580441578300516,0.695616990664014,1.6880122839010478,1.9526241534283042,0.04580441578300516
sample_000701,fast_access,zstd,0.027482649469803097,0.7797725142965717,2.2903075302561713,2.4791534141452463,0.027482649469803097
sample_000702,archive,zstd,0.0,0.7411414948653657,1.7607149308909897,1.4464683466889827,0.0
sample_000702,balanced,zstd,0.0,1.2349510983120586,2.9281880671399794,2.4102315713331186,0.0
sample_000702,fast_access,zstd,0.0,1.5114900057580627,4.435812927754843,3.0814013038912553,0.0
sample_000703,archive,zstd,0.07000227343931793,0.5343718977758214,0.6945795782774632,0.9055007795162273,0.07000227343931793
sample_000703,balanced,zstd,0.0500016238852271,0.7985212887547792,1.1576326304624387,1.4597813042753773,0.0500016238852271
sample_000703,fast_access,zstd,0.03000097433113626,0.7168719553025333,1.7089204629487333,1.8775256844529875,0.03000097433113626
sample_000704,archive,zstd,0.0,1.5636596108331315,2.093135246100513,2.4805863289943644,0.0
sample_000704,balanced,zstd,0.0,1.4696006232296024,2.828292940815604,2.9571212264407443,0.0
sample_000704,fast_access,zstd,0.0,1.1430653881733714,3.1497624367173334,2.8974271895293517,0.0
sample_000705,archive,zstd,0.10830346560926997,0.6434604702896549,0.9000581758319117,1.079802456119404,0.10830346560926997
sample_000705,balanced,zstd,0.18050577601544995,0.7857382362788234,1.29566804989148,1.7685527509791825,0.18050577601544995
sample_000705,fast_access,zstd,0.3610115520308999,0.5855862068924685,1.6840814821636458,2.0841400888704285,0.3610115520308999
sample_000706,archive,zstd,0.3310632451332789,0.5304682883215773,0.8748241661242793,1.1083265317178814,0.3310632451332789
sample_000706,balanced,zstd,0.23647374652377065,0.6837971808576462,1.4580402768737988,1.7873813089660036,0.23647374652377065
sample_000706,fast_access,zstd,0.14188424791426238,0.534990506633977,1.9521844010294325,2.08209368670743,0.14188424791426238
sample_000707,archive,zstd,0.06312706869461089,0.6070129295380888,1.1589235675867542,1.2329921380726265,0.06312706869461089
sample_000707,balanced,zstd,0.0450907633532935,0.9415863139625513,1.9067765172024003,2.0549868967877107,0.0450907633532935
sample_000707,fast_access,zstd,0.027054458011976097,1.0204688411463116,2.5546934289915786,2.7179988079514863,0.027054458011976097
sample_000708,archive,zstd,0.0,0.7700496816913003,1.756680138128852,1.3765141144904554,0.0
sample_000708,balanced,zstd,0.0,1.2832051017193749,2.9238651524551424,2.294045256371086,0.0
sample_000708,fast_access,zstd,0.0,1.655674761844352,4.587866003467288,3.0434888687486437,0.0
sample_000709,archive,zstd,0.18689363810147003,0.7042817563237391,0.7578126146172137,0.9232226369781236,0.18689363810147003
sample_000709,balanced,zstd,0.1909881007251556,1.1351832420288284,1.2630210243620228,1.5301531254853713,0.1909881007251556
sample_000709,fast_access,zstd,0.25544984053415193,0.9023536408464522,1.8502222707481055,1.864167862700027,0.25544984053415193
sample_000710,archive,zstd,0.0,1.8874778801395524,1.8815828077560246,1.8938062358710663,0.0
sample_000710,balanced,zstd,0.0,1.4985161950237476,2.6141317867602862,2.2321474857051835,0.0
sample_000710,fast_access,zstd,0.0,1.078180847361667,3.2052585519615793,2.438147375066643,0.0
sample_000711,archive,zstd,0.0,0.6432488360135359,1.4491590285875902,1.1555148543134708,0.0
sample_000711,balanced,zstd,0.0,0.7675757916920831,1.6954780972976882,1.683973702081444,0.0
sample_000711,fast_access,zstd,0.0,0.5917856725065798,1.9679635768660468,1.996713868525282,0.0
sample_000712,archive,zstd,0.27252368799042254,0.5740152432147008,0.8018703428219094,0.8869865387287439,0.27252368799042254
sample_000712,balanced,zstd,0.19465977713601612,0.773027722845269,1.2461629920199861,1.4783108978812398,0.19465977713601612
sample_000712,fast_access,zstd,0.11679586628160966,0.7109212660276756,1.7932209804106902,1.892286038133337,0.11679586628160966
sample_000713,archive,zstd,0.06535600320277778,0.2995386051230912,0.9738891164547965,0.9741103852473665,0.06535600320277778
sample_000713,balanced,zstd,0.04668285943055556,0.4564387101892663,1.6156565161676624,1.623517308745611,0.04668285943055556
sample_000713,fast_access,zstd,0.028009715658333333,0.4153716413321015,2.167025787320289,2.1448583722617043,0.028009715658333333
sample_000714,archive,zstd,0.0,0.6804425598926656,1.5282814262029714,1.1250255566396161,0.0
sample_000714,balanced,zstd,0.0,1.1338770536739637,2.543842341876471,1.8749923710245195,0.0
sample_000714,fast_access,zstd,0.0,1.246934984612175,3.651518724930296,2.0415311833392664,0.0
sample_000715,archive,zstd,0.09800082663994733,0.569786381338864,0.7820235686313272,0.9629445889251155,0.09800082663994733
sample_000715,balanced,zstd,0.07000059045710524,0.8876422149298138,1.3033726143855453,1.5722124297651177,0.07000059045710524
sample_000715,fast_access,zstd,0.042000354274263144,0.802145363427764,1.9180350482860846,1.8818901972457298,0.042000354274263144
sample_000716,archive,zstd,0.0,2.0835173046592774,1.3744127365961873,1.4680321229955027,0.0
sample_000716,balanced,zstd,0.0,1.71103481992334,2.1419255267841724,1.8078835843437129,0.0
sample_000716,fast_access,zstd,0.0,1.1818595289513532,2.3832004734361076,1.859555638893515,0.0
sample_000717,archive,zstd,0.12145998248401332,0.8199759599688404,0.910082167212536,0.9569376148988876,0.12145998248401332
sample_000717,balanced,zstd,0.08675713034572381,1.244576824351982,1.274008231400278,1.5948960248314794,0.08675713034572381
sample_000717,fast_access,zstd,0.05205427820743429,1.2709251089427722,1.5879253119101102,1.888525447871203,0.05205427820743429
sample_000718,archive,zstd,0.379276910528807,0.5583611634188087,0.981489314210279,1.0091684320516952,0.379276910528807
sample_000718,balanced,zstd,0.27091207894914787,0.7211108269462789,1.607887820279678,1.6819473867528254,0.27091207894914787
sample_000718,fast_access,zstd,0.16254724736948872,0.5774181664062205,2.1195384614397446,1.8831290071315179,0.16254724736948872
sample_000719,archive,zstd,0.05591828453684629,0.45534156788990315,0.9941589888034765,0.8667894892556027,0.05591828453684629
sample_000719,balanced,zstd,0.039941631812033064,0.7134139502911686,1.6359868352555926,1.4446491487593378,0.039941631812033064
sample_000719,fast_access,zstd,0.023964979087219836,0.6029959040422826,2.124095844282843,1.774111871734378,0.023964979087219836
sample_000720,archive,zstd,0.03985547485995085,0.34761094456518243,1.4843184895361339,1.2401491966848124,0.03985547485995085
sample_000720,balanced,zstd,0.06642579143325142,0.5788231350740332,2.455257544330589,2.064885157938159,0.06642579143325142
sample_000720,fast_access,zstd,0.13285158286650284,0.46297924217903585,3.4206703538011163,2.279484707816464,0.13285158286650284
sample_000721,archive,zstd,0.014943096181788644,0.5704255660235852,0.9410975732332356,1.2405426289555912,0.014943096181788644
sample_000721,balanced,zstd,0.010673640129849032,0.8627957682563446,1.568495955388726,1.9724919754420658,0.010673640129849032
sample_000721,fast_access,zstd,0.00640418407790942,1.1094356389121678,2.3083278900548385,2.53577832117775,0.00640418407790942
sample_000722,archive,zstd,0.0,1.1016741145914661,2.1277431644029376,2.3432429072665086,0.0
sample_000722,balanced,zstd,0.0,1.1652975452943808,2.8754126283135,2.981208604697587,0.0
sample_000722,fast_access,zstd,0.0,1.1579545511509632,3.3692208062302655,3.0195214386217852,0.0
sample_000723,archive,zstd,0.09925964764898496,0.4809072330344785,1.1013590512725744,1.3705670917177448,0.09925964764898496
sample_000723,balanced,zstd,0.1654327460816416,0.5914580239642007,1.3661337409566037,2.1491525797839826,0.1654327460816416
sample_000723,fast_access,zstd,0.3308654921632832,0.441658314507371,1.6562065798995693,2.591680487060861,0.3308654921632832
sample_000724,archive,zstd,0.15267499014001173,0.4379413693466673,0.7679817583317674,1.0433437997124901,0.15267499014001173
sample_000724,balanced,zstd,0.10905356438572268,0.6019174742978189,1.2608967782268057,1.73890633285415,0.10905356438572268
sample_000724,fast_access,zstd,0.0654321386314336,0.627306778510746,1.8200706659048989,2.191183859091999,0.0654321386314336
sample_000725,archive,zstd,0.047723814578735535,0.40511412205092145,1.1513601115256982,1.193753791421094,0.047723814578735535
sample_000725,balanced,zstd,0.0340884389848111,0.6185320894954432,1.8110975491514223,1.9895896523684904,0.0340884389848111
sample_000725,fast_access,zstd,0.02045306339088666,0.586569052693811,2.3404956790364007,2.477566803499441,0.02045306339088666
sample_000726,archive,zstd,0.0,0.8602437983824012,1.8643553047096106,1.5255682519424036,0.0
sample_000726,balanced,zstd,0.0,1.4334549375071175,3.1010127024631906,2.542064746755487,0.0
sample_000726,fast_access,zstd,0.0,1.658145668707689,4.549752368546831,3.182975977140319,0.0
sample_000727,archive,zstd,0.06805869356497826,0.5983792888600843,0.9316451217853339,1.005752507919342,0.06805869356497826
sample_000727,balanced,zstd,0.04861335254641305,0.906472985188246,1.552741869642223,1.6285555827788047,0.04861335254641305
sample_000727,fast_access,zstd,0.02916801152784783,0.9234579335063804,2.3047542206179634,2.087225661404394,0.02916801152784783
sample_000728,archive,zstd,0.0,1.605751711071814,2.4768115128596673,2.09085185324016,0.0
sample_000728,balanced,zstd,0.0,1.7825033022618888,3.4143915802985036,2.8675734381811346,0.0
sample_000728,fast_access,zstd,0.0,1.926466873503863,4.144835907914421,3.305716476126433,0.0
sample_000729,archive,zstd,0.05758223046614848,0.7045043400421618,0.9472035692618939,1.1415930058889205,0.05758223046614848
sample_000729,balanced,zstd,0.09597038411024747,0.883767262176423,1.371351471249934,1.87267203612564,0.09597038411024747
sample_000729,fast_access,zstd,0.19194076822049494,0.6634528140570614,1.7477088088816752,2.13828614287112,0.19194076822049494
sample_000730,archive,zstd,0.3343445859424287,0.520694045712033,0.8724301980579379,1.0946133786827859,0.3343445859424287
sample_000730,balanced,zstd,0.23881756138744908,0.6624234073574965,1.4540503300965633,1.7614499571958109,0.23881756138744908
sample_000730,fast_access,zstd,0.14329053683246945,0.5468330763552144,1.9145426072822467,2.022338236283501,0.14329053683246945
sample_000731,archive,zstd,0.06992561351484566,0.7131201830479763,1.2589782763199575,1.2053293070748405,0.06992561351484566
sample_000731,balanced,zstd,0.04994686679631833,1.1103189125691042,2.020956548580514,2.0088821784580677,0.04994686679631833
sample_000731,fast_access,zstd,0.029968120077790997,1.0550249950413366,2.6613409805087707,2.5365747426720358,0.029968120077790997
sample_000732,archive,zstd,0.0,0.6467726086940513,1.6998059391622131,1.2798648715341456,0.0
sample_000732,balanced,zstd,0.0,1.0777433133906265,2.829084933000533,2.1329631847772363,0.0
sample_000732,fast_access,zstd,0.0,1.2572045959943212,4.378168540820442,2.703219442908705,0.0
sample_000733,archive,zstd,0.1256357444538406,0.8247559055336203,0.8853325694365338,1.0395713251823322,0.1256357444538406
sample_000733,balanced,zstd,0.08973981746702901,1.3360103696305419,1.4755542823942231,1.7233112285395538,0.08973981746702901
sample_000733,fast_access,zstd,0.053843890480217406,1.2152644968892943,2.196153781733122,2.1702094949914015,0.053843890480217406
sample_000734,archive,zstd,0.0,1.7803991970640827,1.6273801805296109,1.9264741551013758,0.0
sample_000734,balanced,zstd,0.0,1.3856136852307503,2.3297666855977655,2.208071993984777,0.0
sample_000734,fast_access,zstd,0.0,0.9796027576425939,2.8573676488481405,2.334959169900797,0.0
sample_000735,archive,zstd,0.04588233712470901,0.7118057316161335,0.7034661951666488,1.1129102841190468,0.04588233712470901
sample_000735,balanced,zstd,0.07647056187451502,0.8909167617059649,1.081851502853877,1.835583857392554,0.07647056187451502
sample_000735,fast_access,zstd,0.15294112374903004,0.6684194907166332,1.506103604229515,2.1498611166139314,0.15294112374903004
sample_000736,archive,zstd,0.3786614048927827,0.500368602389185,0.867519194176908,1.0209580234540907,0.3786614048927827
sample_000736,balanced,zstd,0.2805708295149351,0.6243352307481791,1.44586532362818,1.6754093594170913,0.2805708295149351
sample_000736,fast_access,zstd,0.19308357145818228,0.4680263186134739,1.9639715604153656,1.9645195103956832,0.19308357145818228
sample_000737,archive,zstd,0.07295589610895346,0.7072283221749214,1.1893022368058168,1.1876037653294589,0.07295589610895346
sample_000737,balanced,zstd,0.05211135436353819,1.135149509252223,1.9537454175277984,1.9793396088824315,0.05211135436353819
sample_000737,fast_access,zstd,0.03126681261812291,0.9275905303801992,2.6690134355794983,2.482250055438346,0.03126681261812291
sample_000738,archive,zstd,0.0,0.6688792259483212,1.5420100482061379,1.1055739110734975,0.0
sample_000738,balanced,zstd,0.0,1.1146048304333898,2.5669511642270884,1.8425729617476554,0.0
sample_000738,fast_access,zstd,0.0,1.2067243857143999,3.6435678350442746,1.9605980328762997,0.0
sample_000739,archive,zstd,0.22709438987888106,0.9447677527239937,1.049680585616323,1.04158787858529,0.22709438987888106
sample_000739,balanced,zstd,0.16715690530660313,1.5105058053881852,1.641205528029236,1.73597979764215,0.16715690530660313
sample_000739,fast_access,zstd,0.11241337889709763,1.1987885769377775,2.232681668798021,1.8421189773180207,0.11241337889709763
sample_000740,archive,zstd,0.07519417403458582,1.935097121559482,1.2095233425025622,1.5187023719088966,0.07519417403458582
sample_000740,balanced,zstd,0.05371012431041845,1.6328425310212336,2.0158722375042704,1.8056709520931191,0.05371012431041845
sample_000740,fast_access,zstd,0.03222607458625107,1.1247223616402164,2.2849679043128983,1.7648365099377932,0.03222607458625107
sample_000741,archive,zstd,0.036328209793362425,0.758740604725968,0.7149451727330134,1.029299483930304,0.036328209793362425
sample_000741,balanced,zstd,0.025948721280973162,1.0711608582330112,1.089581019254319,1.71549913988384,0.025948721280973162
sample_000741,fast_access,zstd,0.015569232768583897,0.9249618990555459,1.4385956388403776,1.9605499605710381,0.015569232768583897
sample_000742,archive,zstd,0.3770330133999496,0.6092024919540336,0.9963283102477849,1.007081228970366,0.3770330133999496
sample_000742,balanced,zstd,0.2693092952856783,0.8079826933061627,1.6341507452725694,1.67846871495061,0.2693092952856783
sample_000742,fast_access,zstd,0.16158557717140698,0.6992325910145376,2.1462968133242337,1.866606421177,0.16158557717140698
sample_000743,archive,zstd,0.059077310913264305,0.4245972987529396,1.0204172845569803,0.94096017276395,0.059077310913264305
sample_000743,balanced,zstd,0.05442563409331476,0.6759387377507682,1.7006954742616338,1.5602049021964342,0.05442563409331476
sample_000743,fast_access,zstd,0.06261288988639746,0.5359924761749949,2.208894471664344,1.898177452037768,0.06261288988639746
sample_000744,archive,zstd,0.0,0.6493308697649949,1.716079216363144,1.467415424872236,0.0
sample_000744,balanced,zstd,0.0,1.0816896770737203,2.8416440709684503,2.443662204917198,0.0
sample_000744,fast_access,zstd,0.0,1.4077591071325655,4.203876814684478,3.0582739739314095,0.0
sample_000745,archive,zstd,0.012803733673494577,0.4186330117612674,0.8283010800579502,1.199384798864791,0.012803733673494577
sample_000745,balanced,zstd,0.009145524052496128,0.6089966464848082,1.3805018000965839,1.9018775815300555,0.009145524052496128
sample_000745,fast_access,zstd,0.005487314431497676,0.7626221263289134,2.072107464667204,2.469752606884014,0.005487314431497676
sample_000746,archive,zstd,0.0,1.0137224769447637,1.9701203025798484,2.4620736019414093,0.0
sample_000746,balanced,zstd,0.0,1.001295526156667,2.652469783386758,3.0408335193035927,0.0
sample_000746,fast_access,zstd,0.0,0.8965127871806002,2.984870364316542,3.052392105426657,0.0
sample_000747,archive,zstd,0.0,0.7582144122273139,1.3210971395007358,1.3993736282948048,0.0
sample_000747,balanced,zstd,0.0,1.047010858452573,1.7365175878372967,2.2064612974267566,0.0
sample_000747,fast_access,zstd,0.0,0.9489786365516818,2.013634671817133,2.4386048835799627,0.0
sample_000748,archive,zstd,0.2745707528423798,0.40988353936085287,0.751086109281167,1.090817654103586,0.2745707528423798
sample_000748,balanced,zstd,0.20309198976876158,0.5059078030357009,1.2518101821352785,1.7266727787355072,0.20309198976876158
sample_000748,fast_access,zstd,0.13893175132055816,0.3781415280437027,1.5945046315796434,1.9363203839007195,0.13893175132055816
sample_000749,archive,zstd,0.03219206352530374,0.5057514133081574,1.1725425807139123,1.2552265091433241,0.03219206352530374
sample_000749,balanced,zstd,0.022994331089502672,0.8082498769077513,1.9156817901485304,2.0920441819055404,0.022994331089502672
sample_000749,fast_access,zstd,0.013796598653701603,1.024287569506993,2.5151762258405377,2.631656126920229,0.013796598653701603
sample_000750,archive,zstd,0.0,0.8748052971653273,1.91216519303739,1.5728061573872483,0.0
sample_000750,balanced,zstd,0.0,1.4577241021453278,3.1803936344332886,2.6207945891635616,0.0
sample_000750,fast_access,zstd,0.0,1.7265763071505185,4.667761184898892,3.248542584654379,0.0
sample_000751,archive,zstd,0.12246429788922963,0.8148369666782428,0.7867664506042711,0.9828230825737965,0.12246429788922963
sample_000751,balanced,zstd,0.08747449849230689,1.294632654866148,1.3112774176737851,1.617785688850439,0.08747449849230689
sample_000751,fast_access,zstd,0.052484699095384134,1.2055269228087424,1.8630708351951029,1.9677182216614983,0.052484699095384134
sample_000752,archive,zstd,0.0,1.5527352377853079,2.2377589324718588,2.3041789055827007,0.0
sample_000752,balanced,zstd,0.0,1.4372834606885345,2.9715458411224938,2.8077559822260576,0.0
sample_000752,fast_access,zstd,0.0,1.09356513751041,3.342145154519282,2.7883492106881462,0.0
sample_000753,archive,zstd,0.0,0.8143444959506156,1.5840199255631395,1.4142527273663024,0.0
sample_000753,balanced,zstd,0.0,1.107445193623419,1.9779175642448283,2.159685762378378,0.0
sample_000753,fast_access,zstd,0.0,0.8553052852778612,2.2775531275423013,2.4306924405161494,0.0
sample_000754,archive,zstd,0.18685851152088054,0.6092622258679915,0.8003388229994253,0.9419649151708943,0.18685851152088054
sample_000754,balanced,zstd,0.13347036537205753,0.8436563377452998,1.272833397894228,1.5699415252848241,0.13347036537205753
sample_000754,fast_access,zstd,0.08008221922323451,0.8220471738473458,1.787876169411298,1.9918495780297905,0.08008221922323451
sample_000755,archive,zstd,0.11964200746393104,0.5068248159772726,1.0778733224455712,1.1091251038321541,0.11964200746393104
sample_000755,balanced,zstd,0.08545857675995075,0.7696996444323679,1.777753234304468,1.8485418397202569,0.08545857675995075
sample_000755,fast_access,zstd,0.05127514605597045,0.8464226705640001,2.3636151953638,2.42515029303884,0.05127514605597045
sample_000756,archive,zstd,0.0,0.9055941414434712,1.7690650785423059,1.3727230527698953,0.0
sample_000756,balanced,zstd,0.0,1.5091125346396597,2.944400551427619,2.2877268201701524,0.0
sample_000756,fast_access,zstd,0.0,2.16932065321184,4.618225025388487,3.04537466299813,0.0
sample_000757,archive,zstd,0.09955287526862559,0.5567409516861404,0.7840116558966679,0.8809339247687438,0.09955287526862559
sample_000757,balanced,zstd,0.07110919662044686,0.8602469503923711,1.306686093161113,1.432469686121891,0.07110919662044686
sample_000757,fast_access,zstd,0.04266551797226811,0.7142206296885624,1.9358898517460275,1.7908413843043522,0.04266551797226811
sample_000758,archive,zstd,0.0,1.9476102402510058,1.9018180943763725,1.9267722023897704,0.0
sample_000758,balanced,zstd,0.0,1.5987367952095028,2.6737504866717083,2.2870907632363573,0.0
sample_000758,fast_access,zstd,0.0,1.2543322930231113,3.35352229305685,2.531212388093663,0.0
sample_000759,archive,zstd,0.0478443916627102,0.7342193863506588,0.9126861962332049,0.9724440885472359,0.0478443916627102
sample_000759,balanced,zstd,0.07974065277118367,1.002417980451816,1.2974913070459393,1.5978522466436424,0.07974065277118367
sample_000759,fast_access,zstd,0.15948130554236734,0.7687422348415608,1.671114108574662,1.8265652391295468,0.15948130554236734
sample_000760,archive,gzip,0.4623170108770737,0.4623170108770737,0.8352902893444616,1.0449559684216794,0.5548279832197589
sample_000760,balanced,gzip,0.5643397278052398,0.5643397278052398,1.3921504822407693,1.7227895690898298,0.5791085312206727
sample_000760,fast_access,gzip,0.42054348869570934,0.42054348869570934,1.9904524833479424,2.1630590625628745,0.7953320495884736
sample_000761,archive,zstd,0.11008180667813666,0.792498033840412,1.127348484207979,1.0735702377535277,0.11008180667813666
sample_000761,balanced,zstd,0.07862986191295476,1.2505031444676817,1.8186153482536702,1.7892837295892128,0.07862986191295476
sample_000761,fast_access,zstd,0.047177917147772856,1.2003237104272582,2.4230881971949634,2.3172532310327885,0.047177917147772856
sample_000762,archive,zstd,0.0,0.6928762903804949,1.4989354239584163,1.0120151627726843,0.0
sample_000762,balanced,zstd,0.0,1.154599937820346,2.4947640798138524,1.6866417145796333,0.0
sample_000762,fast_access,zstd,0.0,1.2563866234870007,3.5456056370999605,1.8331420509365581,0.0
sample_000763,archive,zstd,0.08688074460948977,0.8795580449525158,0.9978456360589855,1.0670292526466658,0.08688074460948977
sample_000763,balanced,zstd,0.062057674721064125,1.4344072317321388,1.6630760600983092,1.7765691393750032,0.062057674721064125
sample_000763,fast_access,zstd,0.03723460483263848,1.3163784785556958,2.458580140110093,2.1068470928084615,0.03723460483263848
sample_000764,archive,zstd,0.0,2.392524012705071,2.050989823203883,1.4605592986959528,0.0
sample_000764,balanced,zstd,0.0,2.0222962905863935,2.8036023088133684,1.8735539574022095,0.0
sample_000764,fast_access,zstd,0.0,1.5360002205494006,2.986320332990206,1.9928331178867777,0.0
sample_000765,archive,zstd,0.15908759167567757,0.6851532248440904,0.95399994453358,0.9946361573796951,0.15908759167567757
sample_000765,balanced,zstd,0.1494459632993318,1.0210761652049563,1.3517033412189212,1.657726928966159,0.1494459632993318
sample_000765,fast_access,zstd,0.17740690263052628,0.7987340507336859,1.6016326430318588,1.9220006869556077,0.17740690263052628
sample_000766,archive,zstd,0.3738250496236044,0.6210698788423544,0.977815237891106,0.9437159840928395,0.3738250496236044
sample_000766,balanced,zstd,0.2670178925882889,0.8318131790840725,1.6071501236274859,1.572859973488066,0.2670178925882889
sample_000766,fast_access,zstd,0.16021073555297333,0.7288135732214321,2.1442050033178766,1.7327219873869673,0.16021073555297333
sample_000767,archive,zstd,0.01488321792998334,0.49780630024504924,1.1758239614722448,1.0984860151013713,0.01488321792998334
sample_000767,balanced,zstd,0.0106308699499881,0.8019817790977736,1.9581217673530404,1.830810025168952,0.0106308699499881
sample_000767,fast_access,zstd,0.006378521969992859,0.8441840528935696,2.596706219841976,2.3447853188910046,0.006378521969992859
sample_000768,archive,zstd,0.0,0.733779441020498,1.827484596701078,1.4816127400684707,0.0
sample_000768,balanced,zstd,0.0,1.2224372958328924,3.028150836796099,2.4673243969109224,0.0
sample_000768,fast_access,zstd,0.0,1.668646098684337,4.515064737249089,3.085423419782823,0.0
sample_000769,archive,zstd,0.22372836022370202,0.5219207083400669,0.7217975828925594,0.9950402158564339,0.22372836022370202
sample_000769,balanced,zstd,0.24954240613324902,0.7909905693263053,1.202995971487599,1.6115334623817206,0.24954240613324902
sample_000769,fast_access,zstd,0.369579708314931,0.6209608637749733,1.7001164027713132,1.9344830728964624,0.369579708314931
sample_000770,archive,zstd,0.0,0.9166065247585805,2.0463592954572203,2.328720463264301,0.0
sample_000770,balanced,zstd,0.0,0.8497213694950726,2.746980124140115,2.957004531360574,0.0
sample_000770,fast_access,zstd,0.0,0.729748239830218,3.176151547449173,3.0679823032484306,0.0
sample_000771,archive,zstd,0.0,0.5798260817391961,1.3987230148006828,1.4699296790764453,0.0
sample_000771,balanced,zstd,0.0,0.9014606935485427,1.8883205299848358,2.28910809391615,0.0
sample_000771,fast_access,zstd,0.0,0.9732509656968241,2.3951707491488525,2.5910578424456006,0.0
sample_000772,archive,zstd,0.2646114274562414,0.35520761313914617,0.7425212006287956,1.0436044893437146,0.2646114274562414
sample_000772,balanced,zstd,0.18900816246874386,0.41757230298842424,1.237535334381326,1.6542763775030522,0.18900816246874386
sample_000772,fast_access,zstd,0.11340489748124631,0.3198138831490708,1.528231024193682,1.780442771901957,0.11340489748124631
sample_000773,archive,zstd,0.06632438269732441,0.3604480118560015,1.1479380565153856,1.1324582143718205,0.06632438269732441
sample_000773,balanced,zstd,0.05409240744735498,0.5412262539876874,1.8526494972044378,1.8874303572863678,0.05409240744735498
sample_000773,fast_access,zstd,0.04891417299411496,0.42405293832430263,2.3203047327868584,2.240515226495427,0.04891417299411496
sample_000774,archive,zstd,0.0,0.8046131856844327,1.7621532518864194,1.4326524199291397,0.0
sample_000774,balanced,zstd,0.0,1.3407372496771703,2.930605418612897,2.3872050267333806,0.0
sample_000774,fast_access,zstd,0.0,1.6085083483462745,4.386331396561313,3.06512462208246,0.0
sample_000775,archive,zstd,0.2540957984771227,0.8494681299969143,0.8409603192190074,1.0483719175176003,0.2540957984771227
sample_000775,balanced,zstd,0.24842122259356997,1.356537255993068,1.3267139691940772,1.7472865291960007,0.24842122259356997
sample_000775,fast_access,zstd,0.3130170815754235,1.0763433606941861,1.836042142594428,2.1048777205931986,0.3130170815754235
sample_000776,archive,zstd,0.0,1.3158348081971962,2.643569483563601,2.056033051851149,0.0
sample_000776,balanced,zstd,0.0,1.4789158040086638,3.6902655031137517,3.001670200148492,0.0
sample_000776,fast_access,zstd,0.0,1.6304450334926877,4.619227864901271,3.7022273827038816,0.0
sample_000777,archive,zstd,0.0,0.7410662303594495,1.5854885145479893,1.5797143653066938,0.0
sample_000777,balanced,zstd,0.0,1.0838834418020586,2.036577021988891,2.387707422094278,0.0
sample_000777,fast_access,zstd,0.0,1.0511246284902676,2.3420705332927882,2.7432472364729383,0.0
sample_000778,archive,gzip,0.36851638173832674,0.36851638173832674,0.7318747037027273,1.0290544912293558,0.49492167171162116
sample_000778,balanced,gzip,0.4130380856255904,0.4130380856255904,1.219791172837879,1.6528042930782627,0.5079742862114988
sample_000778,fast_access,gzip,0.3002570859097292,0.3002570859097292,1.7244467195390298,2.1252850730028,0.6832086474497341
sample_000779,archive,zstd,0.1317706661435037,0.5285102371501826,1.1833621397500838,1.185766727210326,0.1317706661435037
sample_000779,balanced,zstd,0.09412190438821692,0.8254053274414845,1.9344590985580086,1.9762778786838768,0.09412190438821692
sample_000779,fast_access,zstd,0.05647314263293015,0.9562179076312027,2.572868946732367,2.6024312252163257,0.05647314263293015
sample_000780,archive,zstd,0.0,0.7174063044545451,1.7416108017201273,1.357765619981242,0.0
sample_000780,balanced,zstd,0.0,1.1954661396581163,2.898736951794057,2.2627977655223974,0.0
sample_000780,fast_access,zstd,0.0,1.5443004157103277,4.54046138147039,2.987732223966511,0.0
sample_000781,archive,zstd,0.12659223935490035,0.7590641952403716,0.8107743075444467,0.9931866577620277,0.12659223935490035
sample_000781,balanced,zstd,0.09042302811064312,1.2263293998190166,1.351290512574078,1.6440388639711712,0.09042302811064312
sample_000781,fast_access,zstd,0.05425381686638587,1.0210350000631003,1.9683295533635723,2.0453394588744214,0.05425381686638587
sample_000782,archive,zstd,0.0,1.918619664361079,2.2242456526084626,1.6757484860319094,0.0
sample_000782,balanced,zstd,0.0,1.7268634512313894,3.056599986117468,2.1957998469389026,0.0
sample_000782,fast_access,zstd,0.0,1.735225870525818,3.943710413048642,2.7652563473015404,0.0
sample_000783,archive,zstd,0.06920822870101805,0.6019308891317279,1.2235572780445294,1.0797298733792735,0.06920822870101805
sample_000783,balanced,zstd,0.11534704783503008,0.7875286936522441,1.5365478847352443,1.6933957015923378,0.11534704783503008
sample_000783,fast_access,zstd,0.23069409567006016,0.5976695366867,1.966050088780787,2.1404695533834066,0.23069409567006016
sample_000784,archive,zstd,0.49461507140899513,0.6882535011198222,0.9004053080590138,1.1682638837636055,0.49461507140899513
sample_000784,balanced,zstd,0.3532964795778537,0.8155831212537012,1.5006755134316898,1.7667316082555622,0.3532964795778537
sample_000784,fast_access,zstd,0.21197788774671222,0.6801593986175845,2.044748590767992,1.9260879350785731,0.21197788774671222
sample_000785,archive,zstd,0.05038202268878106,0.47419357171623433,1.0535104313029888,1.0236882062434205,0.05038202268878106
sample_000785,balanced,zstd,0.03598715906341504,0.7497660151328431,1.7465199185935973,1.7061470104057008,0.03598715906341504
sample_000785,fast_access,zstd,0.021592295438049025,0.892540239988353,2.4220869800324887,2.362898865721769,0.021592295438049025
sample_000786,archive,zstd,0.0,0.7113325685618082,1.5613910010538854,1.158497857818564,0.0
sample_000786,balanced,zstd,0.0,1.1853604014558679,2.59916795632158,1.9307795396560994,0.0
sample_000786,fast_access,zstd,0.0,1.3098189530573765,3.6880486268193144,2.139881068064499,0.0
sample_000787,archive,zstd,0.10249975682049302,0.7537665549316366,0.8315229578661595,0.957458944045086,0.10249975682049302
sample_000787,balanced,zstd,0.0854014510649745,1.2235148239392128,1.3843639318425813,1.59576490674181,0.0854014510649745
sample_000787,fast_access,zstd,0.08109985131230943,0.9738974440093432,1.971511166355027,1.8368328414760045,0.08109985131230943
sample_000788,archive,zstd,0.0,2.362744823383649,1.7040900734090463,1.4174963989944256,0.0
sample_000788,balanced,zstd,0.0,2.032000052530113,2.439096797658774,1.7516335104079395,0.0
sample_000788,fast_access,zstd,0.0,1.4852172684615226,2.574189320669352,1.684136373632521,0.0
sample_000789,archive,zstd,0.01431774995714199,0.7681378248881386,0.5793238319497023,1.0630498134124515,0.01431774995714199
sample_000789,balanced,zstd,0.010226964255101422,1.0014451319143995,0.9444890592229648,1.7717496890207522,0.010226964255101422
sample_000789,fast_access,zstd,0.006136178553060853,0.8658360110262443,1.2787805457262948,1.9760595410478283,0.006136178553060853
sample_000790,archive,zstd,0.28010398426192523,0.6820009744003,0.8806090784103582,0.9258551904936967,0.28010398426192523
sample_000790,balanced,zstd,0.20007427447280374,0.9360178263922643,1.3642332496105745,1.5430919841561614,0.20007427447280374
sample_000790,fast_access,zstd,0.12004456468368224,0.9612510209870663,2.005136905924666,1.9352588865557316,0.12004456468368224
sample_000791,archive,zstd,0.06276230336229598,0.6164085519143471,1.0174215157633952,0.8816664542529162,0.06276230336229598
sample_000791,balanced,zstd,0.04483021668735427,0.9809024486926139,1.6670612928751527,1.469444090421527,0.04483021668735427
sample_000791,fast_access,zstd,0.02689813001241256,0.842128912348716,2.2313124329287266,1.8457005413765617,0.02689813001241256
sample_000792,archive,zstd,0.0,0.4554045227458252,1.5779202328335935,1.3085136059228542,0.0
sample_000792,balanced,zstd,0.0,0.7584790987084378,2.611814324010094,2.1788258400015614,0.0
sample_000792,fast_access,zstd,0.0,1.027902194552347,3.835111943210461,2.6556022394166376,0.0
sample_000793,archive,zstd,0.015376198189171521,0.4020875623190039,0.7994387668279602,1.1321043879453865,0.015376198189171521
sample_000793,balanced,zstd,0.010982998706551087,0.5798001187122097,1.332397944713267,1.7911234530969025,0.010982998706551087
sample_000793,fast_access,zstd,0.006589799223930652,0.6220439800282473,1.8196837439833495,2.1831615908523023,0.006589799223930652
sample_000794,archive,zstd,0.0,0.9567330325219813,1.8924851552430528,2.526573277103167,0.0
sample_000794,balanced,zstd,0.0,0.959882511219146,2.5679756186092173,3.0581293870074644,0.0
sample_000794,fast_access,zstd,0.0,0.8293619422525851,2.934848690602357,2.996819201671583,0.0
sample_000795,archive,zstd,0.0,0.7042027808045692,1.4135633916609043,1.9656649662330485,0.0
sample_000795,balanced,zstd,0.0,0.9136973536261495,1.7808954310895126,2.692462452152481,0.0
sample_000795,fast_access,zstd,0.0,0.9546024119498696,2.1525842782848654,2.883375096789524,0.0
sample_000796,archive,zstd,0.2553343951035534,0.49543066140214465,0.9156757587224436,1.1919925837468512,0.2553343951035534
sample_000796,balanced,zstd,0.1823817107882524,0.6475123787197132,1.526126264537406,1.8947520479335402,0.1823817107882524
sample_000796,fast_access,zstd,0.10942902647295144,0.5733081093565653,2.0453965866163055,2.123005138917738,0.10942902647295144
sample_000797,archive,zstd,0.033883577128147796,0.43963704361601086,1.1615478066022473,1.1867781641826545,0.033883577128147796
sample_000797,balanced,zstd,0.024202555091534142,0.7003595890820242,1.8984295825657793,1.9779636069710906,0.024202555091534142
sample_000797,fast_access,zstd,0.014521533054920484,0.9088922666998576,2.5291894707284754,2.537409856440271,0.014521533054920484
sample_000798,archive,zstd,0.0,0.7545335683498047,1.7972223394092501,1.569800984703586,0.0
sample_000798,balanced,zstd,0.0,1.2572712207861234,2.98908412368038,2.6157859680241247,0.0
sample_000798,fast_access,zstd,0.0,1.6092912779468316,4.5409643302157345,3.5290319470874545,0.0
sample_000799,archive,zstd,0.12130167367059637,0.7940506246987586,0.8616058766620345,1.0232728855776356,0.12130167367059637
sample_000799,balanced,zstd,0.08664405262185455,1.262109558193004,1.4360097944367243,1.686251266207446,0.08664405262185455
sample_000799,fast_access,zstd,0.05198643157311273,1.1009517686703578,2.107461661145848,2.0939831747310955,0.05198643157311273
sample_000800,archive,zstd,0.0,1.6081655188750958,2.2279493075915933,2.31471116648274,0.0
sample_000800,balanced,zstd,0.0,1.5261859665174127,2.955196466322051,2.8253097503927895,0.0
sample_000800,fast_access,zstd,0.0,1.3188008835648088,3.4721878713998287,3.0011497514088137,0.0
sample_000801,archive,zstd,0.021412207159417,0.7581378543200502,1.5322609771909697,1.4191811014524804,0.021412207159417
sample_000801,balanced,zstd,0.035687011932361665,1.0092064363613322,1.86441968567132,2.1584301877742944,0.035687011932361665
sample_000801,fast_access,zstd,0.07137402386472333,0.7692116509632531,2.0997549580147075,2.4774008493525037,0.07137402386472333
sample_000802,archive,zstd,0.18818242283123937,0.597539879560517,0.8509035344132343,0.9634453881137675,0.18818242283123937
sample_000802,balanced,zstd,0.13441601630802813,0.8235357034816843,1.355450216448801,1.6057423135229458,0.13441601630802813
sample_000802,fast_access,zstd,0.08064960978481688,0.7982943980303465,1.9399938999349047,2.0747948507485168,0.08064960978481688
sample_000803,archive,zstd,0.07304806763147101,0.6647099729733064,1.1910195243466375,1.2004227115877453,0.07304806763147101
sample_000803,balanced,zstd,0.05217719116533644,1.0428966031779507,1.9577734160761942,2.000704519312909,0.05217719116533644
sample_000803,fast_access,zstd,0.03130631469920186,1.1889720702024231,2.6324887313210232,2.5907803270217826,0.03130631469920186
sample_000804,archive,zstd,0.0,0.7259181247214753,1.7673532523796167,1.347416459434109,0.0
sample_000804,balanced,zstd,0.0,1.2096525067696666,2.941519704611736,2.245549164610509,0.0
sample_000804,fast_access,zstd,0.0,1.5426478733194853,4.572548782863665,2.932961642727595,0.0
sample_000805,archive,zstd,0.0778623642678261,0.4374577560978237,0.672165110714714,0.8804302754603615,0.0778623642678261
sample_000805,balanced,zstd,0.055615974477018645,0.6479612733991302,1.1202751845245233,1.419212099564429,0.055615974477018645
sample_000805,fast_access,zstd,0.033369584686211186,0.6212284886372023,1.6443250765702182,1.8223007502768769,0.033369584686211186
sample_000806,archive,zstd,0.0,1.7739309703024155,2.402390564694949,1.634874201865103,0.0
sample_000806,balanced,zstd,0.0,1.678966416177162,3.281248099705895,2.287852434723773,0.0
sample_000806,fast_access,zstd,0.0,1.7884268718337912,4.299120755787663,3.1048057826505415,0.0
sample_000807,archive,zstd,0.06577932708771489,0.6703802906717202,0.7333040847382186,1.0770945748893879,0.06577932708771489
sample_000807,balanced,zstd,0.10963221181285816,0.8235030572960169,1.1299730295894639,1.7753705949979888,0.10963221181285816
sample_000807,fast_access,zstd,0.21926442362571633,0.614732831763286,1.5557224150518407,2.121616662084006,0.21926442362571633
sample_000808,archive,zstd,0.2719824769811264,0.5858822795456698,0.8151532298608477,0.8641710695553354,0.2719824769811264
sample_000808,balanced,zstd,0.1942731978436617,0.7930001298963928,1.268389039545073,1.4402851159255592,0.1942731978436617
sample_000808,fast_access,zstd,0.11656391870619702,0.7295855641414821,1.8341973201407213,1.8452261368708776,0.11656391870619702
sample_000809,archive,zstd,0.10763868350250234,0.6161459206093415,0.9965710745348605,1.0062595387576854,0.10763868350250234
sample_000809,balanced,zstd,0.07688477393035882,0.9709899541502601,1.6396144259670211,1.677099231262809,0.07688477393035882
sample_000809,fast_access,zstd,0.04613086435821529,0.8874851175832669,2.189637493085617,2.2406052234804585,0.04613086435821529
sample_000810,archive,zstd,0.0,0.6616490889062336,1.547511578124017,1.1071651723340008,0.0
sample_000810,balanced,zstd,0.0,1.1025546020299104,2.5759748420400044,1.845225063848494,0.0
sample_000810,fast_access,zstd,0.0,1.1707798917551457,3.6587489313097383,1.964549976463004,0.0
sample_000811,archive,zstd,0.011650156839386347,0.5715955517775559,0.8569011399427962,1.0571027282021828,0.011650156839386347
sample_000811,balanced,zstd,0.008321540599561677,0.8739503195968537,1.428168566571327,1.725131451496544,0.008321540599561677
sample_000811,fast_access,zstd,0.004992924359737006,1.0082289960400967,2.1292980740088328,2.2317343800437777,0.004992924359737006
sample_000812,archive,zstd,0.0,2.202151399964331,2.507899711847589,1.2944216522321081,0.0
sample_000812,balanced,zstd,0.0,1.8183080763755062,3.175849566044337,1.7674136897737052,0.0
sample_000812,fast_access,zstd,0.0,1.3197390783199254,3.287349682747266,1.927585139861163,0.0
sample_000813,archive,zstd,0.12346277273081752,0.6940939346403461,0.8853340177637332,0.9642218978595887,0.12346277273081752
sample_000813,balanced,zstd,0.0881876948077268,1.037631604396088,1.2395710790543213,1.6070364964326478,0.0881876948077268
sample_000813,fast_access,zstd,0.052912616884636075,0.89696008840399,1.5433315830928305,1.911868408132227,0.052912616884636075
sample_000814,archive,zstd,0.5359996807889256,0.6894192612585994,0.9547087268468422,1.1738599818335294,0.5359996807889256
sample_000814,balanced,zstd,0.3994663282081779,0.7962402807689914,1.5911812114114037,1.7954392572053983,0.3994663282081779
sample_000814,fast_access,zstd,0.2803728596543228,0.5840734514158921,2.1457712689311883,1.9296733801982804,0.2803728596543228
sample_000815,archive,zstd,0.05454802941102082,0.5723893556643618,1.0404626460366193,0.9271976701596503,0.05454802941102082
sample_000815,balanced,zstd,0.03896287815072916,0.902035124395514,1.709172204580169,1.5453294502660837,0.03896287815072916
sample_000815,fast_access,zstd,0.023377726890437493,0.9746774867397052,2.348102514495044,1.9739232568325638,0.023377726890437493
sample_000816,archive,zstd,0.0,0.3993555554809114,1.5447542872748299,1.383082675876382,0.0
sample_000816,balanced,zstd,0.0,0.6650641532669146,2.5568544543397262,2.303107623257441,0.0
sample_000816,fast_access,zstd,0.0,0.8281880528007066,3.7671881493427066,2.9296943054998303,0.0
sample_000817,archive,zstd,0.1308020036230698,0.6255551018752746,0.8023155351519995,1.040307656367991,0.1308020036230698
sample_000817,balanced,zstd,0.093430002587907,0.9642639214872215,1.3371925585866657,1.6882779602747737,0.093430002587907
sample_000817,fast_access,zstd,0.0560580015527442,0.8245546811692155,1.8472054836791858,1.9687783606651572,0.0560580015527442
sample_000818,archive,zstd,0.0,1.0578055614461435,2.1826330996556367,1.9947278922195126,0.0
sample_000818,balanced,zstd,0.0,1.2736964856901054,2.9958480010866957,2.787463044374764,0.0
sample_000818,fast_access,zstd,0.0,1.6066820485512883,3.7255602131137207,3.1796040804466914,0.0
sample_000819,archive,zstd,0.0,0.6995991092428457,1.387466530095531,1.383706202476906,0.0
sample_000819,balanced,zstd,0.0,0.9604308478682838,1.8207115880720321,2.1743351766066215,0.0
sample_000819,fast_access,zstd,0.0,0.7909839975860538,2.1110262236094233,2.4169815231224128,0.0
sample_000820,archive,zstd,0.15081693378236644,0.33515180736781736,0.7330575989023616,0.9493473292987684,0.15081693378236644
sample_000820,balanced,zstd,0.1077263812731189,0.434746439292368,1.2074680924324812,1.5822455488312808,0.1077263812731189
sample_000820,fast_access,zstd,0.06463582876387133,0.34155663956463705,1.7443901784720204,2.0296445774192184,0.06463582876387133
sample_000821,archive,zstd,0.057958427504531916,0.4559259591190864,1.2226800732702658,1.2969785296479823,0.057958427504531916
sample_000821,balanced,zstd,0.04139887678895137,0.7084650629688567,1.988562265254111,2.1616308827466373,0.04139887678895137
sample_000821,fast_access,zstd,0.02483932607337082,0.833502765614822,2.6752074534432593,2.783596381430552,0.02483932607337082
sample_000822,archive,zstd,0.0,0.7509816991189945,1.789154948005844,1.433214813582889,0.0
sample_000822,balanced,zstd,0.0,1.2513514387347733,2.975406774740695,2.3881423494896294,0.0
sample_000822,fast_access,zstd,0.0,1.5189747532643725,4.4985896734639095,3.021969349784695,0.0
sample_000823,archive,zstd,0.3173507563535082,0.8266530603239021,0.9396272873131808,1.120956090850439,0.3173507563535082
sample_000823,balanced,zstd,0.3537051706976597,1.3180538984092969,1.4879930378794979,1.8682601514173984,0.3537051706976597
sample_000823,fast_access,zstd,0.5234369470092228,1.0454879384078566,2.1512461670850977,2.339502164059318,0.5234369470092228
sample_000824,archive,zstd,0.0,1.4876725735081189,2.5651720418670068,1.9995167353652321,0.0
sample_000824,balanced,zstd,0.0,1.7637706530212818,3.5519489787034573,2.907476339338631,0.0
sample_000824,fast_access,zstd,0.0,2.0511293347451884,4.3974075711662275,3.5609692820504355,0.0
sample_000825,archive,zstd,0.0400063423607253,0.7407846613907957,1.046743051377701,1.1946411996967854,0.0400063423607253
sample_000825,balanced,zstd,0.0666772372678755,0.9442560226296861,1.5355798737737896,1.9600785791651658,0.0666772372678755
sample_000825,fast_access,zstd,0.133354474535751,0.7118470561505028,1.9343136939361214,2.273427588207814,0.133354474535751
sample_000826,archive,zstd,0.3398958282662434,0.5571957186394674,0.899283096356474,1.0979347559175725,0.3398958282662434
sample_000826,balanced,zstd,0.2427827344758882,0.7245197207240821,1.4988051605941233,1.7625553499392854,0.2427827344758882
sample_000826,fast_access,zstd,0.1456696406855329,0.5939291214000961,2.069073792996618,2.0484513288357347,0.1456696406855329
sample_000827,archive,zstd,0.10260636491187558,0.6763341668704083,1.1537439523707227,1.1442219682869337,0.10260636491187558
sample_000827,balanced,zstd,0.0732902606513397,1.0336126934567,1.8632001245053331,1.907036613811556,0.0732902606513397
sample_000827,fast_access,zstd,0.04397415639080382,0.9544046476264322,2.4222330706722657,2.3861251977257742,0.04397415639080382
sample_000828,archive,zstd,0.0,0.6593082995226021,1.7668483806016846,1.363333882283098,0.0
sample_000828,balanced,zstd,0.0,1.0986361314382111,2.940693416892809,2.272078202692157,0.0
sample_000828,fast_access,zstd,0.0,1.4442396107893565,4.639390934774266,3.054973600000589,0.0
sample_000829,archive,zstd,0.12865483452223042,0.7086625449768624,0.80240382779679,0.9101745463249645,0.12865483452223042
sample_000829,balanced,zstd,0.09569530048067111,1.143303616536392,1.33733971299465,1.5064813093576543,0.09569530048067111
sample_000829,fast_access,zstd,0.06672470605214366,0.9089727994653567,1.9468748621669307,1.8047703045916865,0.06672470605214366
sample_000830,archive,zstd,0.0,2.1079250157047786,2.0898701679405747,1.844552245183758,0.0
sample_000830,balanced,zstd,0.0,1.9210706157115502,2.9269664273543903,2.308998183523002,0.0
sample_000830,fast_access,zstd,0.0,1.8956869482074148,3.7425839391431817,2.7423624156123636,0.0
sample_000831,archive,zstd,0.0007566220330017004,0.5973477105644186,1.145973970131383,0.9607768162903894,0.0007566220330017004
sample_000831,balanced,zstd,0.0012610367216695007,0.7820686923352576,1.4042325686886739,1.5012784639384065,0.0012610367216695007
sample_000831,fast_access,zstd,0.0025220734433390015,0.5936283300773901,1.7730388900686496,1.8342883417992142,0.0025220734433390015
sample_000832,archive,zstd,0.2716053166098611,0.5993479648787022,0.8243295590521975,0.9144011042891259,0.2716053166098611
sample_000832,balanced,zstd,0.19400379757847222,0.8155357832767665,1.2846402462956492,1.5240018404818767,0.19400379757847222
sample_000832,fast_access,zstd,0.11640227854708332,0.7741869665449896,1.8411434432379994,1.947006179179532,0.11640227854708332
sample_000833,archive,zstd,0.08042767208077736,0.5792048465101752,1.0240487981319981,0.9701426270614175,0.08042767208077736
sample_000833,balanced,zstd,0.05744833720055526,0.9010926774087771,1.6798848391099437,1.616904378435696,0.05744833720055526
sample_000833,fast_access,zstd,0.034469002320333154,0.7705613144093133,2.2692797675240692,2.1186054107552987,0.034469002320333154
sample_000834,archive,zstd,0.0,0.7414581168557539,1.5403922060144672,1.1236966033922053,0.0
sample_000834,balanced,zstd,0.0,1.2355696486124443,2.564197806857707,1.8727774489455016,0.0
sample_000834,fast_access,zstd,0.0,1.3616793698728076,3.6270843868323954,2.00091226835548,0.0
sample_000835,archive,zstd,0.01371466286046116,0.39742423674921756,0.7563768364685097,0.9822607936600124,0.01371466286046116
sample_000835,balanced,zstd,0.009796187757472258,0.5833508108415227,1.2606280607808495,1.59962267272499,0.009796187757472258
sample_000835,fast_access,zstd,0.005877712654483355,0.7036464806663761,1.9822037350044417,2.111751192987238,0.005877712654483355
sample_000836,archive,zstd,0.0,2.439838844931403,2.265423990909654,1.3207764965592914,0.0
sample_000836,balanced,zstd,0.0,2.1146784846744957,2.9495557296642008,1.7160723352335956,0.0
sample_000836,fast_access,zstd,0.0,1.6851910024912196,3.036788615239767,1.8072039021538635,0.0
sample_000837,archive,zstd,0.1164243721945262,0.6593661397908894,0.5258984543756209,1.0578026265815386,0.1164243721945262
sample_000837,balanced,zstd,0.16792045669994568,0.8192795301971105,0.8548663619411847,1.7630043776358977,0.16792045669994568
sample_000837,fast_access,zstd,0.30841474159441346,0.6134740187395327,1.2218254577889138,2.0832193242440993,0.30841474159441346
sample_000838,archive,zstd,0.5191993612520012,0.7312400437597922,1.0173369565907033,1.176799786570781,0.5191993612520012
sample_000838,balanced,zstd,0.3708566866085723,0.8631312708879294,1.6955615943178388,1.7990249116193828,0.3708566866085723
sample_000838,fast_access,zstd,0.22251401196514337,0.6654162035892789,2.310483488684467,1.9285417755796592,0.22251401196514337
sample_000839,archive,zstd,0.0167178829630337,0.45032795146286647,1.1134982146115264,1.0518381911468273,0.0167178829630337
sample_000839,balanced,zstd,0.0119413449735955,0.7160866749385341,1.8549765210518112,1.7530636519113787,0.0119413449735955
sample_000839,fast_access,zstd,0.0071648069841573,0.7369644024811064,2.452682402959296,2.270937996937586,0.0071648069841573
sample_000840,archive,zstd,0.0,0.3718067475827548,1.5374788311242191,1.3318372236033607,0.0
sample_000840,balanced,zstd,0.0,0.6191494734366537,2.5444911502890575,2.217698536135739,0.0
sample_000840,fast_access,zstd,0.0,0.6898489382658658,3.7312410578970794,2.7195636066979025,0.0
sample_000841,archive,zstd,0.28950131790705647,0.42111390282352723,0.6676996913624137,0.944320602501104,0.28950131790705647
sample_000841,balanced,zstd,0.35437418294089573,0.6237706384033541,1.1128328189373562,1.5287741300127533,0.35437418294089573
sample_000841,fast_access,gzip,0.48730363077730465,0.48730363077730465,1.6727654647758397,1.9004755509006208,0.5742139516323832
sample_000842,archive,zstd,0.0,1.0697577561272293,2.0679987687398964,2.2637694682548988,0.0
sample_000842,balanced,zstd,0.0,1.097918682222463,2.7687084427972657,2.8487528730115708,0.0
sample_000842,fast_access,zstd,0.0,1.0288395404713757,3.1259256971364815,2.9488491351953927,0.0
sample_000843,archive,zstd,0.0,0.7397372461197411,1.4068658438582564,1.400334162505921,0.0
sample_000843,balanced,zstd,0.0,1.0340024989157228,1.8608184041751368,2.2123425663138985,0.0
sample_000843,fast_access,zstd,0.0,1.039693231429686,2.2267568809197833,2.45989809770713,0.0
sample_000844,archive,zstd,0.32234830629304495,0.49579027542693627,0.9495292754212834,1.2898922724082613,0.32234830629304495
sample_000844,balanced,zstd,0.23024879020931782,0.5902562363370243,1.5825487923688057,1.9723283268289047,0.23024879020931782
sample_000844,fast_access,zstd,0.1381492741255907,0.4685902879203267,2.226058981768256,2.203706704797259,0.1381492741255907
sample_000845,archive,zstd,0.0786423785785914,0.4251236301124193,1.1801204872677968,1.135535224071998,0.0786423785785914
sample_000845,balanced,zstd,0.056173127556136716,0.6330996542455644,1.89971755963444,1.8925587067866636,0.056173127556136716
sample_000845,fast_access,zstd,0.03370387653368203,0.5993999087306907,2.7033214838595363,2.3335279157229607,0.03370387653368203
sample_000846,archive,zstd,0.0,0.45102418345221157,1.6507910433419426,1.339076897740131,0.0
sample_000846,balanced,zstd,0.0,0.7514222459568016,2.744719695717265,2.231245823085033,0.0
sample_000846,fast_access,zstd,0.0,0.8257766498524169,4.117182499720383,2.8942709402670745,0.0
sample_000847,archive,zstd,0.0,1.0011117682847792,1.3095425789473745,1.5188493004535835,0.0
sample_000847,balanced,zstd,0.0,1.5652504978849073,2.169173615858055,2.453582442474423,0.0
sample_000847,fast_access,zstd,0.0,1.8215017523364028,3.0236909326132233,3.103870355684061,0.0
sample_000848,archive,zstd,0.0,0.9371297444417426,2.103106564320345,1.661679774876548,0.0
sample_000848,balanced,zstd,0.0,0.8492856965098158,2.7864217689841957,2.344414738524157,0.0
sample_000848,fast_access,zstd,0.0,0.9037312451167379,3.4097846252651185,2.9424879249499316,0.0
sample_000849,archive,zstd,0.05196218191742667,0.7592778859875349,0.9663358578263704,1.1381568651646954,0.05196218191742667
sample_000849,balanced,zstd,0.08660363652904446,0.976755885437185,1.4059909620456674,1.8662168182385241,0.08660363652904446
sample_000849,fast_access,zstd,0.17320727305808892,0.738098619668442,1.8469549520392907,2.172316643196801,0.17320727305808892
sample_000850,archive,zstd,0.5291272736047226,0.5637872980965671,0.7762145621788453,1.2427580867128394,0.5291272736047226
sample_000850,balanced,zstd,0.466704206402225,0.6350244650420234,1.2936909369647422,1.875332485096804,0.466704206402225
sample_000850,fast_access,gzip,0.4623264172657804,0.4623264172657804,1.8284645699596358,2.2486456965121073,0.49747510071852163
sample_000851,archive,zstd,0.0871950832766052,0.5658993916076938,1.083798740909221,1.1353897117644143,0.0871950832766052
sample_000851,balanced,zstd,0.062282202340432295,0.8696132857930713,1.7887350405321882,1.8923161862740239,0.062282202340432295
sample_000851,fast_access,zstd,0.03736932140425937,1.005480550933689,2.3526276418308423,2.455135312148788,0.03736932140425937
sample_000852,archive,zstd,0.09936813512408087,0.376159741158391,1.489365834925947,1.1018920994555503,0.09936813512408087
sample_000852,balanced,zstd,0.1656135585401348,0.6267218674978594,2.4782174523134852,1.8363418979795778,0.1656135585401348
sample_000852,fast_access,zstd,0.3312271170802696,0.5013458388333687,3.7504358182800503,2.2036881044474903,0.3312271170802696
sample_000853,archive,zstd,0.13747806934075374,0.6990097515105443,0.7609074502779185,0.8942684141231139,0.13747806934075374
sample_000853,balanced,zstd,0.11036090064621226,1.1268126020262286,1.268179083796531,1.479091530588852,0.11036090064621226
sample_000853,fast_access,zstd,0.09601412562462835,0.895719534047281,1.8727075571651957,1.798004566560789,0.09601412562462835
sample_000854,archive,zstd,0.0,2.1154420035037576,2.0808786734381246,1.7998154675040339,0.0
sample_000854,balanced,zstd,0.0,1.936386389216783,2.91198060318364,2.234436887390128,0.0
sample_000854,fast_access,zstd,0.0,1.8191226147956945,3.6884607883264056,2.609969861851,0.0
sample_000855,archive,zstd,0.12150172810488843,0.6697180205919423,1.2667630741039322,1.1038319503382594,0.12150172810488843
sample_000855,balanced,zstd,0.20250288017481408,0.8984072141498705,1.6135568920175367,1.7371640017404113,0.20250288017481408
sample_000855,fast_access,zstd,0.40500576034962815,0.6860573482943915,2.038680126187607,2.205542772185898,0.40500576034962815
sample_000856,archive,zstd,0.3815212195495656,0.5062365994841347,0.8602057094628597,1.0240604474240997,0.3815212195495656
sample_000856,balanced,zstd,0.2865998422779805,0.6359550349801931,1.4336761824380995,1.6863800321744478,0.2865998422779805
sample_000856,fast_access,zstd,0.2064673847361007,0.4775981333601498,1.983319186686325,2.0038743684449334,0.2064673847361007
sample_000857,archive,zstd,0.09237691069630406,0.5554585357308932,0.9964590090995427,0.9566567294880766,0.09237691069630406
sample_000857,balanced,zstd,0.0659835076402172,0.8740557271865114,1.643064352455177,1.5944278824801277,0.0659835076402172
sample_000857,fast_access,zstd,0.039590104584130315,0.7163649666356932,2.2103387072434533,2.099894991027931,0.039590104584130315
sample_000858,archive,zstd,0.0,0.6405975005343247,1.481573912402703,1.0767305132294054,0.0
sample_000858,balanced,zstd,0.0,1.0674686214100624,2.4660844269004842,1.7945006320075014,0.0
sample_000858,fast_access,zstd,0.0,1.1554151077193509,3.495040923255633,1.8959657477388547,0.0
sample_000859,archive,zstd,0.012358546548357906,0.5224090345484961,0.8722422732241044,1.0442837894417176,0.012358546548357906
sample_000859,balanced,zstd,0.008827533248827076,0.7918876541207638,1.4537371220401742,1.703463209028723,0.008827533248827076
sample_000859,fast_access,zstd,0.005296519949296245,0.9018365179543324,2.218968372696666,2.2012039249561486,0.005296519949296245
sample_000860,archive,zstd,0.0,2.391709446033317,2.027010429389183,1.4258634455179038,0.0
sample_000860,balanced,zstd,0.0,2.0222068302518372,2.763636652455536,1.8157275354387945,0.0
sample_000860,fast_access,zstd,0.0,1.571432083486671,2.941677159587649,1.9018072654633735,0.0
sample_000861,archive,zstd,0.07059199645688641,0.6719221542377176,0.5673197579477054,1.0418039885345134,0.07059199645688641
sample_000861,balanced,zstd,0.09066513440301249,0.8405086646825539,0.9238677224818626,1.7363399808908557,0.09066513440301249
sample_000861,fast_access,zstd,0.15299266612963686,0.6305026928889967,1.3162932965001541,2.019036655709107,0.15299266612963686
sample_000862,archive,zstd,0.3951711499817435,0.5091364252713039,0.961649894873662,1.037077211852325,0.3951711499817435
sample_000862,balanced,zstd,0.30247559050097067,0.6452638763082909,1.579382901439788,1.7284620197538751,0.30247559050097067
sample_000862,fast_access,zstd,0.2310010385599094,0.4857165761750504,2.1573173610979364,1.9646550624020003,0.2310010385599094
sample_000863,archive,zstd,0.04489165461638854,0.6762299559766122,1.1322183771925607,0.9584804033548164,0.04489165461638854
sample_000863,balanced,zstd,0.03206546758313467,1.0818119966322866,1.8670254319099184,1.597467338924694,0.03206546758313467
sample_000863,fast_access,zstd,0.0192392805498808,0.8837301354151633,2.4374619773491566,1.8650450052661447,0.0192392805498808
sample_000864,archive,zstd,0.0,0.706460352163943,1.6946895714050316,1.4628420652732,0.0
sample_000864,balanced,zstd,0.0,1.1769054810719672,2.8058760141120853,2.4360399389188045,0.0
sample_000864,fast_access,zstd,0.0,1.4991147505970885,4.116322682907752,3.0514176272266873,0.0
sample_000865,archive,zstd,0.0934719748371658,0.533805524577355,0.7325195989593803,1.048091028623193,0.0934719748371658
sample_000865,balanced,zstd,0.06676569631226129,0.7863482451993971,1.220865998265634,1.6639720177813282,0.06676569631226129
sample_000865,fast_access,zstd,0.04005941778735677,0.8505424939006374,1.7666638542195694,2.0293853778901223,0.04005941778735677
sample_000866,archive,zstd,0.0,1.4508134245013862,2.071890511243306,2.3586341674104556,0.0
sample_000866,balanced,zstd,0.0,1.7400662023997486,2.811633621994858,3.006860704937499,0.0
sample_000866,fast_access,zstd,0.0,2.060730606962105,3.343513054708046,3.1300996337560876,0.0
sample_000867,archive,zstd,0.0,0.7070873757165559,1.4248528497000272,2.012202278896816,0.0
sample_000867,balanced,zstd,0.0,0.9254858783909907,1.8040543151688464,2.770024639925427,0.0
sample_000867,fast_access,zstd,0.0,0.9025912487893076,2.209856345207497,3.0329069787623575,0.0
sample_000868,archive,zstd,0.343971036689741,0.5595282263298289,0.8408841085136038,1.318685769582101,0.343971036689741
sample_000868,balanced,zstd,0.24569359763552928,0.6868949043018135,1.4014735141893397,2.013362509224349,0.24569359763552928
sample_000868,fast_access,zstd,0.14741615858131757,0.6394069078472864,1.870906196785459,2.244845199151567,0.14741615858131757
sample_000869,archive,zstd,0.0844395914520303,0.529025922764939,1.0648092469903214,1.202730380382165,0.0844395914520303
sample_000869,balanced,zstd,0.06031399389430736,0.7990852704543905,1.6774322313016032,2.004550633970275,0.06031399389430736
sample_000869,fast_access,zstd,0.03618839633658442,0.7767358254380781,2.202441217488311,2.503582186858708,0.03618839633658442
sample_000870,archive,zstd,0.0,0.7623872958272901,1.7808225034876006,1.4349763310176296,0.0
sample_000870,balanced,zstd,0.0,1.2703607665819328,2.961801443294447,2.391078211880864,0.0
sample_000870,fast_access,zstd,0.0,1.55377374506443,4.505788831454062,3.085786519359655,0.0
sample_000871,archive,zstd,0.0,0.6564254876691458,0.8922586218162142,1.1900892396724398,0.0
sample_000871,balanced,zstd,0.0,0.9905877916435422,1.4733826118591855,1.9056896458560604,0.0
sample_000871,fast_access,zstd,0.0,0.9996603791464862,2.0347405143299686,2.378606407619474,0.0
sample_000872,archive,zstd,0.0,1.7052034947421997,2.3288056346512405,2.3781781627513117,0.0
sample_000872,balanced,zstd,0.0,1.6913972222833542,3.142430415343085,2.931088077507076,0.0
sample_000872,fast_access,zstd,0.0,1.5281607305240055,3.577411251966406,3.002868949370606,0.0
sample_000873,archive,zstd,0.0,0.9471574362049485,1.1119699062226036,1.1764685821205507,0.0
sample_000873,balanced,zstd,0.0,1.289843556072187,1.6539663993536085,1.9299419047154291,0.0
sample_000873,fast_access,zstd,0.0,1.1726841401040011,2.166008434856114,2.1612072189252975,0.0
sample_000874,archive,zstd,0.18938230147873525,0.675458330447418,0.886564942297047,1.043671046232909,0.18938230147873525
sample_000874,balanced,zstd,0.1352730724848109,0.9514440840405256,1.4155209938351994,1.7394517437215153,0.1352730724848109
sample_000874,fast_access,zstd,0.08116384349088654,0.9716916904241228,2.0392429461607975,2.2622280226411706,0.08116384349088654
sample_000875,archive,zstd,0.07201746838745933,0.6326420763785375,1.2313901305456796,1.2151036216179067,0.07201746838745933
sample_000875,balanced,zstd,0.05144104884818524,0.9864953207671459,2.035481143454431,2.025172702696511,0.05144104884818524
sample_000875,fast_access,zstd,0.030864629308911144,1.0810204384853508,2.6800445128842365,2.6265490523586243,0.030864629308911144
sample_000876,archive,zstd,0.0,0.7945767839358224,1.7958126086422195,1.3742427931700865,0.0
sample_000876,balanced,zstd,0.0,1.3240836054602452,2.988997461817258,2.290259720837138,0.0
sample_000876,fast_access,zstd,0.0,1.7795592258630444,4.682532687929407,3.0320805052216855,0.0
sample_000877,archive,zstd,0.1254490608887213,0.45880701566917415,0.6890249813155165,0.8808386876858894,0.1254490608887213
sample_000877,balanced,zstd,0.11606739757466045,0.6963949113234953,1.1483749688591942,1.4316404408929548,0.11606739757466045
sample_000877,fast_access,zstd,0.13446970604745206,0.546873411840027,1.7133407985378617,1.826655122700706,0.13446970604745206
sample_000878,archive,zstd,0.0,1.690346677715564,2.448567666848644,1.6204175510796188,0.0
sample_000878,balanced,zstd,0.0,1.5396592618657428,3.347167586180936,2.263758016747966,0.0
sample_000878,fast_access,zstd,0.0,1.599668208709859,4.349598213608689,2.9984070721384,0.0
sample_000879,archive,zstd,0.05055845231810301,0.6214347692960509,1.2629107216960311,1.0762170603569934,0.05055845231810301
sample_000879,balanced,zstd,0.08426408719683835,0.8232508497442601,1.5958288924466966,1.6908741456338774,0.08426408719683835
sample_000879,fast_access,zstd,0.1685281743936767,0.6267296149330344,2.029660961814134,2.1266176448178284,0.1685281743936767
sample_000880,archive,zstd,0.36674569732951384,0.5882829174089624,1.0011649859976495,1.0909066811300336,0.36674569732951384
sample_000880,balanced,zstd,0.2619612123782242,0.7716507476948762,1.668608309996083,1.7930939835358735,0.2619612123782242
sample_000880,fast_access,zstd,0.1571767274269345,0.6834762586530564,2.320843061335282,2.069758738217711,0.1571767274269345
sample_000881,archive,zstd,0.04878573623128563,0.4017510009542188,1.0265768363503827,1.0704942077979211,0.04878573623128563
sample_000881,balanced,zstd,0.03484695445091831,0.6256320713164905,1.6861096122630999,1.7841570129965354,0.03484695445091831
sample_000881,fast_access,zstd,0.020908172670550985,0.7020937449652,2.3019990703513122,2.456557066830618,0.020908172670550985
sample_000882,archive,zstd,0.0,0.6755281730081067,1.5157363009162617,1.1123535805239557,0.0
sample_000882,balanced,zstd,0.0,1.1256864088663656,2.5230179448203423,1.8538724108317521,0.0
sample_000882,fast_access,zstd,0.0,1.2174032480302368,3.5854568577220376,1.9863171523170795,0.0
sample_000883,archive,zstd,0.09743256207227503,0.5950299691381316,0.8058481801353427,0.9896217138328477,0.09743256207227503
sample_000883,balanced,zstd,0.06959468719448217,0.9299674314851893,1.3430803002255711,1.6171162102395242,0.06959468719448217
sample_000883,fast_access,zstd,0.0417568123166893,0.8598633038602492,2.005288451939158,1.9733602626490638,0.0417568123166893
sample_000884,archive,zstd,0.0,2.3613333118823276,2.2116383142389595,1.282189151103693,0.0
sample_000884,balanced,zstd,0.0,1.983626054991043,2.857645359330716,1.6517600928075982,0.0
sample_000884,fast_access,zstd,0.0,1.3300832709115948,2.84677461357857,1.6543293829474157,0.0
sample_000885,archive,zstd,0.12316901349489419,0.7393160467812362,0.9149295234009611,0.9265834725529027,0.12316901349489419
sample_000885,balanced,zstd,0.08797786678206729,1.1104636282047238,1.2853030433500114,1.5443057875881712,0.08797786678206729
sample_000885,fast_access,zstd,0.05278672006924037,1.0002403590915232,1.5942869143083018,1.804745929403292,0.05278672006924037
sample_000886,archive,zstd,0.3796900475233254,0.5577170805906573,0.9993561846760063,1.012158266406032,0.3796900475233254
sample_000886,balanced,zstd,0.2712071768023753,0.7205785456918251,1.6360852893873283,1.6869304440100534,0.2712071768023753
sample_000886,fast_access,zstd,0.16272430608142519,0.5723517779570411,2.260636881948243,1.9054615078916053,0.16272430608142519
sample_000887,archive,zstd,0.058313668216610076,0.7958235017688089,1.2073060540750458,1.056384633237049,0.058313668216610076
sample_000887,balanced,zstd,0.04165262015472149,1.290319776909102,1.983921446443043,1.7606410553950815,0.04165262015472149
sample_000887,fast_access,zstd,0.02499157209283289,1.0738891776940567,2.577208446857808,2.046311099029129,0.02499157209283289
sample_000888,archive,zstd,0.0,0.7065291558039115,1.7300714212950532,1.4588003238286562,0.0
sample_000888,balanced,zstd,0.0,1.1770201538052483,2.864845763928788,2.429303703177898,0.0
sample_000888,fast_access,zstd,0.0,1.585156710005498,4.212362283499267,2.983710272302317,0.0
sample_000889,archive,zstd,0.014045645765157232,0.39264960146872935,0.8463745686816518,1.2166523260302753,0.014045645765157232
sample_000889,balanced,zstd,0.010032604117969452,0.5668683929841237,1.4106242811360863,1.934204881596549,0.010032604117969452
sample_000889,fast_access,zstd,0.0060195624707816715,0.6826470832868963,2.0292547381951045,2.4400500324640526,0.0060195624707816715
sample_000890,archive,zstd,0.0,1.1206668314624455,2.1600988914970034,2.1800774822821394,0.0
sample_000890,balanced,zstd,0.0,1.2808722373386814,2.9174972025770494,2.8881088874534244,0.0
sample_000890,fast_access,zstd,0.0,1.4047362180791345,3.4546553939382703,3.0576869981626924,0.0
sample_000891,archive,zstd,0.0,0.6070681694092278,1.3663746425549008,1.9761160598408296,0.0
sample_000891,balanced,zstd,0.0,0.7555058164084917,1.7094562637671125,2.7168618080769797,0.0
sample_000891,fast_access,zstd,0.0,0.6995567882323694,2.0629255703854397,2.868067488725816,0.0
sample_000892,archive,zstd,0.15771440919186416,0.41227524884780725,0.7692857999870006,1.0094275602675535,0.15771440919186416
sample_000892,balanced,zstd,0.11265314942276013,0.5631763868943563,1.2631337921832229,1.6823792671125894,0.11265314942276013
sample_000892,fast_access,zstd,0.06759188965365608,0.5518885665094329,1.8202740338239238,2.0998149012407556,0.06759188965365608
sample_000893,archive,zstd,0.07010882240114899,0.49159019609680454,1.1242602100703518,1.3102123278726001,0.07010882240114899
sample_000893,balanced,zstd,0.050077730286535,0.7461931098788315,1.8327183910337237,2.1836872131210003,0.050077730286535
sample_000893,fast_access,zstd,0.030046638171921,0.8682413543457144,2.4730445158185854,2.929282584231517,0.030046638171921
sample_000894,archive,zstd,0.0,0.6037798083924234,1.702820225812221,1.3313822560637278,0.0
sample_000894,balanced,zstd,0.0,1.0060149541904881,2.831747267685331,2.2184214202910275,0.0
sample_000894,fast_access,zstd,0.0,1.023059261372192,4.1591669221515835,2.6298363112909695,0.0
sample_000895,archive,zstd,0.23124888291377382,0.9101199247772175,1.0109070060221905,1.120571990735347,0.23124888291377382
sample_000895,balanced,zstd,0.21113495323440418,1.4562309556727735,1.608426582174744,1.867619984558912,0.21113495323440418
sample_000895,fast_access,zstd,0.2392760622658286,1.1558894266948307,2.228188781163047,2.1526406309928423,0.2392760622658286
sample_000896,archive,zstd,0.0,1.4435048904484764,1.8823104921903877,2.48991714327145,0.0
sample_000896,balanced,zstd,0.0,1.3702758535587565,2.5385564248466737,2.8790820251818836,0.0
sample_000896,fast_access,zstd,0.0,1.0825147612443593,2.756135691430045,2.7883006890926962,0.0
sample_000897,archive,zstd,0.0,0.9325320219708089,1.2224775492448112,1.2686261926986382,0.0
sample_000897,balanced,zstd,0.0,1.3335831245041387,1.6469600162395537,2.06571808105181,0.0
sample_000897,fast_access,zstd,0.0,1.2379278709856942,1.9466335571490099,2.304801211023208,0.0
sample_000898,archive,zstd,0.37337945346793805,0.5753355232530144,0.8980059713519775,1.0791593486098532,0.37337945346793805
sample_000898,balanced,zstd,0.2996024603749061,0.7549216110070364,1.4966766189199623,1.7317388651443815,0.2996024603749061
sample_000898,fast_access,zstd,0.26037346057457206,0.5733416496434309,2.1103812783702525,2.006582061430267,0.26037346057457206
sample_000899,archive,zstd,0.08510202100643441,0.5519062303922355,1.085352286046359,1.1569013215576978,0.08510202100643441
sample_000899,balanced,zstd,0.06078715786173887,0.8532091495135179,1.7668764122016511,1.9281688692628298,0.06078715786173887
sample_000899,fast_access,zstd,0.03647229471704332,0.877338598810883,2.433096091375673,2.5503162705495566,0.03647229471704332
sample_000900,archive,zstd,0.0,0.7272763987183226,1.8047904917724746,1.3850111014068183,0.0
sample_000900,balanced,zstd,0.0,1.2119162967644121,3.004018739645416,2.3082069012316913,0.0
sample_000900,fast_access,zstd,0.0,1.5732818393128065,4.68788955854545,3.0661001741975955,0.0
sample_000901,archive,zstd,0.2886421138690691,0.9380828469826633,1.036800562426798,1.0905387180214152,0.2886421138690691
sample_000901,balanced,zstd,0.288157577662493,1.5103498336790084,1.636716944484617,1.8175645300356922,0.288157577662493
sample_000901,fast_access,zstd,0.37375691259973276,1.2003116302493924,2.28196730800467,2.0645017626679594,0.37375691259973276
sample_000902,archive,zstd,0.0,1.9479730342566004,2.303436617867216,1.6586105657750312,0.0
sample_000902,balanced,zstd,0.0,1.7750370912275093,3.173375143037942,2.167236646510772,0.0
sample_000902,fast_access,zstd,0.0,1.8574266480455575,4.191021746792912,2.7421783771706014,0.0
sample_000903,archive,zstd,0.02128705070659905,0.6990368946334609,0.7104397400913272,1.0967761648942387,0.02128705070659905
sample_000903,balanced,zstd,0.03547841784433175,0.8703209001820811,1.0927015604668693,1.8079734590811682,0.03547841784433175
sample_000903,fast_access,zstd,0.0709568356886635,0.6520456315146117,1.484847652524877,2.121105929176472,0.0709568356886635
sample_000904,archive,zstd,0.3639076453061914,0.528435866294667,0.8895295245465153,1.024680666892913,0.3639076453061914
sample_000904,balanced,zstd,0.2599340323615653,0.6740068702651865,1.4825492075775255,1.6873000957813964,0.2599340323615653
sample_000904,fast_access,zstd,0.1559604194169392,0.5308524508207867,2.0429870655368565,1.9838010708677603,0.1559604194169392
sample_000905,archive,zstd,0.04804543439432484,0.5290606555188389,1.09685987340279,1.0389421049778393,0.04804543439432484
sample_000905,balanced,zstd,0.034318167424517744,0.8204985588571335,1.8032886724243902,1.7315701749630659,0.034318167424517744
sample_000905,fast_access,zstd,0.020590900454710646,0.7902287582459833,2.4484245138293024,2.2520256348508814,0.020590900454710646
sample_000906,archive,zstd,0.0,0.6949736224720103,1.5175655069171736,1.1434319269701598,0.0
sample_000906,balanced,zstd,0.0,1.158095491306205,2.526103319665019,1.9056696549087593,0.0
sample_000906,fast_access,zstd,0.0,1.2584481164700003,3.5545547835118088,2.0659049131030356,0.0
sample_000907,archive,zstd,0.09101342426856283,0.7779291746031078,0.8583490292162417,1.004203957897944,0.09101342426856283
sample_000907,balanced,zstd,0.06500958876325917,1.2645943369865087,1.430581715360403,1.6698491054719864,0.06500958876325917
sample_000907,fast_access,zstd,0.0390057532579555,1.080639217807195,2.1049577801574495,1.9716785134715606,0.0390057532579555
sample_000908,archive,zstd,0.0,2.2697764850326103,1.452549088016024,1.4663029909662284,0.0
sample_000908,balanced,zstd,0.0,2.021043103266182,2.2533721945061025,1.8050016976282555,0.0
sample_000908,fast_access,zstd,0.0,1.5501284152068595,2.4817340748617913,1.7970613886413576,0.0
sample_000909,archive,zstd,0.123873081366147,0.7556379022486922,0.902558201090357,0.9586366469404919,0.123873081366147
sample_000909,balanced,zstd,0.08848077240439071,1.1366244340136495,1.2630914348897426,1.59772774490082,0.08848077240439071
sample_000909,fast_access,zstd,0.053088463442634425,1.0941305810462605,1.5746412647634345,1.9134458934148413,0.053088463442634425
sample_000910,archive,zstd,0.5252694538119053,0.6503707307328894,0.9186962280332989,1.095629923676881,0.5252694538119053
sample_000910,balanced,zstd,0.38238456382502145,0.7301475437084926,1.531160380055498,1.664390664795614,0.38238456382502145
sample_000910,fast_access,zstd,0.24705137549548123,0.5310474838398456,2.1008432312491623,1.7609673270258879,0.24705137549548123
sample_000911,archive,zstd,0.04005137525042726,0.5106757341550585,1.0848989625263137,1.0215379790554888,0.04005137525042726
sample_000911,balanced,zstd,0.02860812517887662,0.820518541468023,1.8031544652652318,1.7025632984258148,0.02860812517887662
sample_000911,fast_access,zstd,0.01716487510732597,0.8140205469472217,2.391513239286536,2.1999601294673328,0.01716487510732597
sample_000912,archive,zstd,0.0,0.1857367017590294,1.3569258437779683,1.1442973330673194,0.0
sample_000912,balanced,zstd,0.0,0.3090327303971114,2.243490342250719,1.9051320519090038,0.0
sample_000912,fast_access,zstd,0.0,0.2946141200019667,3.374511241121005,2.3362161763773868,0.0
sample_000913,archive,zstd,0.15693902915006588,0.5723386781436678,0.7542793922194246,1.0519439787978682,0.15693902915006588
sample_000913,balanced,zstd,0.13391028370846958,0.8726331481279159,1.2571323203657077,1.706876226787422,0.13391028370846958
sample_000913,fast_access,zstd,0.1337830642982169,0.6859168211856032,1.7343030956970764,2.0320288464257183,0.1337830642982169
sample_000914,archive,zstd,0.0,1.0550198387053864,1.9783134995089475,2.4670811055235067,0.0
sample_000914,balanced,zstd,0.0,1.0701244624243713,2.656248387745163,3.0491793586070886,0.0
sample_000914,fast_access,zstd,0.0,0.9371731704388555,3.0470880610848736,3.040203423934292,0.0
sample_000915,archive,zstd,0.018944058798643807,0.37210428247212257,1.1869959568747617,1.394509836985069,0.018944058798643807
sample_000915,balanced,zstd,0.031573431331073015,0.5428944026413238,1.5033188962967785,2.1628765128993246,0.031573431331073015
sample_000915,fast_access,zstd,0.06314686266214603,0.422723611891227,1.8337792378125999,2.4974100556937184,0.06314686266214603
sample_000916,archive,gzip,0.30787331207215385,0.30787331207215385,0.7584957175966989,1.2205209909231323,0.39570729706502883
sample_000916,balanced,gzip,0.3418260554548219,0.3418260554548219,1.2641595293278316,1.939618406729644,0.40771503181129204
sample_000916,fast_access,gzip,0.24776642466404236,0.24776642466404236,1.8087053676381577,2.452418377602005,0.5510430771606402
sample_000917,archive,zstd,0.07628972746699798,0.6129992280834561,1.0911650669101218,1.2794975871876249,0.07628972746699798
sample_000917,balanced,zstd,0.05449266247642713,0.9457437172142016,1.7421442030179572,2.132495978646041,0.05449266247642713
sample_000917,fast_access,zstd,0.03269559748585628,0.9472100903117571,2.3242549232210004,2.7464519482483434,0.03269559748585628
sample_000918,archive,zstd,0.0,0.6674927799398738,1.7534485605731438,1.4434735214475656,0.0
sample_000918,balanced,zstd,0.0,1.1122032401029052,2.9159464909962605,2.405240195930757,0.0
sample_000918,fast_access,zstd,0.0,1.3910593275446237,4.4510515200872645,3.1233197033674513,0.0
sample_000919,archive,zstd,0.21802398058847244,0.9159931033800018,0.9804614993431826,1.0752314248354642,0.21802398058847244
sample_000919,balanced,zstd,0.1859629561456845,1.4676554234976258,1.5590991763598394,1.792052374725774,0.1859629561456845
sample_000919,fast_access,zstd,0.18564505021451094,1.1652743764777442,2.128246491786828,2.0425640707963697,0.18564505021451094
sample_000920,archive,zstd,0.0,1.726222485303343,2.2572976484910043,2.3969681182389433,0.0
sample_000920,balanced,zstd,0.0,1.736983183363047,3.070170969583891,2.9624046699864617,0.0
sample_000920,fast_access,zstd,0.0,1.5605605481173455,3.5446411728408913,3.0108009781089446,0.0
sample_000921,archive,zstd,0.0,0.7477860896601628,0.9434008050186549,1.1594811344222198,0.0
sample_000921,balanced,zstd,0.0,0.9540870170997569,1.3705715352280885,1.9013745180176347,0.0
sample_000921,fast_access,zstd,0.0,0.7698090772695237,1.7129169476123418,2.1588198606190803,0.0
sample_000922,archive,zstd,0.33886929353382317,0.6121440887111913,0.8789872686114767,1.1270831996011859,0.33886929353382317
sample_000922,balanced,zstd,0.24204949538130227,0.8135435403512619,1.464978781019128,1.8120831436784544,0.24204949538130227
sample_000922,fast_access,zstd,0.14522969722878135,0.6967382215527229,1.8989048956422037,2.071367179923475,0.14522969722878135
sample_000923,archive,zstd,0.08822893859412548,0.526777404306883,1.059729506922269,1.1231166141379838,0.08822893859412548
sample_000923,balanced,zstd,0.06302067042437534,0.8184435077848615,1.7628945677719017,1.8718610235633064,0.06302067042437534
sample_000923,fast_access,zstd,0.037812402254625205,0.855084047866821,2.2883182240704474,2.4019686361689283,0.037812402254625205
sample_000924,archive,zstd,0.0,0.7892497355790579,1.7724592153611982,1.366810694670696,0.0
sample_000924,balanced,zstd,0.0,1.3152051915323042,2.950065029021036,2.2778728900048204,0.0
sample_000924,fast_access,zstd,0.0,1.8010331017444114,4.611489866299667,3.014143873436998,0.0
sample_000925,archive,zstd,0.1250707704617538,0.7886865132325899,0.823439733969621,0.9990685127010634,0.1250707704617538
sample_000925,balanced,zstd,0.08933626461553842,1.276621805309724,1.3723995566160352,1.6538369703423021,0.08933626461553842
sample_000925,fast_access,zstd,0.053601758769323056,1.072294023831524,1.9992390796466253,2.033038997831158,0.053601758769323056
sample_000926,archive,zstd,0.0,1.8974169341083111,1.956939004064525,1.649557961694163,0.0
sample_000926,balanced,zstd,0.0,1.5683719600081696,2.701042887196868,1.9840077110403431,0.0
sample_000926,fast_access,zstd,0.0,1.26661294557509,3.275304698005538,2.1062414266109837,0.0
sample_000927,archive,zstd,0.0,0.7631864811681632,1.223736861408778,1.0672106297822954,0.0
sample_000927,balanced,zstd,0.0,1.0631734819909706,1.5461620787108052,1.6846515974538874,0.0
sample_000927,fast_access,zstd,0.0,1.047193906437615,1.9510861965506168,2.0999359295711995,0.0
sample_000928,archive,gzip,0.518683147618743,0.518683147618743,0.7923392554062698,1.0651403909400396,0.5258991524467069
sample_000928,balanced,zstd,0.4039479916158716,0.5287887461791763,1.3205654256771164,1.5912776937735755,0.4039479916158716
sample_000928,fast_access,zstd,0.31171785764667104,0.37267852196553175,1.9199650997323592,1.8123735682744786,0.31171785764667104
sample_000929,archive,zstd,0.05596689984411547,0.7380377100033376,1.1665597742547984,1.217695679004371,0.05596689984411547
sample_000929,balanced,zstd,0.039976357031511055,1.1883081702646134,1.9207335904268472,2.029492798340618,0.039976357031511055
sample_000929,fast_access,zstd,0.023985814218906634,1.0195173179589057,2.5818930767715216,2.6423951190022406,0.023985814218906634
sample_000930,archive,zstd,0.0,0.6841749041232588,1.5726286099761375,1.1622934392162072,0.0
sample_000930,balanced,zstd,0.0,1.140097627391619,2.6178106212716727,1.9371055086521713,0.0
sample_000930,fast_access,zstd,0.0,1.23986789768405,3.668880199653752,2.1469437778351628,0.0
sample_000931,archive,zstd,0.09803090345180743,0.5667015607182094,0.7628874846002003,0.9410264838371624,0.09803090345180743
sample_000931,balanced,zstd,0.07002207389414816,0.8827704341811436,1.2714791410003339,1.5360315419019237,0.07002207389414816
sample_000931,fast_access,zstd,0.0420132443364889,0.8116191415644253,1.8735306197816388,1.8495229241108881,0.0420132443364889
sample_000932,archive,zstd,0.0,2.1884543600030724,1.6263602512453164,1.3330801299583515,0.0
sample_000932,balanced,zstd,0.0,1.7405610648991965,2.2797802448940647,1.610939728681149,0.0
sample_000932,fast_access,zstd,0.0,1.12138594251569,2.344113154983611,1.5433721180888673,0.0
sample_000933,archive,zstd,0.12518412991981503,0.7150919456108117,0.9279396364014008,1.0056235501771174,0.12518412991981503
sample_000933,balanced,zstd,0.08941723565701075,1.0663456754513407,1.3070550475939848,1.6760392502951957,0.08941723565701075
sample_000933,fast_access,zstd,0.05365034139420645,0.9551789174517437,1.619444079582904,2.0121299365168253,0.05365034139420645
sample_000934,archive,zstd,0.37898219171813924,0.5722149151176896,1.005276706491097,1.01299554219783,0.37898219171813924
sample_000934,balanced,zstd,0.2707015655129566,0.7466493842102934,1.6483060124785145,1.68832590366305,0.2707015655129566
sample_000934,fast_access,zstd,0.16242093930777396,0.5848049118853565,2.1846463238928227,1.8708045807415161,0.16242093930777396
sample_000935,archive,zstd,0.055074618537457674,0.7681448297992223,1.18736129554306,0.9965351889117866,0.055074618537457674
sample_000935,balanced,zstd,0.03945820986277257,1.2488226262806628,1.9613872820880718,1.6608919815196446,0.03945820986277257
sample_000935,fast_access,zstd,0.023966957640905395,0.9943452875168243,2.5312889676930057,1.8367209173611732,0.023966957640905395
sample_000936,archive,zstd,0.0,0.5626073226619989,1.7281307151044758,1.426023155969393,0.0
sample_000936,balanced,zstd,0.0,0.9371504319020605,2.8616903503267603,2.3746750900791262,0.0
sample_000936,fast_access,zstd,0.0,1.176851486372279,4.2333697026937305,2.922856012133741,0.0
sample_000937,archive,zstd,0.13269573851265098,0.5674162838380425,0.7812363733087322,1.0418990176699128,0.13269573851265098
sample_000937,balanced,zstd,0.09478267036617928,0.8644792185745199,1.3020606221812203,1.6900283054529477,0.09478267036617928
sample_000937,fast_access,zstd,0.05686960221970756,0.7232203293176825,1.8445982898929016,2.013951143942771,0.05686960221970756
sample_000938,archive,zstd,0.0,0.9550494120682014,1.8625091731199581,2.519981720629297,0.0
sample_000938,balanced,zstd,0.0,0.9340856930820667,2.5180156484040594,3.047143459551015,0.0
sample_000938,fast_access,zstd,0.0,0.7904909720820221,2.8441324473980374,3.005575255981616,0.0
sample_000939,archive,zstd,0.0,0.5531332116274196,1.2707779084696902,1.5325094610752708,0.0
sample_000939,balanced,zstd,0.0,0.8732560196149209,1.6872216928795025,2.403261404066795,0.0
sample_000939,fast_access,zstd,0.0,0.8488898081035554,2.056741539151394,2.7524908978149334,0.0
sample_000940,archive,zstd,0.2659804723610055,0.49703555477263717,0.9098892089577844,1.1739833498889245,0.2659804723610055
sample_000940,balanced,zstd,0.18998605168643254,0.6513290679217704,1.5164820149296405,1.8697789840146397,0.18998605168643254
sample_000940,fast_access,zstd,0.11399163101185952,0.6228734801236537,2.0124364415664013,2.0840013408348916,0.11399163101185952
sample_000941,archive,zstd,0.08060929210107103,0.4228514380475611,1.0472437356799764,1.0587746701883256,0.08060929210107103
sample_000941,balanced,zstd,0.05757806578647931,0.6233559203132741,1.6555611545581055,1.7646244503138762,0.05757806578647931
sample_000941,fast_access,zstd,0.03454683947188759,0.6126261604275317,2.1510145370977822,2.1886944705036817,0.03454683947188759
sample_000942,archive,zstd,0.0,0.8314729990565226,1.8958189603012816,1.5293288635650244,0.0
sample_000942,balanced,zstd,0.0,1.3855036052973202,3.1532909299375955,2.5483324327931887,0.0
sample_000942,fast_access,zstd,0.0,1.598599332775665,4.6604709239026505,3.1738404854377515,0.0
sample_000943,archive,zstd,0.07007015798069129,0.6094287918842692,0.7775287028179182,1.018216500047657,0.07007015798069129
sample_000943,balanced,zstd,0.050050112843350925,0.924220488134371,1.295881171363197,1.646609466561935,0.050050112843350925
sample_000943,fast_access,zstd,0.030030067706010553,0.9401378089146246,1.9585157148291485,2.1996443869963676,0.030030067706010553
sample_000944,archive,zstd,0.0,1.4739949895707534,1.9861405538161185,2.640444472637117,0.0
sample_000944,balanced,zstd,0.0,1.4210926854292179,2.736766746211457,3.1299609074579955,0.0
sample_000944,fast_access,zstd,0.0,1.1591546228716414,3.024773609756524,3.1351567681550305,0.0
sample_000945,archive,zstd,0.0,0.6311456633205262,1.5178168564592673,1.5355661351809853,0.0
sample_000945,balanced,zstd,0.0,0.8788062654027938,1.9221928022026469,2.28562512534717,0.0
sample_000945,fast_access,zstd,0.0,0.7047915323418272,2.197851917746414,2.5467923454695356,0.0
sample_000946,archive,zstd,0.4794733264209776,0.5791758973678061,0.8401446987920766,1.191163258729968,0.4794733264209776
sample_000946,balanced,zstd,0.39081477629427486,0.6749735173901743,1.4002411646534614,1.8023462143225348,0.39081477629427486
sample_000946,fast_access,zstd,0.3529067464608274,0.4964308671787141,1.8776548832050026,1.9936982280265907,0.3529067464608274
sample_000947,archive,zstd,0.09744820925437628,0.490854430709314,0.9638647253010554,1.0975908296655543,0.09744820925437628
sample_000947,balanced,zstd,0.06960586375312591,0.7495691475637448,1.5657174007727566,1.8293180494425905,0.06960586375312591
sample_000947,fast_access,zstd,0.04176351825187555,0.732184082535355,2.144047105841551,2.4173923279203944,0.04176351825187555
sample_000948,archive,zstd,0.0,0.6566661981467097,1.7080266717837336,1.3238496490093214,0.0
sample_000948,balanced,zstd,0.0,1.0942326291450573,2.842669873496665,2.2062711472358627,0.0
sample_000948,fast_access,zstd,0.0,1.3858581589874293,4.455190703339152,2.9440798533464667,0.0
sample_000949,archive,zstd,0.2742266736493619,0.9292003694516127,1.0583303496193697,1.0963052169950833,0.2742266736493619
sample_000949,balanced,zstd,0.25646868173204407,1.486427799823032,1.6643844283330391,1.8271753616584725,0.25646868173204407
sample_000949,fast_access,zstd,0.3023328003963512,1.1798063174689772,2.3447167043509296,2.096544933973866,0.3023328003963512
sample_000950,archive,zstd,0.11352944924190797,1.811095678327034,1.6865953824100424,1.9972418619690229,0.11352944924190797
sample_000950,balanced,zstd,0.18921574873651328,1.4352222941626094,2.419134527415325,2.3260181720975224,0.18921574873651328
sample_000950,fast_access,zstd,0.37843149747302657,0.9106872598727203,2.9656439296717467,2.470071220319767,0.37843149747302657
sample_000951,archive,zstd,0.043455647674882324,0.6481312050439061,1.2714683194263734,1.110307760352714,0.043455647674882324
sample_000951,balanced,zstd,0.07242607945813721,0.8679502560189886,1.618077894985614,1.7501592352795337,0.07242607945813721
sample_000951,fast_access,zstd,0.14485215891627443,0.6625199419570625,2.0329341035715043,2.2109481149752197,0.14485215891627443
sample_000952,archive,zstd,0.5670321016373395,0.6278765887245503,0.8630216016234085,1.156917038635044,0.5670321016373395
sample_000952,balanced,zstd,0.477863659900572,0.7140368761836604,1.4383693360390142,1.7473177096336272,0.477863659900572
sample_000952,fast_access,zstd,0.4651779848314004,0.5213658851933398,1.974433497991119,1.9892947238023448,0.4651779848314004
sample_000953,archive,zstd,0.10610520660427025,0.3901271300165196,0.9449423342257792,0.930387096407965,0.10610520660427025
sample_000953,balanced,zstd,0.07578943328876447,0.5991425040442206,1.5626640758811752,1.5506451606799416,0.07578943328876447
sample_000953,fast_access,zstd,0.04547365997325868,0.4983086162004837,2.0851839726215076,2.0620191759163697,0.04547365997325868
sample_000954,archive,zstd,0.0,0.6471064410093064,1.4844938698010153,1.1032462495448532,0.0
sample_000954,balanced,zstd,0.0,1.0783168555350318,2.4708074120986288,1.838693525866581,0.0
sample_000954,fast_access,zstd,0.0,1.1694579808511434,3.509082551300703,2.021280857869262,0.0
sample_000955,archive,zstd,0.12461631895874041,0.7240370730584594,0.7942913407377261,0.9863532203457952,0.12461631895874041
sample_000955,balanced,zstd,0.122334279888524,1.1740935648644704,1.3238189012295436,1.6409601183730302,0.122334279888524
sample_000955,fast_access,zstd,0.15504099548220246,0.9343796183566321,1.9758469043697826,1.9998540768556095,0.15504099548220246
sample_000956,archive,zstd,0.02641822958799298,1.8293105442357502,1.1648887032007536,1.4327931390683826,0.02641822958799298
sample_000956,balanced,zstd,0.018870163991423557,1.502354431541669,1.941481172001256,1.7089421777842557,0.018870163991423557
sample_000956,fast_access,zstd,0.011322098394854133,1.0884598605430575,2.251638421559295,1.7394117049738822,0.011322098394854133
sample_000957,archive,zstd,0.12451629816727522,0.7443811597014063,0.9442685386260841,0.9506898972336946,0.12451629816727522
sample_000957,balanced,zstd,0.08894021297662516,1.1191715723091735,1.335476971762271,1.5844831620561577,0.08894021297662516
sample_000957,fast_access,zstd,0.053364127785975095,0.9760745931812845,1.614771856520706,1.8211647631547414,0.053364127785975095
sample_000958,archive,zstd,0.274208939026096,0.6339485036368229,0.8773843345141243,0.9400916218681857,0.274208939026096
sample_000958,balanced,zstd,0.19586352787578287,0.8616329075216979,1.362860771522917,1.5668193697803097,0.19586352787578287
sample_000958,fast_access,zstd,0.11751811672546972,0.8029826303710405,1.9606764743873555,1.941982862185538,0.11751811672546972
sample_000959,archive,zstd,0.09962735454062643,0.8051473389320287,1.1509306286135026,1.0113293140286337,0.09962735454062643
sample_000959,balanced,zstd,0.07116239610044746,1.2909090890640167,1.8780849964449162,1.6855488567143895,0.07116239610044746
sample_000959,fast_access,zstd,0.04269743766026848,1.1393121086788414,2.47603238462443,2.045579330073146,0.04269743766026848
sample_000960,archive,zstd,0.0,0.38872210151474923,1.5539693073455298,1.3804102786557846,0.0
sample_000960,balanced,zstd,0.0,0.6473417299899777,2.571144539937744,2.298653627889779,0.0
sample_000960,fast_access,zstd,0.0,0.7665779245771491,3.8180103689995635,2.963175337693778,0.0
sample_000961,archive,zstd,0.1489743366212911,0.7498477137155194,0.9717076793560921,1.0946425995091518,0.1489743366212911
sample_000961,balanced,zstd,0.12120176600675654,1.210060902819432,1.5810478432707575,1.824404332515253,0.12120176600675654
sample_000961,fast_access,zstd,0.10896029723334805,0.9620959292495805,2.087761168754206,2.047167532179569,0.10896029723334805
sample_000962,archive,zstd,0.0,0.9979247765349069,2.2019151215195,2.0232320117239735,0.0
sample_000962,balanced,zstd,0.0,1.166319338404501,3.027984704193134,2.8349699102155324,0.0
sample_000962,fast_access,zstd,0.0,1.4174877073136092,3.7319780913266647,3.224518647301716,0.0
sample_000963,archive,zstd,0.0,0.43869857379379457,1.2461173014479705,1.3776293737135257,0.0
sample_000963,balanced,zstd,0.0,0.66092394588444,1.6435973712358654,2.159388718451431,0.0
sample_000963,fast_access,zstd,0.0,0.6021911130491306,2.0193729845505404,2.450941514186753,0.0
sample_000964,archive,zstd,0.14995888823086748,0.448599038837047,0.7452505974221595,1.0108721067575854,0.14995888823086748
sample_000964,balanced,zstd,0.10711349159347677,0.6282315960991404,1.2246064185604142,1.6847868445959757,0.10711349159347677
sample_000964,fast_access,zstd,0.06426809495608606,0.6619708871117496,1.7410806725202168,2.145694430678393,0.06426809495608606
sample_000965,archive,zstd,0.044289578241795816,0.5459664509739452,1.2959027265742922,1.2686477098937265,0.044289578241795816
sample_000965,balanced,zstd,0.031635413029854155,0.8565822798408846,2.0444381908628504,2.1144128498228776,0.031635413029854155
sample_000965,fast_access,zstd,0.01898124781791249,0.9400721941517223,2.6810307858142726,2.6482445594323485,0.01898124781791249
sample_000966,archive,zstd,0.0,0.8049218944661417,1.8190664028599652,1.5937815117513316,0.0
sample_000966,balanced,zstd,0.0,1.341251764313352,3.0254908960982383,2.6557535131037007,0.0
sample_000966,fast_access,zstd,0.0,1.5372274550959528,4.48187471378878,3.411109845632981,0.0
sample_000967,archive,zstd,0.12347023380630257,0.8367670158603256,0.8581489126354707,1.010595133663709,0.12347023380630257
sample_000967,balanced,zstd,0.08819302414735898,1.3301547479978462,1.4302481877257844,1.6624270421221492,0.08819302414735898
sample_000967,fast_access,zstd,0.05291581448841539,1.220815098117222,2.0503718397046855,2.0173071473801993,0.05291581448841539
sample_000968,archive,zstd,0.0,1.5531810118197047,2.3431548755735783,2.218638498875583,0.0
sample_000968,balanced,zstd,0.0,1.5498719410018083,3.190166924446065,2.8849039804881556,0.0
sample_000968,fast_access,zstd,0.0,1.4787861291685729,3.795166087634417,3.161850550975257,0.0
sample_000969,archive,zstd,0.0,0.779454284581061,1.5327983313360711,1.3564666669667031,0.0
sample_000969,balanced,zstd,0.0,1.042340191721074,1.8755346464728038,2.0513286530120003,0.0
sample_000969,fast_access,zstd,0.0,0.888862884392154,2.2605792931300526,2.4347046631971887,0.0
sample_000970,archive,zstd,0.33612113519696846,0.5575782471670901,0.8753177597750312,1.1012690619006698,0.33612113519696846
sample_000970,balanced,zstd,0.24008652514069176,0.7236015935377503,1.4588629329583855,1.7685975396195608,0.24008652514069176
sample_000970,fast_access,zstd,0.14405191508441506,0.5513146562060061,1.934853759019263,2.0222085394810736,0.14405191508441506
sample_000971,archive,zstd,0.07923489032630297,0.49630810560492733,1.2265446290711666,1.1845500086706384,0.07923489032630297
sample_000971,balanced,zstd,0.05659635023307356,0.7547555867213547,1.9941896700895207,1.9742500144510642,0.05659635023307356
sample_000971,fast_access,zstd,0.033957810139844134,0.7851115903280665,2.603285100883197,2.5285584472782836,0.033957810139844134
sample_000972,archive,zstd,0.0,0.634496728977092,1.7103134908513202,1.3514052720538756,0.0
sample_000972,balanced,zstd,0.0,1.057283513862361,2.8464332156087995,2.2521971856434533,0.0
sample_000972,fast_access,zstd,0.0,1.3592085411580985,4.472502352389325,3.0390490631441045,0.0
sample_000973,archive,zstd,0.0765197210535277,0.4286135037794685,0.7067158889287701,0.9073833410070236,0.0765197210535277
sample_000973,balanced,zstd,0.05465694360966264,0.6344756563287643,1.1778598148812836,1.4650380442529234,0.05465694360966264
sample_000973,fast_access,zstd,0.032794166165797584,0.712411895975666,1.7961771387521352,1.9385512174124098,0.032794166165797584
sample_000974,archive,zstd,0.09704126681087906,1.558009665290748,1.5252633714455865,1.9962839650220103,0.09704126681087906
sample_000974,balanced,zstd,0.16173544468479845,1.1921224315726136,2.259562787891737,2.2691632373153228,0.16173544468479845
sample_000974,fast_access,zstd,0.3234708893695969,0.7430138936712958,2.7994037544138353,2.3653014397737495,0.3234708893695969
sample_000975,archive,zstd,0.0,0.602222548439084,1.484326252025709,1.2009230388515115,0.0
sample_000975,balanced,zstd,0.0,0.6934336340670691,1.7500870505984154,1.7557302012894294,0.0
sample_000975,fast_access,zstd,0.0,0.5274336734270199,2.0861935649438488,2.13991008599369,0.0
sample_000976,archive,zstd,0.3752817927291309,0.514320807165095,0.860811309748388,0.9883485611437968,0.3752817927291309
sample_000976,balanced,zstd,0.27861850923093096,0.6502490551080468,1.4346855162473133,1.6272812662027523,0.27861850923093096
sample_000976,fast_access,zstd,0.19304331587836016,0.4891564005613707,1.956422208781401,1.8888880980327194,0.19304331587836016
sample_000977,archive,zstd,0.11487247595915498,0.741194847785269,1.0701160406950077,1.1037612947284356,0.11487247595915498
sample_000977,balanced,zstd,0.08205176854225356,1.1758098368736254,1.7505141028263629,1.839602157880726,0.08205176854225356
sample_000977,fast_access,zstd,0.04923106112535213,1.0536453947395996,2.3429001969060335,2.4126010538270988,0.04923106112535213
sample_000978,archive,zstd,0.0,0.6770135402500037,1.523608246609202,1.095213916024384,0.0
sample_000978,balanced,zstd,0.0,1.1281620209361938,2.536449853219427,1.8253063033324657,0.0
sample_000978,fast_access,zstd,0.0,1.2539751697761814,3.6211978323790723,1.9808717989317635,0.0
sample_000979,archive,zstd,0.25186518900360527,0.9357958549938031,1.0835118570840696,1.0718538873881898,0.25186518900360527
sample_000979,balanced,zstd,0.2049193894415695,1.4963385239464948,1.698010728702796,1.786423145646983,0.2049193894415695
sample_000979,fast_access,zstd,0.18424005704047774,1.1875726340007193,2.399794533535232,1.9643201689096785,0.18424005704047774
sample_000980,archive,zstd,0.0,2.3171168371641673,1.748893741597686,1.45547488628222,0.0
sample_000980,balanced,zstd,0.0,1.9556349628413214,2.4898507195299056,1.8149309892209302,0.0
sample_000980,fast_access,zstd,0.0,1.4641559422910975,2.7003758688580635,1.8778454399191826,0.0
sample_000981,archive,zstd,0.12208960200494685,0.7275756642656646,0.94333712814937,0.9539835376649497,0.12208960200494685
sample_000981,balanced,zstd,0.08720685857496205,1.090533962642434,1.3323787403423788,1.5899725627749162,0.08720685857496205
sample_000981,fast_access,zstd,0.05232411514497723,0.9706245508685556,1.6531712522170725,1.8584347778301429,0.05232411514497723
sample_000982,archive,zstd,0.27338586659659625,0.5843964793671989,0.8302127038997681,0.8956375433573047,0.27338586659659625
sample_000982,balanced,zstd,0.19527561899756876,0.7797142808182369,1.2863933465300983,1.4927292389288414,0.19527561899756876
sample_000982,fast_access,zstd,0.11716537139854125,0.6653434647641122,1.843977681008825,1.8420797941329472,0.11716537139854125
sample_000983,archive,zstd,0.04531678939653901,0.6969742461774604,1.107343442309146,0.9949374984509114,0.04531678939653901
sample_000983,balanced,zstd,0.03236913528324215,1.1286210411515272,1.8397470186859044,1.6582291640848523,0.03236913528324215
sample_000983,fast_access,zstd,0.01942148116994529,0.9876077937850465,2.4191930454452297,1.9836550057174245,0.01942148116994529
sample_000984,archive,zstd,0.0,0.5743500468125753,1.6946574473438991,1.433718672301823,0.0
sample_000984,balanced,zstd,0.0,0.9567216388196877,2.806376348193937,2.387500950633176,0.0
sample_000984,fast_access,zstd,0.0,1.1753609277543964,4.12460439975884,2.9435915801088495,0.0
sample_000985,archive,zstd,0.09427178126646751,0.37579426119722076,0.6758736461975889,1.0187234719768188,0.09427178126646751
sample_000985,balanced,zstd,0.06733698661890537,0.517926146090412,1.1264560769959815,1.6136223396792877,0.06733698661890537
sample_000985,fast_access,zstd,0.040402191971343225,0.4357391290623126,1.5918786547484078,1.9809563778549655,0.040402191971343225
sample_000986,archive,zstd,0.0,1.0406268288490343,2.0834572265068902,2.189237188753067,0.0
sample_000986,balanced,zstd,0.0,1.1314071985969558,2.799217517588165,2.9033750649049708,0.0
sample_000986,fast_access,zstd,0.0,1.1682766303573433,3.2899975255832246,3.1272994572276875,0.0
sample_000987,archive,zstd,0.0,0.6615818866047826,1.288859835445485,1.2138375839199547,0.0
sample_000987,balanced,zstd,0.0,0.8533374307081041,1.74976514316266,1.9547112939533915,0.0
sample_000987,fast_access,zstd,0.0,0.7204831384462355,2.0979815703705555,2.155856787577119,0.0
sample_000988,archive,zstd,0.3186767551098084,0.5189679440294193,0.8657426429651602,1.2739123430720432,0.3186767551098084
sample_000988,balanced,zstd,0.22762625364986316,0.6245019299101856,1.4429044049419337,1.9479847529009642,0.22762625364986316
sample_000988,fast_access,zstd,0.13657575218991788,0.4867348084282726,1.8632332264652542,2.144806176648718,0.13657575218991788
sample_000989,archive,zstd,0.05446945293786217,0.594182236236163,1.2673715980231572,1.3045974700212937,0.05446945293786217
sample_000989,balanced,zstd,0.03890675209847298,0.9457720731112611,2.034414062373144,2.174329116702156,0.03890675209847298
sample_000989,fast_access,zstd,0.02334405125908379,1.0548207109988996,2.6821896652712205,2.7617749038590302,0.02334405125908379
sample_000990,archive,zstd,0.0,0.8039490401721652,1.8828448608288058,1.5646242410122742,0.0
sample_000990,balanced,zstd,0.0,1.3396303404900576,3.131748025200479,2.607158061871938,0.0
sample_000990,fast_access,zstd,0.0,1.5866223778196538,4.633498213277017,3.30868417429663,0.0
sample_000991,archive,zstd,0.0,0.8913205631826451,1.2041820322040029,1.4012257257504155,0.0
sample_000991,balanced,zstd,0.0,1.3833854722592756,1.9933395203606699,2.2579722256435835,0.0
sample_000991,fast_access,zstd,0.0,1.647247093186309,2.7918596982377966,2.863911000497218,0.0
sample_000992,archive,zstd,0.0,1.5344663656581563,2.358860376578251,2.195872455197365,0.0
sample_000992,balanced,zstd,0.0,1.529565459590847,3.211971159089747,2.846960574357792,0.0
sample_000992,fast_access,zstd,0.0,1.388420257098474,3.7621121996974063,3.039211696862904,0.0
sample_000993,archive,zstd,0.0,0.7819523479517603,1.267238152363143,1.3027765788937442,0.0
sample_000993,balanced,zstd,0.0,1.0901324009620648,1.7311220089306185,2.120479992894013,0.0
sample_000993,fast_access,zstd,0.0,0.8720717584870357,2.0745839934837,2.4559805937940644,0.0
sample_000994,archive,zstd,0.3356461979907743,0.5507302639150875,0.9065631413319892,1.1677234774868144,0.3356461979907743
sample_000994,balanced,zstd,0.23974728427912448,0.7117136111031845,1.5109385688866488,1.8793312483461257,0.23974728427912448
sample_000994,fast_access,zstd,0.14384837056747468,0.5572769680528082,2.0610217758114935,2.2360685163530527,0.14384837056747468
sample_000995,archive,zstd,0.0906383938985791,0.5301639540485241,1.1195965611141492,1.1581483012621183,0.0906383938985791
sample_000995,balanced,zstd,0.0647417099275565,0.8088173820847535,1.8479639450244907,1.9302471687701972,0.0647417099275565
sample_000995,fast_access,zstd,0.0388450259565339,0.9324985145840272,2.459841325407207,2.4936187690606726,0.0388450259565339
sample_000996,archive,zstd,0.0,0.6838979534259311,1.737907546853498,1.3569481199560425,0.0
sample_000996,balanced,zstd,0.0,1.1396188879437597,2.892537053237496,2.261435265480398,0.0
sample_000996,fast_access,zstd,0.0,1.5139038678065129,4.589310125844094,3.0765154576772002,0.0
sample_000997,archive,zstd,0.23420630419329186,0.9326833672004814,1.043337323281515,1.1135523096788353,0.23420630419329186
sample_000997,balanced,zstd,0.19775725832356172,1.500496131984681,1.6475203245429095,1.8559205161313925,0.19775725832356172
sample_000997,fast_access,zstd,0.19329860554860248,1.1923004835853266,2.2990494688645895,2.1398485024274594,0.19329860554860248
sample_000998,archive,zstd,0.01995347001020745,1.5619445714068405,1.4772229750400363,1.9981417232325684,0.01995347001020745
sample_000998,balanced,zstd,0.03325578335034575,1.2009366737555944,2.2298338288879167,2.2722595009995863,0.03325578335034575
sample_000998,fast_access,zstd,0.0665115667006915,0.7504036972161046,2.7243235815871154,2.33133697517773,0.0665115667006915
sample_000999,archive,zstd,0.0,0.7550746690437079,0.9061678592411405,1.0673374354644745,0.0
sample_000999,balanced,zstd,0.0,1.0387114813567628,1.2882686782884187,1.7559104725548225,0.0
sample_000999,fast_access,zstd,0.0,0.8419882822855602,1.6730183958212197,2.0175891472458067,0.0
sample_001000,archive,zstd,0.3138165861099603,0.5371293076321172,0.7696590130371785,0.872222505065155,0.3138165861099603
sample_001000,balanced,zstd,0.26471060247417505,0.7117166373098343,1.1932775590966076,1.4537041751085917,0.26471060247417505
sample_001000,fast_access,zstd,0.2581883118538033,0.5418484785363132,1.6830099702604755,1.8335098535926688,0.2581883118538033
sample_001001,archive,zstd,0.10538379423805896,0.5963661886037054,1.0125357198279241,1.0199693516607065,0.10538379423805896
sample_001001,balanced,zstd,0.0752741387414707,0.9372581757751045,1.6546619387055648,1.699948919434511,0.0752741387414707
sample_001001,fast_access,zstd,0.04516448324488242,0.7669571553468245,2.1648088908818064,2.1816346276122087,0.04516448324488242
sample_001002,archive,zstd,0.0,0.6430455246495672,1.5089341607345053,1.0684529743889906,0.0
sample_001002,balanced,zstd,0.0,1.071548661602133,2.511700026080624,1.7807047339401438,0.0
sample_001002,fast_access,zstd,0.0,1.1812667456941566,3.588916133525047,1.918947726576792,0.0
sample_001003,archive,zstd,0.0981528930015676,0.5739300327703167,0.8125367258717686,0.9700412796493867,0.0981528930015676
sample_001003,balanced,zstd,0.070109209286834,0.8949518578192293,1.3542278764529478,1.5837490434593506,0.070109209286834
sample_001003,fast_access,zstd,0.0420655255721004,0.8287818737044054,2.0390395865539235,1.924215893704091,0.0420655255721004
sample_001004,archive,zstd,0.0,2.4039861570298786,2.000126250968004,1.39317391889523,0.0
sample_001004,balanced,zstd,0.0,2.0421604654182675,2.7265592436075163,1.7612449910676715,0.0
sample_001004,fast_access,zstd,0.0,1.546002978608661,2.862763200298738,1.7893624337648923,0.0
sample_001005,archive,zstd,0.12533810874694412,0.7223370092952845,0.9028300599124777,0.9101661981661239,0.12533810874694412
sample_001005,balanced,zstd,0.08952722053353152,1.0810158692350913,1.2665379650077042,1.5169436636102065,0.08952722053353152
sample_001005,fast_access,zstd,0.05371633232011891,1.025709313005031,1.5944586882563794,1.805879709953751,0.05371633232011891
sample_001006,archive,zstd,0.37274263614558995,0.542742892000447,0.9738562898848953,0.9602285183066057,0.37274263614558995
sample_001006,balanced,zstd,0.26624474010399285,0.7003891490014066,1.5993931724196981,1.600380863844343,0.26624474010399285
sample_001006,fast_access,zstd,0.1597468440623957,0.5355273106390959,2.163868273732775,1.7364601457751025,0.1597468440623957
sample_001007,archive,zstd,0.043091755118956285,0.43348315262038245,1.0215483799420695,0.9634923942842692,0.043091755118956285
sample_001007,balanced,zstd,0.03077982508496878,0.6930002437087649,1.7025806332367825,1.6018893315121292,0.03077982508496878
sample_001007,fast_access,zstd,0.018467895050981266,0.5606931821801886,2.250954849624489,1.9953620969185328,0.018467895050981266
